2026-09-17 12:06:49 [restartedMain] INFO  com.patientmanagement.BackendApplication - Starting BackendApplication using Java 25.0.3 with PID 24704 (C:\Users\Vishal\Desktop\PatientDoctorManagement\backend\target\classes started by Vishal in C:\Users\Vishal\Desktop\PatientDoctorManagement\backend)
2026-09-17 12:06:49 [restartedMain] INFO  com.patientmanagement.BackendApplication - No active profile set, falling back to 1 default profile: "default"
2026-09-17 12:06:49 [restartedMain] INFO  org.springframework.boot.devtools.env.DevToolsPropertyDefaultsPostProcessor - Devtools property defaults active! Set 'spring.devtools.add-properties' to 'false' to disable
2026-09-17 12:06:49 [restartedMain] INFO  org.springframework.boot.devtools.env.DevToolsPropertyDefaultsPostProcessor - For additional web related logging consider setting the 'logging.level.web' property to 'DEBUG'
2026-09-17 12:06:49 [background-preinit] INFO  org.hibernate.validator.internal.util.Version - HV000001: Hibernate Validator 9.1.3.Final
2026-09-17 12:06:51 [restartedMain] INFO  org.springframework.data.repository.config.RepositoryConfigurationDelegate - Bootstrapping Spring Data JPA repositories in DEFAULT mode.
2026-09-17 12:06:51 [restartedMain] INFO  org.springframework.data.repository.config.RepositoryConfigurationDelegate - Finished Spring Data repository scanning in 94 ms. Found 5 JPA repository interfaces.
2026-09-17 12:06:52 [restartedMain] INFO  org.springframework.boot.tomcat.TomcatWebServer - Tomcat initialized with port 8080 (http)
2026-09-17 12:06:52 [restartedMain] INFO  org.apache.coyote.http11.Http11NioProtocol - Initializing ProtocolHandler ["http-nio-8080"]
2026-09-17 12:06:52 [restartedMain] INFO  org.apache.catalina.core.StandardService - Starting service [Tomcat]
2026-09-17 12:06:52 [restartedMain] INFO  org.apache.catalina.core.StandardEngine - Starting Servlet engine: [Apache Tomcat/11.0.24]
2026-09-17 12:06:52 [restartedMain] INFO  org.springframework.boot.web.context.servlet.WebApplicationContextInitializer - Root WebApplicationContext: initialization completed in 2485 ms
2026-09-17 12:06:52 [restartedMain] INFO  org.hibernate.orm.jpa - HHH008540: Processing PersistenceUnitInfo [name: default]
2026-09-17 12:06:52 [restartedMain] INFO  org.hibernate.orm.core - HHH000001: Hibernate ORM core version 7.4.5.Final
2026-09-17 12:06:52 [restartedMain] INFO  org.springframework.orm.jpa.persistenceunit.SpringPersistenceUnitInfo - No LoadTimeWeaver setup: ignoring JPA class transformer
2026-09-17 12:06:52 [restartedMain] INFO  com.zaxxer.hikari.HikariDataSource - HikariPool-1 - Starting...
2026-09-17 12:06:53 [restartedMain] INFO  com.zaxxer.hikari.pool.HikariPool - HikariPool-1 - Added connection ConnectionID:1 ClientConnectionId: a038e431-ddd5-438f-8f70-9bc7380eca95
2026-09-17 12:06:53 [restartedMain] INFO  com.zaxxer.hikari.HikariDataSource - HikariPool-1 - Start completed.
2026-09-17 12:06:53 [restartedMain] WARN  org.hibernate.orm.deprecation - HHH90000025: SQLServerDialect does not need to be specified explicitly using 'hibernate.dialect' (remove the property setting and it will be selected by default)
2026-09-17 12:06:53 [restartedMain] INFO  org.hibernate.orm.connections.pooling - HHH10001005: Database info:
	Database JDBC URL [jdbc:sqlserver://localhost:1433;concatNullYieldsNull=ON;quotedIdentifier=ON;connectRetryInterval=10;connectRetryCount=1;maxResultBuffer=-1;sendTemporalDataTypesAsStringForBulkCopy=true;delayLoadingLobs=true;useFmtOnly=false;vectorTypeSupport=v1;cacheBulkCopyMetadata=false;bulkCopyForBatchInsertAllowEncryptedValueModifications=false;bulkCopyForBatchInsertTableLock=false;bulkCopyForBatchInsertKeepNulls=false;bulkCopyForBatchInsertKeepIdentity=false;bulkCopyForBatchInsertFireTriggers=false;bulkCopyForBatchInsertCheckConstraints=false;bulkCopyForBatchInsertBatchSize=0;useBulkCopyForBatchInsert=false;cancelQueryTimeout=-1;sslProtocol=TLS;calcBigDecimalPrecision=false;useDefaultJaasConfig=false;jaasConfigurationName=SQLJDBCDriver;statementPoolingCacheSize=0;serverPreparedStatementDiscardThreshold=10;enablePrepareOnFirstPreparedStatementCall=false;fips=false;socketTimeout=0;authentication=NotSpecified;authenticationScheme=nativeAuthentication;xopenStates=false;datetimeParameterType=datetime2;sendTimeAsDatetime=false;replication=false;trustStoreType=JKS;trustServerCertificate=true;TransparentNetworkIPResolution=true;iPAddressPreference=IPv4First;serverNameAsACE=false;sendStringParametersAsUnicode=true;selectMethod=direct;responseBuffering=adaptive;queryTimeout=-1;packetSize=8000;multiSubnetFailover=false;loginTimeout=30;lockTimeout=-1;lastUpdateCount=true;useDefaultGSSCredential=false;prepareMethod=prepexec;encrypt=true;disableStatementPooling=true;databaseName=PatientManagementDB;columnEncryptionSetting=Disabled;applicationName=Microsoft JDBC Driver for SQL Server;applicationIntent=readwrite;]
	Database driver: Microsoft JDBC Driver 13.4 for SQL Server
	Database dialect: SQLServerDialect
	Database version: 17.0
	Default catalog/schema: PatientManagementDB/dbo
	Autocommit mode: undefined/unknown
	Isolation level: READ_COMMITTED [default READ_COMMITTED]
	JDBC fetch size: 128
	Pool: DataSourceConnectionProvider
	Minimum pool size: undefined/unknown
	Maximum pool size: undefined/unknown
2026-09-17 12:06:54 [restartedMain] INFO  org.hibernate.orm.core - HHH000489: No JTA platform available (set 'hibernate.transaction.jta.platform' to enable JTA platform integration)
2026-09-17 12:06:55 [restartedMain] ERROR org.springframework.orm.jpa.LocalContainerEntityManagerFactoryBean - Failed to initialize JPA EntityManagerFactory: Unable to build Hibernate SessionFactory  [persistence unit: default] ; nested exception is org.hibernate.tool.schema.spi.SchemaManagementException: Schema validation: missing table [patient_files]
2026-09-17 12:06:55 [restartedMain] ERROR org.springframework.boot.tomcat.servlet.DeferredServletContainerInitializers - Error starting Tomcat context. Exception: org.springframework.beans.factory.UnsatisfiedDependencyException. Message: Error creating bean with name 'jwtAuthenticationFilter' defined in file [C:\Users\Vishal\Desktop\PatientDoctorManagement\backend\target\classes\com\patientmanagement\security\JwtAuthenticationFilter.class]: Unsatisfied dependency expressed through constructor parameter 1: Error creating bean with name 'customUserDetailsService' defined in file [C:\Users\Vishal\Desktop\PatientDoctorManagement\backend\target\classes\com\patientmanagement\security\CustomUserDetailsService.class]: Unsatisfied dependency expressed through constructor parameter 0: Error creating bean with name 'userRepository' defined in com.patientmanagement.repository.UserRepository defined in @EnableJpaRepositories declared on DataJpaRepositoriesRegistrar.EnableJpaRepositoriesConfiguration: Cannot resolve reference to bean 'jpaSharedEM_entityManagerFactory' while setting bean property 'entityManager'
2026-09-17 12:06:55 [restartedMain] INFO  org.apache.catalina.core.StandardService - Stopping service [Tomcat]
2026-09-17 12:06:55 [restartedMain] WARN  org.apache.catalina.loader.WebappClassLoaderBase - The web application [ROOT] appears to have started a thread named [mssql-jdbc-shared-timer-core-0] but has failed to stop it. This is very likely to create a memory leak. Stack trace of thread:
 java.base/jdk.internal.misc.Unsafe.park(Native Method)
 java.base/java.util.concurrent.locks.LockSupport.parkNanos(LockSupport.java:271)
 java.base/java.util.concurrent.locks.AbstractQueuedSynchronizer$ConditionObject.awaitNanos(AbstractQueuedSynchronizer.java:1803)
 java.base/java.util.concurrent.ScheduledThreadPoolExecutor$DelayedWorkQueue.take(ScheduledThreadPoolExecutor.java:1166)
 java.base/java.util.concurrent.ScheduledThreadPoolExecutor$DelayedWorkQueue.take(ScheduledThreadPoolExecutor.java:883)
 java.base/java.util.concurrent.ThreadPoolExecutor.getTask(ThreadPoolExecutor.java:1016)
 java.base/java.util.concurrent.ThreadPoolExecutor.runWorker(ThreadPoolExecutor.java:1076)
 java.base/java.util.concurrent.ThreadPoolExecutor$Worker.run(ThreadPoolExecutor.java:614)
 java.base/java.lang.Thread.run(Thread.java:1474)
2026-09-17 12:06:55 [restartedMain] WARN  org.apache.catalina.loader.WebappClassLoaderBase - The web application [ROOT] appears to have started a thread named [HikariPool-1:housekeeper] but has failed to stop it. This is very likely to create a memory leak. Stack trace of thread:
 java.base/jdk.internal.misc.Unsafe.park(Native Method)
 java.base/java.util.concurrent.locks.LockSupport.parkNanos(LockSupport.java:271)
 java.base/java.util.concurrent.locks.AbstractQueuedSynchronizer$ConditionObject.awaitNanos(AbstractQueuedSynchronizer.java:1803)
 java.base/java.util.concurrent.ScheduledThreadPoolExecutor$DelayedWorkQueue.take(ScheduledThreadPoolExecutor.java:1166)
 java.base/java.util.concurrent.ScheduledThreadPoolExecutor$DelayedWorkQueue.take(ScheduledThreadPoolExecutor.java:883)
 java.base/java.util.concurrent.ThreadPoolExecutor.getTask(ThreadPoolExecutor.java:1016)
 java.base/java.util.concurrent.ThreadPoolExecutor.runWorker(ThreadPoolExecutor.java:1076)
 java.base/java.util.concurrent.ThreadPoolExecutor$Worker.run(ThreadPoolExecutor.java:614)
 java.base/java.lang.Thread.run(Thread.java:1474)
2026-09-17 12:06:55 [restartedMain] WARN  org.apache.catalina.loader.WebappClassLoaderBase - The web application [ROOT] appears to have started a thread named [HikariPool-1:connection-adder] but has failed to stop it. This is very likely to create a memory leak. Stack trace of thread:
 java.base/sun.nio.ch.Net.poll(Native Method)
 java.base/sun.nio.ch.NioSocketImpl.park(NioSocketImpl.java:190)
 java.base/sun.nio.ch.NioSocketImpl.park(NioSocketImpl.java:200)
 java.base/sun.nio.ch.NioSocketImpl.implRead(NioSocketImpl.java:307)
 java.base/sun.nio.ch.NioSocketImpl.read(NioSocketImpl.java:354)
 java.base/sun.nio.ch.NioSocketImpl$1.read(NioSocketImpl.java:798)
 java.base/java.net.Socket$SocketInputStream.implRead(Socket.java:974)
 java.base/java.net.Socket$SocketInputStream.read(Socket.java:964)
 com.microsoft.sqlserver.jdbc.TDSChannel$ProxyInputStream.readInternal(IOBuffer.java:1228)
 com.microsoft.sqlserver.jdbc.TDSChannel$ProxyInputStream.read(IOBuffer.java:1214)
 com.microsoft.sqlserver.jdbc.TDSChannel$ProxyInputStream.readInternal(IOBuffer.java:1228)
 com.microsoft.sqlserver.jdbc.TDSChannel$ProxyInputStream.read(IOBuffer.java:1214)
 java.base/sun.security.ssl.SSLSocketInputRecord.read(SSLSocketInputRecord.java:489)
 java.base/sun.security.ssl.SSLSocketInputRecord.readHeader(SSLSocketInputRecord.java:483)
 java.base/sun.security.ssl.SSLSocketInputRecord.bytesInCompletePacket(SSLSocketInputRecord.java:70)
 java.base/sun.security.ssl.SSLSocketImpl.readApplicationRecord(SSLSocketImpl.java:1461)
 java.base/sun.security.ssl.SSLSocketImpl$AppInputStream.read(SSLSocketImpl.java:1068)
 com.microsoft.sqlserver.jdbc.TDSChannel$ProxyInputStream.readInternal(IOBuffer.java:1228)
 com.microsoft.sqlserver.jdbc.TDSChannel$ProxyInputStream.read(IOBuffer.java:1214)
 com.microsoft.sqlserver.jdbc.TDSChannel.read(IOBuffer.java:2191)
 com.microsoft.sqlserver.jdbc.TDSReader.readPacket(IOBuffer.java:6982)
 com.microsoft.sqlserver.jdbc.TDSCommand.startResponse(IOBuffer.java:8234)
 com.microsoft.sqlserver.jdbc.TDSCommand.startResponse(IOBuffer.java:8197)
 com.microsoft.sqlserver.jdbc.SQLServerConnection.sendLogon(SQLServerConnection.java:7721)
 com.microsoft.sqlserver.jdbc.SQLServerConnection.logon(SQLServerConnection.java:6147)
 com.microsoft.sqlserver.jdbc.SQLServerConnection$LogonCommand.doExecute(SQLServerConnection.java:6079)
 com.microsoft.sqlserver.jdbc.TDSCommand.execute(IOBuffer.java:7832)
 com.microsoft.sqlserver.jdbc.SQLServerConnection.executeCommand(SQLServerConnection.java:5024)
 com.microsoft.sqlserver.jdbc.SQLServerConnection.connectHelper(SQLServerConnection.java:4412)
 com.microsoft.sqlserver.jdbc.SQLServerConnection.login(SQLServerConnection.java:3937)
 com.microsoft.sqlserver.jdbc.SQLServerConnection.connectInternal(SQLServerConnection.java:3700)
 com.microsoft.sqlserver.jdbc.SQLServerConnection.connect(SQLServerConnection.java:2385)
 com.microsoft.sqlserver.jdbc.SQLServerDriver.connect(SQLServerDriver.java:1453)
 com.zaxxer.hikari.util.DriverDataSource.getConnection(DriverDataSource.java:144)
 com.zaxxer.hikari.pool.PoolBase.newConnection(PoolBase.java:373)
 com.zaxxer.hikari.pool.PoolBase.newPoolEntry(PoolBase.java:210)
 com.zaxxer.hikari.pool.HikariPool.createPoolEntry(HikariPool.java:488)
 com.zaxxer.hikari.pool.HikariPool$PoolEntryCreator.call(HikariPool.java:752)
 com.zaxxer.hikari.pool.HikariPool$PoolEntryCreator.call(HikariPool.java:731)
 java.base/java.util.concurrent.FutureTask.run(FutureTask.java:328)
 java.base/java.util.concurrent.ThreadPoolExecutor.runWorker(ThreadPoolExecutor.java:1090)
 java.base/java.util.concurrent.ThreadPoolExecutor$Worker.run(ThreadPoolExecutor.java:614)
 java.base/java.lang.Thread.run(Thread.java:1474)
2026-09-17 12:06:55 [restartedMain] WARN  org.springframework.boot.web.server.servlet.context.AnnotationConfigServletWebServerApplicationContext - Exception encountered during context initialization - cancelling refresh attempt: org.springframework.context.ApplicationContextException: Unable to start web server
2026-09-17 12:06:55 [restartedMain] INFO  com.zaxxer.hikari.HikariDataSource - HikariPool-1 - Shutdown initiated...
2026-09-17 12:06:55 [restartedMain] INFO  com.zaxxer.hikari.HikariDataSource - HikariPool-1 - Shutdown completed.
2026-09-17 12:06:55 [restartedMain] INFO  org.springframework.boot.autoconfigure.logging.ConditionEvaluationReportLogger - 

Error starting ApplicationContext. To display the condition evaluation report re-run your application with 'debug' enabled.
2026-09-17 12:06:55 [restartedMain] ERROR org.springframework.boot.SpringApplication - Application run failed
org.springframework.context.ApplicationContextException: Unable to start web server
	at org.springframework.boot.web.server.servlet.context.ServletWebServerApplicationContext.onRefresh(ServletWebServerApplicationContext.java:167)
	at org.springframework.context.support.AbstractApplicationContext.refresh(AbstractApplicationContext.java:615)
	at org.springframework.boot.web.server.servlet.context.ServletWebServerApplicationContext.refresh(ServletWebServerApplicationContext.java:143)
	at org.springframework.boot.SpringApplication.refresh(SpringApplication.java:756)
	at org.springframework.boot.SpringApplication.refreshContext(SpringApplication.java:445)
	at org.springframework.boot.SpringApplication.run(SpringApplication.java:321)
	at org.springframework.boot.SpringApplication.run(SpringApplication.java:1365)
	at org.springframework.boot.SpringApplication.run(SpringApplication.java:1354)
	at com.patientmanagement.BackendApplication.main(BackendApplication.java:10)
	at java.base/jdk.internal.reflect.DirectMethodHandleAccessor.invoke(DirectMethodHandleAccessor.java:104)
	at java.base/java.lang.reflect.Method.invoke(Method.java:565)
	at org.springframework.boot.devtools.restart.RestartLauncher.run(RestartLauncher.java:52)
Caused by: org.springframework.boot.web.server.WebServerException: Unable to start embedded Tomcat
	at org.springframework.boot.tomcat.TomcatWebServer.initialize(TomcatWebServer.java:150)
	at org.springframework.boot.tomcat.TomcatWebServer.<init>(TomcatWebServer.java:110)
	at org.springframework.boot.tomcat.servlet.TomcatServletWebServerFactory.getTomcatWebServer(TomcatServletWebServerFactory.java:429)
	at org.springframework.boot.tomcat.servlet.TomcatServletWebServerFactory.getWebServer(TomcatServletWebServerFactory.java:167)
	at org.springframework.boot.web.server.servlet.context.ServletWebServerApplicationContext.createWebServer(ServletWebServerApplicationContext.java:190)
	at org.springframework.boot.web.server.servlet.context.ServletWebServerApplicationContext.onRefresh(ServletWebServerApplicationContext.java:164)
	... 11 more
Caused by: org.springframework.beans.factory.UnsatisfiedDependencyException: Error creating bean with name 'jwtAuthenticationFilter' defined in file [C:\Users\Vishal\Desktop\PatientDoctorManagement\backend\target\classes\com\patientmanagement\security\JwtAuthenticationFilter.class]: Unsatisfied dependency expressed through constructor parameter 1: Error creating bean with name 'customUserDetailsService' defined in file [C:\Users\Vishal\Desktop\PatientDoctorManagement\backend\target\classes\com\patientmanagement\security\CustomUserDetailsService.class]: Unsatisfied dependency expressed through constructor parameter 0: Error creating bean with name 'userRepository' defined in com.patientmanagement.repository.UserRepository defined in @EnableJpaRepositories declared on DataJpaRepositoriesRegistrar.EnableJpaRepositoriesConfiguration: Cannot resolve reference to bean 'jpaSharedEM_entityManagerFactory' while setting bean property 'entityManager'
	at org.springframework.beans.factory.support.ConstructorResolver.createArgumentArray(ConstructorResolver.java:804)
	at org.springframework.beans.factory.support.ConstructorResolver.autowireConstructor(ConstructorResolver.java:240)
	at org.springframework.beans.factory.support.AbstractAutowireCapableBeanFactory.autowireConstructor(AbstractAutowireCapableBeanFactory.java:1380)
	at org.springframework.beans.factory.support.AbstractAutowireCapableBeanFactory.createBeanInstance(AbstractAutowireCapableBeanFactory.java:1219)
	at org.springframework.beans.factory.support.AbstractAutowireCapableBeanFactory.doCreateBean(AbstractAutowireCapableBeanFactory.java:565)
	at org.springframework.beans.factory.support.AbstractAutowireCapableBeanFactory.createBean(AbstractAutowireCapableBeanFactory.java:525)
	at org.springframework.beans.factory.support.AbstractBeanFactory.lambda$doGetBean$0(AbstractBeanFactory.java:333)
	at org.springframework.beans.factory.support.DefaultSingletonBeanRegistry.getSingleton(DefaultSingletonBeanRegistry.java:371)
	at org.springframework.beans.factory.support.AbstractBeanFactory.doGetBean(AbstractBeanFactory.java:331)
	at org.springframework.beans.factory.support.AbstractBeanFactory.getBean(AbstractBeanFactory.java:201)
	at org.springframework.boot.web.servlet.ServletContextInitializerBeans.getOrderedBeansOfType(ServletContextInitializerBeans.java:231)
	at org.springframework.boot.web.servlet.ServletContextInitializerBeans.addAsRegistrationBean(ServletContextInitializerBeans.java:185)
	at org.springframework.boot.web.servlet.ServletContextInitializerBeans.addAsRegistrationBean(ServletContextInitializerBeans.java:180)
	at org.springframework.boot.web.servlet.ServletContextInitializerBeans.addAdaptableBeans(ServletContextInitializerBeans.java:165)
	at org.springframework.boot.web.servlet.ServletContextInitializerBeans.<init>(ServletContextInitializerBeans.java:97)
	at org.springframework.boot.web.context.servlet.WebApplicationContextInitializer.initialize(WebApplicationContextInitializer.java:53)
	at org.springframework.boot.tomcat.servlet.DeferredServletContainerInitializers.onStartup(DeferredServletContainerInitializers.java:55)
	at org.apache.catalina.core.StandardContext.startInternal(StandardContext.java:4573)
	at org.apache.catalina.util.LifecycleBase.start(LifecycleBase.java:170)
	at org.apache.catalina.core.ContainerBase$StartChild.call(ContainerBase.java:1204)
	at org.apache.catalina.core.ContainerBase$StartChild.call(ContainerBase.java:1200)
	at java.base/java.util.concurrent.FutureTask.run(FutureTask.java:328)
	at org.apache.tomcat.util.threads.InlineExecutorService.execute(InlineExecutorService.java:92)
	at java.base/java.util.concurrent.AbstractExecutorService.submit(AbstractExecutorService.java:149)
	at org.apache.catalina.core.ContainerBase.startInternal(ContainerBase.java:732)
	at org.apache.catalina.core.StandardHost.startInternal(StandardHost.java:794)
	at org.apache.catalina.util.LifecycleBase.start(LifecycleBase.java:170)
	at org.apache.catalina.core.ContainerBase$StartChild.call(ContainerBase.java:1204)
	at org.apache.catalina.core.ContainerBase$StartChild.call(ContainerBase.java:1200)
	at java.base/java.util.concurrent.FutureTask.run(FutureTask.java:328)
	at org.apache.tomcat.util.threads.InlineExecutorService.execute(InlineExecutorService.java:92)
	at java.base/java.util.concurrent.AbstractExecutorService.submit(AbstractExecutorService.java:149)
	at org.apache.catalina.core.ContainerBase.startInternal(ContainerBase.java:732)
	at org.apache.catalina.core.StandardEngine.startInternal(StandardEngine.java:201)
	at org.apache.catalina.util.LifecycleBase.start(LifecycleBase.java:170)
	at org.apache.catalina.core.StandardService.startInternal(StandardService.java:433)
	at org.apache.catalina.util.LifecycleBase.start(LifecycleBase.java:170)
	at org.apache.catalina.core.StandardServer.startInternal(StandardServer.java:871)
	at org.apache.catalina.util.LifecycleBase.start(LifecycleBase.java:170)
	at org.apache.catalina.startup.Tomcat.start(Tomcat.java:452)
	at org.springframework.boot.tomcat.TomcatWebServer.initialize(TomcatWebServer.java:131)
	... 16 more
Caused by: org.springframework.beans.factory.UnsatisfiedDependencyException: Error creating bean with name 'customUserDetailsService' defined in file [C:\Users\Vishal\Desktop\PatientDoctorManagement\backend\target\classes\com\patientmanagement\security\CustomUserDetailsService.class]: Unsatisfied dependency expressed through constructor parameter 0: Error creating bean with name 'userRepository' defined in com.patientmanagement.repository.UserRepository defined in @EnableJpaRepositories declared on DataJpaRepositoriesRegistrar.EnableJpaRepositoriesConfiguration: Cannot resolve reference to bean 'jpaSharedEM_entityManagerFactory' while setting bean property 'entityManager'
	at org.springframework.beans.factory.support.ConstructorResolver.createArgumentArray(ConstructorResolver.java:804)
	at org.springframework.beans.factory.support.ConstructorResolver.autowireConstructor(ConstructorResolver.java:240)
	at org.springframework.beans.factory.support.AbstractAutowireCapableBeanFactory.autowireConstructor(AbstractAutowireCapableBeanFactory.java:1380)
	at org.springframework.beans.factory.support.AbstractAutowireCapableBeanFactory.createBeanInstance(AbstractAutowireCapableBeanFactory.java:1219)
	at org.springframework.beans.factory.support.AbstractAutowireCapableBeanFactory.doCreateBean(AbstractAutowireCapableBeanFactory.java:565)
	at org.springframework.beans.factory.support.AbstractAutowireCapableBeanFactory.createBean(AbstractAutowireCapableBeanFactory.java:525)
	at org.springframework.beans.factory.support.AbstractBeanFactory.lambda$doGetBean$0(AbstractBeanFactory.java:333)
	at org.springframework.beans.factory.support.DefaultSingletonBeanRegistry.getSingleton(DefaultSingletonBeanRegistry.java:371)
	at org.springframework.beans.factory.support.AbstractBeanFactory.doGetBean(AbstractBeanFactory.java:331)
	at org.springframework.beans.factory.support.AbstractBeanFactory.getBean(AbstractBeanFactory.java:201)
	at org.springframework.beans.factory.config.DependencyDescriptor.resolveCandidate(DependencyDescriptor.java:229)
	at org.springframework.beans.factory.support.DefaultListableBeanFactory.doResolveDependency(DefaultListableBeanFactory.java:1769)
	at org.springframework.beans.factory.support.DefaultListableBeanFactory.resolveDependency(DefaultListableBeanFactory.java:1658)
	at org.springframework.beans.factory.support.ConstructorResolver.resolveAutowiredArgument(ConstructorResolver.java:912)
	at org.springframework.beans.factory.support.ConstructorResolver.createArgumentArray(ConstructorResolver.java:791)
	... 56 more
Caused by: org.springframework.beans.factory.BeanCreationException: Error creating bean with name 'userRepository' defined in com.patientmanagement.repository.UserRepository defined in @EnableJpaRepositories declared on DataJpaRepositoriesRegistrar.EnableJpaRepositoriesConfiguration: Cannot resolve reference to bean 'jpaSharedEM_entityManagerFactory' while setting bean property 'entityManager'
	at org.springframework.beans.factory.support.BeanDefinitionValueResolver.resolveReference(BeanDefinitionValueResolver.java:377)
	at org.springframework.beans.factory.support.BeanDefinitionValueResolver.resolveValueIfNecessary(BeanDefinitionValueResolver.java:135)
	at org.springframework.beans.factory.support.AbstractAutowireCapableBeanFactory.applyPropertyValues(AbstractAutowireCapableBeanFactory.java:1710)
	at org.springframework.beans.factory.support.AbstractAutowireCapableBeanFactory.populateBean(AbstractAutowireCapableBeanFactory.java:1459)
	at org.springframework.beans.factory.support.AbstractAutowireCapableBeanFactory.doCreateBean(AbstractAutowireCapableBeanFactory.java:602)
	at org.springframework.beans.factory.support.AbstractAutowireCapableBeanFactory.createBean(AbstractAutowireCapableBeanFactory.java:525)
	at org.springframework.beans.factory.support.AbstractBeanFactory.lambda$doGetBean$0(AbstractBeanFactory.java:333)
	at org.springframework.beans.factory.support.DefaultSingletonBeanRegistry.getSingleton(DefaultSingletonBeanRegistry.java:371)
	at org.springframework.beans.factory.support.AbstractBeanFactory.doGetBean(AbstractBeanFactory.java:331)
	at org.springframework.beans.factory.support.AbstractBeanFactory.getBean(AbstractBeanFactory.java:201)
	at org.springframework.beans.factory.support.DefaultListableBeanFactory.resolveBean(DefaultListableBeanFactory.java:1232)
	at org.springframework.beans.factory.support.DefaultListableBeanFactory.doResolveDependency(DefaultListableBeanFactory.java:1711)
	at org.springframework.beans.factory.support.DefaultListableBeanFactory.resolveDependency(DefaultListableBeanFactory.java:1658)
	at org.springframework.beans.factory.support.ConstructorResolver.resolveAutowiredArgument(ConstructorResolver.java:912)
	at org.springframework.beans.factory.support.ConstructorResolver.createArgumentArray(ConstructorResolver.java:791)
	... 70 more
Caused by: org.springframework.beans.factory.BeanCreationException: Error creating bean with name 'jpaSharedEM_entityManagerFactory': Cannot resolve reference to bean 'entityManagerFactory' while setting constructor argument
	at org.springframework.beans.factory.support.BeanDefinitionValueResolver.resolveReference(BeanDefinitionValueResolver.java:377)
	at org.springframework.beans.factory.support.BeanDefinitionValueResolver.resolveValueIfNecessary(BeanDefinitionValueResolver.java:135)
	at org.springframework.beans.factory.support.ConstructorResolver.resolveConstructorArguments(ConstructorResolver.java:691)
	at org.springframework.beans.factory.support.ConstructorResolver.instantiateUsingFactoryMethod(ConstructorResolver.java:513)
	at org.springframework.beans.factory.support.AbstractAutowireCapableBeanFactory.instantiateUsingFactoryMethod(AbstractAutowireCapableBeanFactory.java:1360)
	at org.springframework.beans.factory.support.AbstractAutowireCapableBeanFactory.createBeanInstance(AbstractAutowireCapableBeanFactory.java:1192)
	at org.springframework.beans.factory.support.AbstractAutowireCapableBeanFactory.doCreateBean(AbstractAutowireCapableBeanFactory.java:565)
	at org.springframework.beans.factory.support.AbstractAutowireCapableBeanFactory.createBean(AbstractAutowireCapableBeanFactory.java:525)
	at org.springframework.beans.factory.support.AbstractBeanFactory.lambda$doGetBean$0(AbstractBeanFactory.java:333)
	at org.springframework.beans.factory.support.DefaultSingletonBeanRegistry.getSingleton(DefaultSingletonBeanRegistry.java:371)
	at org.springframework.beans.factory.support.AbstractBeanFactory.doGetBean(AbstractBeanFactory.java:331)
	at org.springframework.beans.factory.support.AbstractBeanFactory.getBean(AbstractBeanFactory.java:201)
	at org.springframework.beans.factory.support.BeanDefinitionValueResolver.resolveReference(BeanDefinitionValueResolver.java:356)
	... 84 more
Caused by: org.springframework.beans.factory.BeanCreationException: Error creating bean with name 'entityManagerFactory' defined in class path resource [org/springframework/boot/hibernate/autoconfigure/HibernateJpaConfiguration.class]: Unable to build Hibernate SessionFactory  [persistence unit: default] ; nested exception is org.hibernate.tool.schema.spi.SchemaManagementException: Schema validation: missing table [patient_files]
	at org.springframework.beans.factory.support.AbstractAutowireCapableBeanFactory.initializeBean(AbstractAutowireCapableBeanFactory.java:1815)
	at org.springframework.beans.factory.support.AbstractAutowireCapableBeanFactory.doCreateBean(AbstractAutowireCapableBeanFactory.java:603)
	at org.springframework.beans.factory.support.AbstractAutowireCapableBeanFactory.createBean(AbstractAutowireCapableBeanFactory.java:525)
	at org.springframework.beans.factory.support.AbstractBeanFactory.lambda$doGetBean$0(AbstractBeanFactory.java:333)
	at org.springframework.beans.factory.support.DefaultSingletonBeanRegistry.getSingleton(DefaultSingletonBeanRegistry.java:371)
	at org.springframework.beans.factory.support.AbstractBeanFactory.doGetBean(AbstractBeanFactory.java:331)
	at org.springframework.beans.factory.support.AbstractBeanFactory.getBean(AbstractBeanFactory.java:196)
	at org.springframework.beans.factory.support.BeanDefinitionValueResolver.resolveReference(BeanDefinitionValueResolver.java:365)
	... 96 more
Caused by: jakarta.persistence.PersistenceException: Unable to build Hibernate SessionFactory  [persistence unit: default] ; nested exception is org.hibernate.tool.schema.spi.SchemaManagementException: Schema validation: missing table [patient_files]
	at org.springframework.orm.jpa.AbstractEntityManagerFactoryBean.buildNativeEntityManagerFactory(AbstractEntityManagerFactoryBean.java:448)
	at org.springframework.orm.jpa.AbstractEntityManagerFactoryBean.afterPropertiesSet(AbstractEntityManagerFactoryBean.java:411)
	at org.springframework.orm.jpa.LocalContainerEntityManagerFactoryBean.afterPropertiesSet(LocalContainerEntityManagerFactoryBean.java:419)
	at org.springframework.beans.factory.support.AbstractAutowireCapableBeanFactory.invokeInitMethods(AbstractAutowireCapableBeanFactory.java:1862)
	at org.springframework.beans.factory.support.AbstractAutowireCapableBeanFactory.initializeBean(AbstractAutowireCapableBeanFactory.java:1811)
	... 103 more
Caused by: org.hibernate.tool.schema.spi.SchemaManagementException: Schema validation: missing table [patient_files]
	at org.hibernate.tool.schema.internal.AbstractSchemaValidator.validateTable(AbstractSchemaValidator.java:128)
	at org.hibernate.tool.schema.internal.GroupedSchemaValidatorImpl.validateTables(GroupedSchemaValidatorImpl.java:42)
	at org.hibernate.tool.schema.internal.AbstractSchemaValidator.performValidation(AbstractSchemaValidator.java:97)
	at org.hibernate.tool.schema.internal.AbstractSchemaValidator.doValidation(AbstractSchemaValidator.java:75)
	at org.hibernate.tool.schema.spi.SchemaManagementToolCoordinator.performDatabaseAction(SchemaManagementToolCoordinator.java:278)
	at org.hibernate.tool.schema.spi.SchemaManagementToolCoordinator.lambda$process$1(SchemaManagementToolCoordinator.java:101)
	at java.base/java.util.HashMap.forEach(HashMap.java:1430)
	at org.hibernate.tool.schema.spi.SchemaManagementToolCoordinator.process(SchemaManagementToolCoordinator.java:100)
	at org.hibernate.boot.internal.SessionFactoryObserverForSchemaExport.sessionFactoryCreated(SessionFactoryObserverForSchemaExport.java:35)
	at org.hibernate.internal.SessionFactoryObserverChain.sessionFactoryCreated(SessionFactoryObserverChain.java:33)
	at org.hibernate.internal.SessionFactoryImpl.<init>(SessionFactoryImpl.java:327)
	at org.hibernate.internal.SessionFactoryRegistry.instantiateSessionFactory(SessionFactoryRegistry.java:64)
	at org.hibernate.boot.internal.SessionFactoryBuilderImpl.build(SessionFactoryBuilderImpl.java:458)
	at org.hibernate.jpa.boot.internal.EntityManagerFactoryBuilderImpl.build(EntityManagerFactoryBuilderImpl.java:1452)
	at org.springframework.orm.jpa.vendor.SpringHibernateJpaPersistenceProvider.createContainerEntityManagerFactory(SpringHibernateJpaPersistenceProvider.java:93)
	at org.springframework.orm.jpa.LocalContainerEntityManagerFactoryBean.createNativeEntityManagerFactory(LocalContainerEntityManagerFactoryBean.java:443)
	at org.springframework.orm.jpa.AbstractEntityManagerFactoryBean.buildNativeEntityManagerFactory(AbstractEntityManagerFactoryBean.java:436)
	... 107 more
2026-09-17 12:07:45 [restartedMain] INFO  com.patientmanagement.BackendApplication - Starting BackendApplication using Java 25.0.3 with PID 4620 (C:\Users\Vishal\Desktop\PatientDoctorManagement\backend\target\classes started by Vishal in C:\Users\Vishal\Desktop\PatientDoctorManagement\backend)
2026-09-17 12:07:46 [restartedMain] INFO  com.patientmanagement.BackendApplication - No active profile set, falling back to 1 default profile: "default"
2026-09-17 12:07:46 [restartedMain] INFO  org.springframework.boot.devtools.env.DevToolsPropertyDefaultsPostProcessor - Devtools property defaults active! Set 'spring.devtools.add-properties' to 'false' to disable
2026-09-17 12:07:46 [restartedMain] INFO  org.springframework.boot.devtools.env.DevToolsPropertyDefaultsPostProcessor - For additional web related logging consider setting the 'logging.level.web' property to 'DEBUG'
2026-09-17 12:07:46 [background-preinit] INFO  org.hibernate.validator.internal.util.Version - HV000001: Hibernate Validator 9.1.3.Final
2026-09-17 12:07:46 [restartedMain] INFO  org.springframework.data.repository.config.RepositoryConfigurationDelegate - Bootstrapping Spring Data JPA repositories in DEFAULT mode.
2026-09-17 12:07:46 [restartedMain] INFO  org.springframework.data.repository.config.RepositoryConfigurationDelegate - Finished Spring Data repository scanning in 46 ms. Found 5 JPA repository interfaces.
2026-09-17 12:07:47 [restartedMain] INFO  org.springframework.boot.tomcat.TomcatWebServer - Tomcat initialized with port 8080 (http)
2026-09-17 12:07:47 [restartedMain] INFO  org.apache.coyote.http11.Http11NioProtocol - Initializing ProtocolHandler ["http-nio-8080"]
2026-09-17 12:07:47 [restartedMain] INFO  org.apache.catalina.core.StandardService - Starting service [Tomcat]
2026-09-17 12:07:47 [restartedMain] INFO  org.apache.catalina.core.StandardEngine - Starting Servlet engine: [Apache Tomcat/11.0.24]
2026-09-17 12:07:47 [restartedMain] INFO  org.springframework.boot.web.context.servlet.WebApplicationContextInitializer - Root WebApplicationContext: initialization completed in 1417 ms
2026-09-17 12:07:47 [restartedMain] INFO  org.hibernate.orm.jpa - HHH008540: Processing PersistenceUnitInfo [name: default]
2026-09-17 12:07:47 [restartedMain] INFO  org.hibernate.orm.core - HHH000001: Hibernate ORM core version 7.4.5.Final
2026-09-17 12:07:48 [restartedMain] INFO  org.springframework.orm.jpa.persistenceunit.SpringPersistenceUnitInfo - No LoadTimeWeaver setup: ignoring JPA class transformer
2026-09-17 12:07:48 [restartedMain] INFO  com.zaxxer.hikari.HikariDataSource - HikariPool-1 - Starting...
2026-09-17 12:07:48 [restartedMain] INFO  com.zaxxer.hikari.pool.HikariPool - HikariPool-1 - Added connection ConnectionID:1 ClientConnectionId: 46d5ea16-3a53-4a49-8d2b-62ac2359b2e2
2026-09-17 12:07:48 [restartedMain] INFO  com.zaxxer.hikari.HikariDataSource - HikariPool-1 - Start completed.
2026-09-17 12:07:48 [restartedMain] WARN  org.hibernate.orm.deprecation - HHH90000025: SQLServerDialect does not need to be specified explicitly using 'hibernate.dialect' (remove the property setting and it will be selected by default)
2026-09-17 12:07:48 [restartedMain] INFO  org.hibernate.orm.connections.pooling - HHH10001005: Database info:
	Database JDBC URL [jdbc:sqlserver://localhost:1433;concatNullYieldsNull=ON;quotedIdentifier=ON;connectRetryInterval=10;connectRetryCount=1;maxResultBuffer=-1;sendTemporalDataTypesAsStringForBulkCopy=true;delayLoadingLobs=true;useFmtOnly=false;vectorTypeSupport=v1;cacheBulkCopyMetadata=false;bulkCopyForBatchInsertAllowEncryptedValueModifications=false;bulkCopyForBatchInsertTableLock=false;bulkCopyForBatchInsertKeepNulls=false;bulkCopyForBatchInsertKeepIdentity=false;bulkCopyForBatchInsertFireTriggers=false;bulkCopyForBatchInsertCheckConstraints=false;bulkCopyForBatchInsertBatchSize=0;useBulkCopyForBatchInsert=false;cancelQueryTimeout=-1;sslProtocol=TLS;calcBigDecimalPrecision=false;useDefaultJaasConfig=false;jaasConfigurationName=SQLJDBCDriver;statementPoolingCacheSize=0;serverPreparedStatementDiscardThreshold=10;enablePrepareOnFirstPreparedStatementCall=false;fips=false;socketTimeout=0;authentication=NotSpecified;authenticationScheme=nativeAuthentication;xopenStates=false;datetimeParameterType=datetime2;sendTimeAsDatetime=false;replication=false;trustStoreType=JKS;trustServerCertificate=true;TransparentNetworkIPResolution=true;iPAddressPreference=IPv4First;serverNameAsACE=false;sendStringParametersAsUnicode=true;selectMethod=direct;responseBuffering=adaptive;queryTimeout=-1;packetSize=8000;multiSubnetFailover=false;loginTimeout=30;lockTimeout=-1;lastUpdateCount=true;useDefaultGSSCredential=false;prepareMethod=prepexec;encrypt=true;disableStatementPooling=true;databaseName=PatientManagementDB;columnEncryptionSetting=Disabled;applicationName=Microsoft JDBC Driver for SQL Server;applicationIntent=readwrite;]
	Database driver: Microsoft JDBC Driver 13.4 for SQL Server
	Database dialect: SQLServerDialect
	Database version: 17.0
	Default catalog/schema: PatientManagementDB/dbo
	Autocommit mode: undefined/unknown
	Isolation level: READ_COMMITTED [default READ_COMMITTED]
	JDBC fetch size: 128
	Pool: DataSourceConnectionProvider
	Minimum pool size: undefined/unknown
	Maximum pool size: undefined/unknown
2026-09-17 12:07:49 [restartedMain] INFO  org.hibernate.orm.core - HHH000489: No JTA platform available (set 'hibernate.transaction.jta.platform' to enable JTA platform integration)
2026-09-17 12:07:50 [restartedMain] ERROR org.springframework.orm.jpa.LocalContainerEntityManagerFactoryBean - Failed to initialize JPA EntityManagerFactory: Unable to build Hibernate SessionFactory  [persistence unit: default] ; nested exception is org.hibernate.tool.schema.spi.SchemaManagementException: Schema validation: missing table [patient_files]
2026-09-17 12:07:50 [restartedMain] ERROR org.springframework.boot.tomcat.servlet.DeferredServletContainerInitializers - Error starting Tomcat context. Exception: org.springframework.beans.factory.UnsatisfiedDependencyException. Message: Error creating bean with name 'jwtAuthenticationFilter' defined in file [C:\Users\Vishal\Desktop\PatientDoctorManagement\backend\target\classes\com\patientmanagement\security\JwtAuthenticationFilter.class]: Unsatisfied dependency expressed through constructor parameter 1: Error creating bean with name 'customUserDetailsService' defined in file [C:\Users\Vishal\Desktop\PatientDoctorManagement\backend\target\classes\com\patientmanagement\security\CustomUserDetailsService.class]: Unsatisfied dependency expressed through constructor parameter 0: Error creating bean with name 'userRepository' defined in com.patientmanagement.repository.UserRepository defined in @EnableJpaRepositories declared on DataJpaRepositoriesRegistrar.EnableJpaRepositoriesConfiguration: Cannot resolve reference to bean 'jpaSharedEM_entityManagerFactory' while setting bean property 'entityManager'
2026-09-17 12:07:50 [restartedMain] INFO  org.apache.catalina.core.StandardService - Stopping service [Tomcat]
2026-09-17 12:07:50 [restartedMain] WARN  org.apache.catalina.loader.WebappClassLoaderBase - The web application [ROOT] appears to have started a thread named [mssql-jdbc-shared-timer-core-0] but has failed to stop it. This is very likely to create a memory leak. Stack trace of thread:
 java.base/jdk.internal.misc.Unsafe.park(Native Method)
 java.base/java.util.concurrent.locks.LockSupport.parkNanos(LockSupport.java:271)
 java.base/java.util.concurrent.locks.AbstractQueuedSynchronizer$ConditionObject.awaitNanos(AbstractQueuedSynchronizer.java:1803)
 java.base/java.util.concurrent.ScheduledThreadPoolExecutor$DelayedWorkQueue.take(ScheduledThreadPoolExecutor.java:1166)
 java.base/java.util.concurrent.ScheduledThreadPoolExecutor$DelayedWorkQueue.take(ScheduledThreadPoolExecutor.java:883)
 java.base/java.util.concurrent.ThreadPoolExecutor.getTask(ThreadPoolExecutor.java:1016)
 java.base/java.util.concurrent.ThreadPoolExecutor.runWorker(ThreadPoolExecutor.java:1076)
 java.base/java.util.concurrent.ThreadPoolExecutor$Worker.run(ThreadPoolExecutor.java:614)
 java.base/java.lang.Thread.run(Thread.java:1474)
2026-09-17 12:07:50 [restartedMain] WARN  org.apache.catalina.loader.WebappClassLoaderBase - The web application [ROOT] appears to have started a thread named [HikariPool-1:housekeeper] but has failed to stop it. This is very likely to create a memory leak. Stack trace of thread:
 java.base/jdk.internal.misc.Unsafe.park(Native Method)
 java.base/java.util.concurrent.locks.LockSupport.parkNanos(LockSupport.java:271)
 java.base/java.util.concurrent.locks.AbstractQueuedSynchronizer$ConditionObject.awaitNanos(AbstractQueuedSynchronizer.java:1803)
 java.base/java.util.concurrent.ScheduledThreadPoolExecutor$DelayedWorkQueue.take(ScheduledThreadPoolExecutor.java:1166)
 java.base/java.util.concurrent.ScheduledThreadPoolExecutor$DelayedWorkQueue.take(ScheduledThreadPoolExecutor.java:883)
 java.base/java.util.concurrent.ThreadPoolExecutor.getTask(ThreadPoolExecutor.java:1016)
 java.base/java.util.concurrent.ThreadPoolExecutor.runWorker(ThreadPoolExecutor.java:1076)
 java.base/java.util.concurrent.ThreadPoolExecutor$Worker.run(ThreadPoolExecutor.java:614)
 java.base/java.lang.Thread.run(Thread.java:1474)
2026-09-17 12:07:50 [restartedMain] WARN  org.apache.catalina.loader.WebappClassLoaderBase - The web application [ROOT] appears to have started a thread named [HikariPool-1:connection-adder] but has failed to stop it. This is very likely to create a memory leak. Stack trace of thread:
 java.base/sun.nio.ch.Net.poll(Native Method)
 java.base/sun.nio.ch.NioSocketImpl.park(NioSocketImpl.java:190)
 java.base/sun.nio.ch.NioSocketImpl.park(NioSocketImpl.java:200)
 java.base/sun.nio.ch.NioSocketImpl.implRead(NioSocketImpl.java:307)
 java.base/sun.nio.ch.NioSocketImpl.read(NioSocketImpl.java:354)
 java.base/sun.nio.ch.NioSocketImpl$1.read(NioSocketImpl.java:798)
 java.base/java.net.Socket$SocketInputStream.implRead(Socket.java:974)
 java.base/java.net.Socket$SocketInputStream.read(Socket.java:964)
 com.microsoft.sqlserver.jdbc.TDSChannel$ProxyInputStream.readInternal(IOBuffer.java:1228)
 com.microsoft.sqlserver.jdbc.TDSChannel$ProxyInputStream.read(IOBuffer.java:1214)
 com.microsoft.sqlserver.jdbc.TDSChannel$ProxyInputStream.readInternal(IOBuffer.java:1228)
 com.microsoft.sqlserver.jdbc.TDSChannel$ProxyInputStream.read(IOBuffer.java:1214)
 java.base/sun.security.ssl.SSLSocketInputRecord.read(SSLSocketInputRecord.java:489)
 java.base/sun.security.ssl.SSLSocketInputRecord.readHeader(SSLSocketInputRecord.java:483)
 java.base/sun.security.ssl.SSLSocketInputRecord.bytesInCompletePacket(SSLSocketInputRecord.java:70)
 java.base/sun.security.ssl.SSLSocketImpl.readApplicationRecord(SSLSocketImpl.java:1461)
 java.base/sun.security.ssl.SSLSocketImpl$AppInputStream.read(SSLSocketImpl.java:1068)
 com.microsoft.sqlserver.jdbc.TDSChannel$ProxyInputStream.readInternal(IOBuffer.java:1228)
 com.microsoft.sqlserver.jdbc.TDSChannel$ProxyInputStream.read(IOBuffer.java:1214)
 com.microsoft.sqlserver.jdbc.TDSChannel.read(IOBuffer.java:2191)
 com.microsoft.sqlserver.jdbc.TDSReader.readPacket(IOBuffer.java:6982)
 com.microsoft.sqlserver.jdbc.TDSCommand.startResponse(IOBuffer.java:8234)
 com.microsoft.sqlserver.jdbc.TDSCommand.startResponse(IOBuffer.java:8197)
 com.microsoft.sqlserver.jdbc.SQLServerConnection.sendLogon(SQLServerConnection.java:7721)
 com.microsoft.sqlserver.jdbc.SQLServerConnection.logon(SQLServerConnection.java:6147)
 com.microsoft.sqlserver.jdbc.SQLServerConnection$LogonCommand.doExecute(SQLServerConnection.java:6079)
 com.microsoft.sqlserver.jdbc.TDSCommand.execute(IOBuffer.java:7832)
 com.microsoft.sqlserver.jdbc.SQLServerConnection.executeCommand(SQLServerConnection.java:5024)
 com.microsoft.sqlserver.jdbc.SQLServerConnection.connectHelper(SQLServerConnection.java:4412)
 com.microsoft.sqlserver.jdbc.SQLServerConnection.login(SQLServerConnection.java:3937)
 com.microsoft.sqlserver.jdbc.SQLServerConnection.connectInternal(SQLServerConnection.java:3700)
 com.microsoft.sqlserver.jdbc.SQLServerConnection.connect(SQLServerConnection.java:2385)
 com.microsoft.sqlserver.jdbc.SQLServerDriver.connect(SQLServerDriver.java:1453)
 com.zaxxer.hikari.util.DriverDataSource.getConnection(DriverDataSource.java:144)
 com.zaxxer.hikari.pool.PoolBase.newConnection(PoolBase.java:373)
 com.zaxxer.hikari.pool.PoolBase.newPoolEntry(PoolBase.java:210)
 com.zaxxer.hikari.pool.HikariPool.createPoolEntry(HikariPool.java:488)
 com.zaxxer.hikari.pool.HikariPool$PoolEntryCreator.call(HikariPool.java:752)
 com.zaxxer.hikari.pool.HikariPool$PoolEntryCreator.call(HikariPool.java:731)
 java.base/java.util.concurrent.FutureTask.run(FutureTask.java:328)
 java.base/java.util.concurrent.ThreadPoolExecutor.runWorker(ThreadPoolExecutor.java:1090)
 java.base/java.util.concurrent.ThreadPoolExecutor$Worker.run(ThreadPoolExecutor.java:614)
 java.base/java.lang.Thread.run(Thread.java:1474)
2026-09-17 12:07:50 [restartedMain] WARN  org.springframework.boot.web.server.servlet.context.AnnotationConfigServletWebServerApplicationContext - Exception encountered during context initialization - cancelling refresh attempt: org.springframework.context.ApplicationContextException: Unable to start web server
2026-09-17 12:07:50 [restartedMain] INFO  com.zaxxer.hikari.HikariDataSource - HikariPool-1 - Shutdown initiated...
2026-09-17 12:07:50 [restartedMain] INFO  com.zaxxer.hikari.HikariDataSource - HikariPool-1 - Shutdown completed.
2026-09-17 12:07:50 [restartedMain] INFO  org.springframework.boot.autoconfigure.logging.ConditionEvaluationReportLogger - 

Error starting ApplicationContext. To display the condition evaluation report re-run your application with 'debug' enabled.
2026-09-17 12:07:50 [restartedMain] ERROR org.springframework.boot.SpringApplication - Application run failed
org.springframework.context.ApplicationContextException: Unable to start web server
	at org.springframework.boot.web.server.servlet.context.ServletWebServerApplicationContext.onRefresh(ServletWebServerApplicationContext.java:167)
	at org.springframework.context.support.AbstractApplicationContext.refresh(AbstractApplicationContext.java:615)
	at org.springframework.boot.web.server.servlet.context.ServletWebServerApplicationContext.refresh(ServletWebServerApplicationContext.java:143)
	at org.springframework.boot.SpringApplication.refresh(SpringApplication.java:756)
	at org.springframework.boot.SpringApplication.refreshContext(SpringApplication.java:445)
	at org.springframework.boot.SpringApplication.run(SpringApplication.java:321)
	at org.springframework.boot.SpringApplication.run(SpringApplication.java:1365)
	at org.springframework.boot.SpringApplication.run(SpringApplication.java:1354)
	at com.patientmanagement.BackendApplication.main(BackendApplication.java:10)
	at java.base/jdk.internal.reflect.DirectMethodHandleAccessor.invoke(DirectMethodHandleAccessor.java:104)
	at java.base/java.lang.reflect.Method.invoke(Method.java:565)
	at org.springframework.boot.devtools.restart.RestartLauncher.run(RestartLauncher.java:52)
Caused by: org.springframework.boot.web.server.WebServerException: Unable to start embedded Tomcat
	at org.springframework.boot.tomcat.TomcatWebServer.initialize(TomcatWebServer.java:150)
	at org.springframework.boot.tomcat.TomcatWebServer.<init>(TomcatWebServer.java:110)
	at org.springframework.boot.tomcat.servlet.TomcatServletWebServerFactory.getTomcatWebServer(TomcatServletWebServerFactory.java:429)
	at org.springframework.boot.tomcat.servlet.TomcatServletWebServerFactory.getWebServer(TomcatServletWebServerFactory.java:167)
	at org.springframework.boot.web.server.servlet.context.ServletWebServerApplicationContext.createWebServer(ServletWebServerApplicationContext.java:190)
	at org.springframework.boot.web.server.servlet.context.ServletWebServerApplicationContext.onRefresh(ServletWebServerApplicationContext.java:164)
	... 11 more
Caused by: org.springframework.beans.factory.UnsatisfiedDependencyException: Error creating bean with name 'jwtAuthenticationFilter' defined in file [C:\Users\Vishal\Desktop\PatientDoctorManagement\backend\target\classes\com\patientmanagement\security\JwtAuthenticationFilter.class]: Unsatisfied dependency expressed through constructor parameter 1: Error creating bean with name 'customUserDetailsService' defined in file [C:\Users\Vishal\Desktop\PatientDoctorManagement\backend\target\classes\com\patientmanagement\security\CustomUserDetailsService.class]: Unsatisfied dependency expressed through constructor parameter 0: Error creating bean with name 'userRepository' defined in com.patientmanagement.repository.UserRepository defined in @EnableJpaRepositories declared on DataJpaRepositoriesRegistrar.EnableJpaRepositoriesConfiguration: Cannot resolve reference to bean 'jpaSharedEM_entityManagerFactory' while setting bean property 'entityManager'
	at org.springframework.beans.factory.support.ConstructorResolver.createArgumentArray(ConstructorResolver.java:804)
	at org.springframework.beans.factory.support.ConstructorResolver.autowireConstructor(ConstructorResolver.java:240)
	at org.springframework.beans.factory.support.AbstractAutowireCapableBeanFactory.autowireConstructor(AbstractAutowireCapableBeanFactory.java:1380)
	at org.springframework.beans.factory.support.AbstractAutowireCapableBeanFactory.createBeanInstance(AbstractAutowireCapableBeanFactory.java:1219)
	at org.springframework.beans.factory.support.AbstractAutowireCapableBeanFactory.doCreateBean(AbstractAutowireCapableBeanFactory.java:565)
	at org.springframework.beans.factory.support.AbstractAutowireCapableBeanFactory.createBean(AbstractAutowireCapableBeanFactory.java:525)
	at org.springframework.beans.factory.support.AbstractBeanFactory.lambda$doGetBean$0(AbstractBeanFactory.java:333)
	at org.springframework.beans.factory.support.DefaultSingletonBeanRegistry.getSingleton(DefaultSingletonBeanRegistry.java:371)
	at org.springframework.beans.factory.support.AbstractBeanFactory.doGetBean(AbstractBeanFactory.java:331)
	at org.springframework.beans.factory.support.AbstractBeanFactory.getBean(AbstractBeanFactory.java:201)
	at org.springframework.boot.web.servlet.ServletContextInitializerBeans.getOrderedBeansOfType(ServletContextInitializerBeans.java:231)
	at org.springframework.boot.web.servlet.ServletContextInitializerBeans.addAsRegistrationBean(ServletContextInitializerBeans.java:185)
	at org.springframework.boot.web.servlet.ServletContextInitializerBeans.addAsRegistrationBean(ServletContextInitializerBeans.java:180)
	at org.springframework.boot.web.servlet.ServletContextInitializerBeans.addAdaptableBeans(ServletContextInitializerBeans.java:165)
	at org.springframework.boot.web.servlet.ServletContextInitializerBeans.<init>(ServletContextInitializerBeans.java:97)
	at org.springframework.boot.web.context.servlet.WebApplicationContextInitializer.initialize(WebApplicationContextInitializer.java:53)
	at org.springframework.boot.tomcat.servlet.DeferredServletContainerInitializers.onStartup(DeferredServletContainerInitializers.java:55)
	at org.apache.catalina.core.StandardContext.startInternal(StandardContext.java:4573)
	at org.apache.catalina.util.LifecycleBase.start(LifecycleBase.java:170)
	at org.apache.catalina.core.ContainerBase$StartChild.call(ContainerBase.java:1204)
	at org.apache.catalina.core.ContainerBase$StartChild.call(ContainerBase.java:1200)
	at java.base/java.util.concurrent.FutureTask.run(FutureTask.java:328)
	at org.apache.tomcat.util.threads.InlineExecutorService.execute(InlineExecutorService.java:92)
	at java.base/java.util.concurrent.AbstractExecutorService.submit(AbstractExecutorService.java:149)
	at org.apache.catalina.core.ContainerBase.startInternal(ContainerBase.java:732)
	at org.apache.catalina.core.StandardHost.startInternal(StandardHost.java:794)
	at org.apache.catalina.util.LifecycleBase.start(LifecycleBase.java:170)
	at org.apache.catalina.core.ContainerBase$StartChild.call(ContainerBase.java:1204)
	at org.apache.catalina.core.ContainerBase$StartChild.call(ContainerBase.java:1200)
	at java.base/java.util.concurrent.FutureTask.run(FutureTask.java:328)
	at org.apache.tomcat.util.threads.InlineExecutorService.execute(InlineExecutorService.java:92)
	at java.base/java.util.concurrent.AbstractExecutorService.submit(AbstractExecutorService.java:149)
	at org.apache.catalina.core.ContainerBase.startInternal(ContainerBase.java:732)
	at org.apache.catalina.core.StandardEngine.startInternal(StandardEngine.java:201)
	at org.apache.catalina.util.LifecycleBase.start(LifecycleBase.java:170)
	at org.apache.catalina.core.StandardService.startInternal(StandardService.java:433)
	at org.apache.catalina.util.LifecycleBase.start(LifecycleBase.java:170)
	at org.apache.catalina.core.StandardServer.startInternal(StandardServer.java:871)
	at org.apache.catalina.util.LifecycleBase.start(LifecycleBase.java:170)
	at org.apache.catalina.startup.Tomcat.start(Tomcat.java:452)
	at org.springframework.boot.tomcat.TomcatWebServer.initialize(TomcatWebServer.java:131)
	... 16 more
Caused by: org.springframework.beans.factory.UnsatisfiedDependencyException: Error creating bean with name 'customUserDetailsService' defined in file [C:\Users\Vishal\Desktop\PatientDoctorManagement\backend\target\classes\com\patientmanagement\security\CustomUserDetailsService.class]: Unsatisfied dependency expressed through constructor parameter 0: Error creating bean with name 'userRepository' defined in com.patientmanagement.repository.UserRepository defined in @EnableJpaRepositories declared on DataJpaRepositoriesRegistrar.EnableJpaRepositoriesConfiguration: Cannot resolve reference to bean 'jpaSharedEM_entityManagerFactory' while setting bean property 'entityManager'
	at org.springframework.beans.factory.support.ConstructorResolver.createArgumentArray(ConstructorResolver.java:804)
	at org.springframework.beans.factory.support.ConstructorResolver.autowireConstructor(ConstructorResolver.java:240)
	at org.springframework.beans.factory.support.AbstractAutowireCapableBeanFactory.autowireConstructor(AbstractAutowireCapableBeanFactory.java:1380)
	at org.springframework.beans.factory.support.AbstractAutowireCapableBeanFactory.createBeanInstance(AbstractAutowireCapableBeanFactory.java:1219)
	at org.springframework.beans.factory.support.AbstractAutowireCapableBeanFactory.doCreateBean(AbstractAutowireCapableBeanFactory.java:565)
	at org.springframework.beans.factory.support.AbstractAutowireCapableBeanFactory.createBean(AbstractAutowireCapableBeanFactory.java:525)
	at org.springframework.beans.factory.support.AbstractBeanFactory.lambda$doGetBean$0(AbstractBeanFactory.java:333)
	at org.springframework.beans.factory.support.DefaultSingletonBeanRegistry.getSingleton(DefaultSingletonBeanRegistry.java:371)
	at org.springframework.beans.factory.support.AbstractBeanFactory.doGetBean(AbstractBeanFactory.java:331)
	at org.springframework.beans.factory.support.AbstractBeanFactory.getBean(AbstractBeanFactory.java:201)
	at org.springframework.beans.factory.config.DependencyDescriptor.resolveCandidate(DependencyDescriptor.java:229)
	at org.springframework.beans.factory.support.DefaultListableBeanFactory.doResolveDependency(DefaultListableBeanFactory.java:1769)
	at org.springframework.beans.factory.support.DefaultListableBeanFactory.resolveDependency(DefaultListableBeanFactory.java:1658)
	at org.springframework.beans.factory.support.ConstructorResolver.resolveAutowiredArgument(ConstructorResolver.java:912)
	at org.springframework.beans.factory.support.ConstructorResolver.createArgumentArray(ConstructorResolver.java:791)
	... 56 more
Caused by: org.springframework.beans.factory.BeanCreationException: Error creating bean with name 'userRepository' defined in com.patientmanagement.repository.UserRepository defined in @EnableJpaRepositories declared on DataJpaRepositoriesRegistrar.EnableJpaRepositoriesConfiguration: Cannot resolve reference to bean 'jpaSharedEM_entityManagerFactory' while setting bean property 'entityManager'
	at org.springframework.beans.factory.support.BeanDefinitionValueResolver.resolveReference(BeanDefinitionValueResolver.java:377)
	at org.springframework.beans.factory.support.BeanDefinitionValueResolver.resolveValueIfNecessary(BeanDefinitionValueResolver.java:135)
	at org.springframework.beans.factory.support.AbstractAutowireCapableBeanFactory.applyPropertyValues(AbstractAutowireCapableBeanFactory.java:1710)
	at org.springframework.beans.factory.support.AbstractAutowireCapableBeanFactory.populateBean(AbstractAutowireCapableBeanFactory.java:1459)
	at org.springframework.beans.factory.support.AbstractAutowireCapableBeanFactory.doCreateBean(AbstractAutowireCapableBeanFactory.java:602)
	at org.springframework.beans.factory.support.AbstractAutowireCapableBeanFactory.createBean(AbstractAutowireCapableBeanFactory.java:525)
	at org.springframework.beans.factory.support.AbstractBeanFactory.lambda$doGetBean$0(AbstractBeanFactory.java:333)
	at org.springframework.beans.factory.support.DefaultSingletonBeanRegistry.getSingleton(DefaultSingletonBeanRegistry.java:371)
	at org.springframework.beans.factory.support.AbstractBeanFactory.doGetBean(AbstractBeanFactory.java:331)
	at org.springframework.beans.factory.support.AbstractBeanFactory.getBean(AbstractBeanFactory.java:201)
	at org.springframework.beans.factory.support.DefaultListableBeanFactory.resolveBean(DefaultListableBeanFactory.java:1232)
	at org.springframework.beans.factory.support.DefaultListableBeanFactory.doResolveDependency(DefaultListableBeanFactory.java:1711)
	at org.springframework.beans.factory.support.DefaultListableBeanFactory.resolveDependency(DefaultListableBeanFactory.java:1658)
	at org.springframework.beans.factory.support.ConstructorResolver.resolveAutowiredArgument(ConstructorResolver.java:912)
	at org.springframework.beans.factory.support.ConstructorResolver.createArgumentArray(ConstructorResolver.java:791)
	... 70 more
Caused by: org.springframework.beans.factory.BeanCreationException: Error creating bean with name 'jpaSharedEM_entityManagerFactory': Cannot resolve reference to bean 'entityManagerFactory' while setting constructor argument
	at org.springframework.beans.factory.support.BeanDefinitionValueResolver.resolveReference(BeanDefinitionValueResolver.java:377)
	at org.springframework.beans.factory.support.BeanDefinitionValueResolver.resolveValueIfNecessary(BeanDefinitionValueResolver.java:135)
	at org.springframework.beans.factory.support.ConstructorResolver.resolveConstructorArguments(ConstructorResolver.java:691)
	at org.springframework.beans.factory.support.ConstructorResolver.instantiateUsingFactoryMethod(ConstructorResolver.java:513)
	at org.springframework.beans.factory.support.AbstractAutowireCapableBeanFactory.instantiateUsingFactoryMethod(AbstractAutowireCapableBeanFactory.java:1360)
	at org.springframework.beans.factory.support.AbstractAutowireCapableBeanFactory.createBeanInstance(AbstractAutowireCapableBeanFactory.java:1192)
	at org.springframework.beans.factory.support.AbstractAutowireCapableBeanFactory.doCreateBean(AbstractAutowireCapableBeanFactory.java:565)
	at org.springframework.beans.factory.support.AbstractAutowireCapableBeanFactory.createBean(AbstractAutowireCapableBeanFactory.java:525)
	at org.springframework.beans.factory.support.AbstractBeanFactory.lambda$doGetBean$0(AbstractBeanFactory.java:333)
	at org.springframework.beans.factory.support.DefaultSingletonBeanRegistry.getSingleton(DefaultSingletonBeanRegistry.java:371)
	at org.springframework.beans.factory.support.AbstractBeanFactory.doGetBean(AbstractBeanFactory.java:331)
	at org.springframework.beans.factory.support.AbstractBeanFactory.getBean(AbstractBeanFactory.java:201)
	at org.springframework.beans.factory.support.BeanDefinitionValueResolver.resolveReference(BeanDefinitionValueResolver.java:356)
	... 84 more
Caused by: org.springframework.beans.factory.BeanCreationException: Error creating bean with name 'entityManagerFactory' defined in class path resource [org/springframework/boot/hibernate/autoconfigure/HibernateJpaConfiguration.class]: Unable to build Hibernate SessionFactory  [persistence unit: default] ; nested exception is org.hibernate.tool.schema.spi.SchemaManagementException: Schema validation: missing table [patient_files]
	at org.springframework.beans.factory.support.AbstractAutowireCapableBeanFactory.initializeBean(AbstractAutowireCapableBeanFactory.java:1815)
	at org.springframework.beans.factory.support.AbstractAutowireCapableBeanFactory.doCreateBean(AbstractAutowireCapableBeanFactory.java:603)
	at org.springframework.beans.factory.support.AbstractAutowireCapableBeanFactory.createBean(AbstractAutowireCapableBeanFactory.java:525)
	at org.springframework.beans.factory.support.AbstractBeanFactory.lambda$doGetBean$0(AbstractBeanFactory.java:333)
	at org.springframework.beans.factory.support.DefaultSingletonBeanRegistry.getSingleton(DefaultSingletonBeanRegistry.java:371)
	at org.springframework.beans.factory.support.AbstractBeanFactory.doGetBean(AbstractBeanFactory.java:331)
	at org.springframework.beans.factory.support.AbstractBeanFactory.getBean(AbstractBeanFactory.java:196)
	at org.springframework.beans.factory.support.BeanDefinitionValueResolver.resolveReference(BeanDefinitionValueResolver.java:365)
	... 96 more
Caused by: jakarta.persistence.PersistenceException: Unable to build Hibernate SessionFactory  [persistence unit: default] ; nested exception is org.hibernate.tool.schema.spi.SchemaManagementException: Schema validation: missing table [patient_files]
	at org.springframework.orm.jpa.AbstractEntityManagerFactoryBean.buildNativeEntityManagerFactory(AbstractEntityManagerFactoryBean.java:448)
	at org.springframework.orm.jpa.AbstractEntityManagerFactoryBean.afterPropertiesSet(AbstractEntityManagerFactoryBean.java:411)
	at org.springframework.orm.jpa.LocalContainerEntityManagerFactoryBean.afterPropertiesSet(LocalContainerEntityManagerFactoryBean.java:419)
	at org.springframework.beans.factory.support.AbstractAutowireCapableBeanFactory.invokeInitMethods(AbstractAutowireCapableBeanFactory.java:1862)
	at org.springframework.beans.factory.support.AbstractAutowireCapableBeanFactory.initializeBean(AbstractAutowireCapableBeanFactory.java:1811)
	... 103 more
Caused by: org.hibernate.tool.schema.spi.SchemaManagementException: Schema validation: missing table [patient_files]
	at org.hibernate.tool.schema.internal.AbstractSchemaValidator.validateTable(AbstractSchemaValidator.java:128)
	at org.hibernate.tool.schema.internal.GroupedSchemaValidatorImpl.validateTables(GroupedSchemaValidatorImpl.java:42)
	at org.hibernate.tool.schema.internal.AbstractSchemaValidator.performValidation(AbstractSchemaValidator.java:97)
	at org.hibernate.tool.schema.internal.AbstractSchemaValidator.doValidation(AbstractSchemaValidator.java:75)
	at org.hibernate.tool.schema.spi.SchemaManagementToolCoordinator.performDatabaseAction(SchemaManagementToolCoordinator.java:278)
	at org.hibernate.tool.schema.spi.SchemaManagementToolCoordinator.lambda$process$1(SchemaManagementToolCoordinator.java:101)
	at java.base/java.util.HashMap.forEach(HashMap.java:1430)
	at org.hibernate.tool.schema.spi.SchemaManagementToolCoordinator.process(SchemaManagementToolCoordinator.java:100)
	at org.hibernate.boot.internal.SessionFactoryObserverForSchemaExport.sessionFactoryCreated(SessionFactoryObserverForSchemaExport.java:35)
	at org.hibernate.internal.SessionFactoryObserverChain.sessionFactoryCreated(SessionFactoryObserverChain.java:33)
	at org.hibernate.internal.SessionFactoryImpl.<init>(SessionFactoryImpl.java:327)
	at org.hibernate.internal.SessionFactoryRegistry.instantiateSessionFactory(SessionFactoryRegistry.java:64)
	at org.hibernate.boot.internal.SessionFactoryBuilderImpl.build(SessionFactoryBuilderImpl.java:458)
	at org.hibernate.jpa.boot.internal.EntityManagerFactoryBuilderImpl.build(EntityManagerFactoryBuilderImpl.java:1452)
	at org.springframework.orm.jpa.vendor.SpringHibernateJpaPersistenceProvider.createContainerEntityManagerFactory(SpringHibernateJpaPersistenceProvider.java:93)
	at org.springframework.orm.jpa.LocalContainerEntityManagerFactoryBean.createNativeEntityManagerFactory(LocalContainerEntityManagerFactoryBean.java:443)
	at org.springframework.orm.jpa.AbstractEntityManagerFactoryBean.buildNativeEntityManagerFactory(AbstractEntityManagerFactoryBean.java:436)
	... 107 more
2026-09-17 12:21:12 [restartedMain] INFO  com.patientmanagement.BackendApplication - Starting BackendApplication using Java 25.0.3 with PID 11756 (C:\Users\Vishal\Desktop\PatientDoctorManagement\backend\target\classes started by Vishal in C:\Users\Vishal\Desktop\PatientDoctorManagement\backend)
2026-09-17 12:21:12 [restartedMain] INFO  com.patientmanagement.BackendApplication - No active profile set, falling back to 1 default profile: "default"
2026-09-17 12:21:12 [restartedMain] INFO  org.springframework.boot.devtools.env.DevToolsPropertyDefaultsPostProcessor - Devtools property defaults active! Set 'spring.devtools.add-properties' to 'false' to disable
2026-09-17 12:21:12 [restartedMain] INFO  org.springframework.boot.devtools.env.DevToolsPropertyDefaultsPostProcessor - For additional web related logging consider setting the 'logging.level.web' property to 'DEBUG'
2026-09-17 12:21:12 [background-preinit] INFO  org.hibernate.validator.internal.util.Version - HV000001: Hibernate Validator 9.1.3.Final
2026-09-17 12:21:13 [restartedMain] INFO  org.springframework.data.repository.config.RepositoryConfigurationDelegate - Bootstrapping Spring Data JPA repositories in DEFAULT mode.
2026-09-17 12:21:13 [restartedMain] INFO  org.springframework.data.repository.config.RepositoryConfigurationDelegate - Finished Spring Data repository scanning in 47 ms. Found 5 JPA repository interfaces.
2026-09-17 12:21:13 [restartedMain] INFO  org.springframework.boot.tomcat.TomcatWebServer - Tomcat initialized with port 8080 (http)
2026-09-17 12:21:13 [restartedMain] INFO  org.apache.coyote.http11.Http11NioProtocol - Initializing ProtocolHandler ["http-nio-8080"]
2026-09-17 12:21:13 [restartedMain] INFO  org.apache.catalina.core.StandardService - Starting service [Tomcat]
2026-09-17 12:21:13 [restartedMain] INFO  org.apache.catalina.core.StandardEngine - Starting Servlet engine: [Apache Tomcat/11.0.24]
2026-09-17 12:21:13 [restartedMain] INFO  org.springframework.boot.web.context.servlet.WebApplicationContextInitializer - Root WebApplicationContext: initialization completed in 1751 ms
2026-09-17 12:21:14 [restartedMain] INFO  org.hibernate.orm.jpa - HHH008540: Processing PersistenceUnitInfo [name: default]
2026-09-17 12:21:14 [restartedMain] INFO  org.hibernate.orm.core - HHH000001: Hibernate ORM core version 7.4.5.Final
2026-09-17 12:21:14 [restartedMain] INFO  org.springframework.orm.jpa.persistenceunit.SpringPersistenceUnitInfo - No LoadTimeWeaver setup: ignoring JPA class transformer
2026-09-17 12:21:14 [restartedMain] INFO  com.zaxxer.hikari.HikariDataSource - HikariPool-1 - Starting...
2026-09-17 12:21:14 [restartedMain] INFO  com.zaxxer.hikari.pool.HikariPool - HikariPool-1 - Added connection ConnectionID:1 ClientConnectionId: 1c7d4878-4c37-4ce0-95bc-de2529cea38b
2026-09-17 12:21:14 [restartedMain] INFO  com.zaxxer.hikari.HikariDataSource - HikariPool-1 - Start completed.
2026-09-17 12:21:15 [restartedMain] WARN  org.hibernate.orm.deprecation - HHH90000025: SQLServerDialect does not need to be specified explicitly using 'hibernate.dialect' (remove the property setting and it will be selected by default)
2026-09-17 12:21:15 [restartedMain] INFO  org.hibernate.orm.connections.pooling - HHH10001005: Database info:
	Database JDBC URL [jdbc:sqlserver://localhost:1433;concatNullYieldsNull=ON;quotedIdentifier=ON;connectRetryInterval=10;connectRetryCount=1;maxResultBuffer=-1;sendTemporalDataTypesAsStringForBulkCopy=true;delayLoadingLobs=true;useFmtOnly=false;vectorTypeSupport=v1;cacheBulkCopyMetadata=false;bulkCopyForBatchInsertAllowEncryptedValueModifications=false;bulkCopyForBatchInsertTableLock=false;bulkCopyForBatchInsertKeepNulls=false;bulkCopyForBatchInsertKeepIdentity=false;bulkCopyForBatchInsertFireTriggers=false;bulkCopyForBatchInsertCheckConstraints=false;bulkCopyForBatchInsertBatchSize=0;useBulkCopyForBatchInsert=false;cancelQueryTimeout=-1;sslProtocol=TLS;calcBigDecimalPrecision=false;useDefaultJaasConfig=false;jaasConfigurationName=SQLJDBCDriver;statementPoolingCacheSize=0;serverPreparedStatementDiscardThreshold=10;enablePrepareOnFirstPreparedStatementCall=false;fips=false;socketTimeout=0;authentication=NotSpecified;authenticationScheme=nativeAuthentication;xopenStates=false;datetimeParameterType=datetime2;sendTimeAsDatetime=false;replication=false;trustStoreType=JKS;trustServerCertificate=true;TransparentNetworkIPResolution=true;iPAddressPreference=IPv4First;serverNameAsACE=false;sendStringParametersAsUnicode=true;selectMethod=direct;responseBuffering=adaptive;queryTimeout=-1;packetSize=8000;multiSubnetFailover=false;loginTimeout=30;lockTimeout=-1;lastUpdateCount=true;useDefaultGSSCredential=false;prepareMethod=prepexec;encrypt=true;disableStatementPooling=true;databaseName=PatientManagementDB;columnEncryptionSetting=Disabled;applicationName=Microsoft JDBC Driver for SQL Server;applicationIntent=readwrite;]
	Database driver: Microsoft JDBC Driver 13.4 for SQL Server
	Database dialect: SQLServerDialect
	Database version: 17.0
	Default catalog/schema: PatientManagementDB/dbo
	Autocommit mode: undefined/unknown
	Isolation level: READ_COMMITTED [default READ_COMMITTED]
	JDBC fetch size: 128
	Pool: DataSourceConnectionProvider
	Minimum pool size: undefined/unknown
	Maximum pool size: undefined/unknown
2026-09-17 12:21:16 [restartedMain] INFO  org.hibernate.orm.core - HHH000489: No JTA platform available (set 'hibernate.transaction.jta.platform' to enable JTA platform integration)
2026-09-17 12:21:16 [restartedMain] ERROR org.springframework.orm.jpa.LocalContainerEntityManagerFactoryBean - Failed to initialize JPA EntityManagerFactory: Unable to build Hibernate SessionFactory  [persistence unit: default] ; nested exception is org.hibernate.tool.schema.spi.SchemaManagementException: Schema validation: missing table [patient_files]
2026-09-17 12:21:16 [restartedMain] ERROR org.springframework.boot.tomcat.servlet.DeferredServletContainerInitializers - Error starting Tomcat context. Exception: org.springframework.beans.factory.UnsatisfiedDependencyException. Message: Error creating bean with name 'jwtAuthenticationFilter' defined in file [C:\Users\Vishal\Desktop\PatientDoctorManagement\backend\target\classes\com\patientmanagement\security\JwtAuthenticationFilter.class]: Unsatisfied dependency expressed through constructor parameter 1: Error creating bean with name 'customUserDetailsService' defined in file [C:\Users\Vishal\Desktop\PatientDoctorManagement\backend\target\classes\com\patientmanagement\security\CustomUserDetailsService.class]: Unsatisfied dependency expressed through constructor parameter 0: Error creating bean with name 'userRepository' defined in com.patientmanagement.repository.UserRepository defined in @EnableJpaRepositories declared on DataJpaRepositoriesRegistrar.EnableJpaRepositoriesConfiguration: Cannot resolve reference to bean 'jpaSharedEM_entityManagerFactory' while setting bean property 'entityManager'
2026-09-17 12:21:16 [restartedMain] INFO  org.apache.catalina.core.StandardService - Stopping service [Tomcat]
2026-09-17 12:21:16 [restartedMain] WARN  org.apache.catalina.loader.WebappClassLoaderBase - The web application [ROOT] appears to have started a thread named [mssql-jdbc-shared-timer-core-0] but has failed to stop it. This is very likely to create a memory leak. Stack trace of thread:
 java.base/jdk.internal.misc.Unsafe.park(Native Method)
 java.base/java.util.concurrent.locks.LockSupport.parkNanos(LockSupport.java:271)
 java.base/java.util.concurrent.locks.AbstractQueuedSynchronizer$ConditionObject.awaitNanos(AbstractQueuedSynchronizer.java:1803)
 java.base/java.util.concurrent.ScheduledThreadPoolExecutor$DelayedWorkQueue.take(ScheduledThreadPoolExecutor.java:1166)
 java.base/java.util.concurrent.ScheduledThreadPoolExecutor$DelayedWorkQueue.take(ScheduledThreadPoolExecutor.java:883)
 java.base/java.util.concurrent.ThreadPoolExecutor.getTask(ThreadPoolExecutor.java:1016)
 java.base/java.util.concurrent.ThreadPoolExecutor.runWorker(ThreadPoolExecutor.java:1076)
 java.base/java.util.concurrent.ThreadPoolExecutor$Worker.run(ThreadPoolExecutor.java:614)
 java.base/java.lang.Thread.run(Thread.java:1474)
2026-09-17 12:21:16 [restartedMain] WARN  org.apache.catalina.loader.WebappClassLoaderBase - The web application [ROOT] appears to have started a thread named [HikariPool-1:housekeeper] but has failed to stop it. This is very likely to create a memory leak. Stack trace of thread:
 java.base/jdk.internal.misc.Unsafe.park(Native Method)
 java.base/java.util.concurrent.locks.LockSupport.parkNanos(LockSupport.java:271)
 java.base/java.util.concurrent.locks.AbstractQueuedSynchronizer$ConditionObject.awaitNanos(AbstractQueuedSynchronizer.java:1803)
 java.base/java.util.concurrent.ScheduledThreadPoolExecutor$DelayedWorkQueue.take(ScheduledThreadPoolExecutor.java:1166)
 java.base/java.util.concurrent.ScheduledThreadPoolExecutor$DelayedWorkQueue.take(ScheduledThreadPoolExecutor.java:883)
 java.base/java.util.concurrent.ThreadPoolExecutor.getTask(ThreadPoolExecutor.java:1016)
 java.base/java.util.concurrent.ThreadPoolExecutor.runWorker(ThreadPoolExecutor.java:1076)
 java.base/java.util.concurrent.ThreadPoolExecutor$Worker.run(ThreadPoolExecutor.java:614)
 java.base/java.lang.Thread.run(Thread.java:1474)
2026-09-17 12:21:16 [restartedMain] WARN  org.apache.catalina.loader.WebappClassLoaderBase - The web application [ROOT] appears to have started a thread named [HikariPool-1:connection-adder] but has failed to stop it. This is very likely to create a memory leak. Stack trace of thread:
 java.base/sun.nio.ch.Net.poll(Native Method)
 java.base/sun.nio.ch.NioSocketImpl.park(NioSocketImpl.java:190)
 java.base/sun.nio.ch.NioSocketImpl.park(NioSocketImpl.java:200)
 java.base/sun.nio.ch.NioSocketImpl.implRead(NioSocketImpl.java:307)
 java.base/sun.nio.ch.NioSocketImpl.read(NioSocketImpl.java:354)
 java.base/sun.nio.ch.NioSocketImpl$1.read(NioSocketImpl.java:798)
 java.base/java.net.Socket$SocketInputStream.implRead(Socket.java:974)
 java.base/java.net.Socket$SocketInputStream.read(Socket.java:964)
 com.microsoft.sqlserver.jdbc.TDSChannel$ProxyInputStream.readInternal(IOBuffer.java:1228)
 com.microsoft.sqlserver.jdbc.TDSChannel$ProxyInputStream.read(IOBuffer.java:1214)
 com.microsoft.sqlserver.jdbc.TDSChannel$ProxyInputStream.readInternal(IOBuffer.java:1228)
 com.microsoft.sqlserver.jdbc.TDSChannel$ProxyInputStream.read(IOBuffer.java:1214)
 java.base/sun.security.ssl.SSLSocketInputRecord.read(SSLSocketInputRecord.java:489)
 java.base/sun.security.ssl.SSLSocketInputRecord.readHeader(SSLSocketInputRecord.java:483)
 java.base/sun.security.ssl.SSLSocketInputRecord.bytesInCompletePacket(SSLSocketInputRecord.java:70)
 java.base/sun.security.ssl.SSLSocketImpl.readApplicationRecord(SSLSocketImpl.java:1461)
 java.base/sun.security.ssl.SSLSocketImpl$AppInputStream.read(SSLSocketImpl.java:1068)
 com.microsoft.sqlserver.jdbc.TDSChannel$ProxyInputStream.readInternal(IOBuffer.java:1228)
 com.microsoft.sqlserver.jdbc.TDSChannel$ProxyInputStream.read(IOBuffer.java:1214)
 com.microsoft.sqlserver.jdbc.TDSChannel.read(IOBuffer.java:2191)
 com.microsoft.sqlserver.jdbc.TDSReader.readPacket(IOBuffer.java:6982)
 com.microsoft.sqlserver.jdbc.TDSCommand.startResponse(IOBuffer.java:8234)
 com.microsoft.sqlserver.jdbc.TDSCommand.startResponse(IOBuffer.java:8197)
 com.microsoft.sqlserver.jdbc.SQLServerConnection.sendLogon(SQLServerConnection.java:7721)
 com.microsoft.sqlserver.jdbc.SQLServerConnection.logon(SQLServerConnection.java:6147)
 com.microsoft.sqlserver.jdbc.SQLServerConnection$LogonCommand.doExecute(SQLServerConnection.java:6079)
 com.microsoft.sqlserver.jdbc.TDSCommand.execute(IOBuffer.java:7832)
 com.microsoft.sqlserver.jdbc.SQLServerConnection.executeCommand(SQLServerConnection.java:5024)
 com.microsoft.sqlserver.jdbc.SQLServerConnection.connectHelper(SQLServerConnection.java:4412)
 com.microsoft.sqlserver.jdbc.SQLServerConnection.login(SQLServerConnection.java:3937)
 com.microsoft.sqlserver.jdbc.SQLServerConnection.connectInternal(SQLServerConnection.java:3700)
 com.microsoft.sqlserver.jdbc.SQLServerConnection.connect(SQLServerConnection.java:2385)
 com.microsoft.sqlserver.jdbc.SQLServerDriver.connect(SQLServerDriver.java:1453)
 com.zaxxer.hikari.util.DriverDataSource.getConnection(DriverDataSource.java:144)
 com.zaxxer.hikari.pool.PoolBase.newConnection(PoolBase.java:373)
 com.zaxxer.hikari.pool.PoolBase.newPoolEntry(PoolBase.java:210)
 com.zaxxer.hikari.pool.HikariPool.createPoolEntry(HikariPool.java:488)
 com.zaxxer.hikari.pool.HikariPool$PoolEntryCreator.call(HikariPool.java:752)
 com.zaxxer.hikari.pool.HikariPool$PoolEntryCreator.call(HikariPool.java:731)
 java.base/java.util.concurrent.FutureTask.run(FutureTask.java:328)
 java.base/java.util.concurrent.ThreadPoolExecutor.runWorker(ThreadPoolExecutor.java:1090)
 java.base/java.util.concurrent.ThreadPoolExecutor$Worker.run(ThreadPoolExecutor.java:614)
 java.base/java.lang.Thread.run(Thread.java:1474)
2026-09-17 12:21:16 [restartedMain] WARN  org.springframework.boot.web.server.servlet.context.AnnotationConfigServletWebServerApplicationContext - Exception encountered during context initialization - cancelling refresh attempt: org.springframework.context.ApplicationContextException: Unable to start web server
2026-09-17 12:21:16 [restartedMain] INFO  com.zaxxer.hikari.HikariDataSource - HikariPool-1 - Shutdown initiated...
2026-09-17 12:21:16 [restartedMain] INFO  com.zaxxer.hikari.HikariDataSource - HikariPool-1 - Shutdown completed.
2026-09-17 12:21:16 [restartedMain] INFO  org.springframework.boot.autoconfigure.logging.ConditionEvaluationReportLogger - 

Error starting ApplicationContext. To display the condition evaluation report re-run your application with 'debug' enabled.
2026-09-17 12:21:16 [restartedMain] ERROR org.springframework.boot.SpringApplication - Application run failed
org.springframework.context.ApplicationContextException: Unable to start web server
	at org.springframework.boot.web.server.servlet.context.ServletWebServerApplicationContext.onRefresh(ServletWebServerApplicationContext.java:167)
	at org.springframework.context.support.AbstractApplicationContext.refresh(AbstractApplicationContext.java:615)
	at org.springframework.boot.web.server.servlet.context.ServletWebServerApplicationContext.refresh(ServletWebServerApplicationContext.java:143)
	at org.springframework.boot.SpringApplication.refresh(SpringApplication.java:756)
	at org.springframework.boot.SpringApplication.refreshContext(SpringApplication.java:445)
	at org.springframework.boot.SpringApplication.run(SpringApplication.java:321)
	at org.springframework.boot.SpringApplication.run(SpringApplication.java:1365)
	at org.springframework.boot.SpringApplication.run(SpringApplication.java:1354)
	at com.patientmanagement.BackendApplication.main(BackendApplication.java:10)
	at java.base/jdk.internal.reflect.DirectMethodHandleAccessor.invoke(DirectMethodHandleAccessor.java:104)
	at java.base/java.lang.reflect.Method.invoke(Method.java:565)
	at org.springframework.boot.devtools.restart.RestartLauncher.run(RestartLauncher.java:52)
Caused by: org.springframework.boot.web.server.WebServerException: Unable to start embedded Tomcat
	at org.springframework.boot.tomcat.TomcatWebServer.initialize(TomcatWebServer.java:150)
	at org.springframework.boot.tomcat.TomcatWebServer.<init>(TomcatWebServer.java:110)
	at org.springframework.boot.tomcat.servlet.TomcatServletWebServerFactory.getTomcatWebServer(TomcatServletWebServerFactory.java:429)
	at org.springframework.boot.tomcat.servlet.TomcatServletWebServerFactory.getWebServer(TomcatServletWebServerFactory.java:167)
	at org.springframework.boot.web.server.servlet.context.ServletWebServerApplicationContext.createWebServer(ServletWebServerApplicationContext.java:190)
	at org.springframework.boot.web.server.servlet.context.ServletWebServerApplicationContext.onRefresh(ServletWebServerApplicationContext.java:164)
	... 11 more
Caused by: org.springframework.beans.factory.UnsatisfiedDependencyException: Error creating bean with name 'jwtAuthenticationFilter' defined in file [C:\Users\Vishal\Desktop\PatientDoctorManagement\backend\target\classes\com\patientmanagement\security\JwtAuthenticationFilter.class]: Unsatisfied dependency expressed through constructor parameter 1: Error creating bean with name 'customUserDetailsService' defined in file [C:\Users\Vishal\Desktop\PatientDoctorManagement\backend\target\classes\com\patientmanagement\security\CustomUserDetailsService.class]: Unsatisfied dependency expressed through constructor parameter 0: Error creating bean with name 'userRepository' defined in com.patientmanagement.repository.UserRepository defined in @EnableJpaRepositories declared on DataJpaRepositoriesRegistrar.EnableJpaRepositoriesConfiguration: Cannot resolve reference to bean 'jpaSharedEM_entityManagerFactory' while setting bean property 'entityManager'
	at org.springframework.beans.factory.support.ConstructorResolver.createArgumentArray(ConstructorResolver.java:804)
	at org.springframework.beans.factory.support.ConstructorResolver.autowireConstructor(ConstructorResolver.java:240)
	at org.springframework.beans.factory.support.AbstractAutowireCapableBeanFactory.autowireConstructor(AbstractAutowireCapableBeanFactory.java:1380)
	at org.springframework.beans.factory.support.AbstractAutowireCapableBeanFactory.createBeanInstance(AbstractAutowireCapableBeanFactory.java:1219)
	at org.springframework.beans.factory.support.AbstractAutowireCapableBeanFactory.doCreateBean(AbstractAutowireCapableBeanFactory.java:565)
	at org.springframework.beans.factory.support.AbstractAutowireCapableBeanFactory.createBean(AbstractAutowireCapableBeanFactory.java:525)
	at org.springframework.beans.factory.support.AbstractBeanFactory.lambda$doGetBean$0(AbstractBeanFactory.java:333)
	at org.springframework.beans.factory.support.DefaultSingletonBeanRegistry.getSingleton(DefaultSingletonBeanRegistry.java:371)
	at org.springframework.beans.factory.support.AbstractBeanFactory.doGetBean(AbstractBeanFactory.java:331)
	at org.springframework.beans.factory.support.AbstractBeanFactory.getBean(AbstractBeanFactory.java:201)
	at org.springframework.boot.web.servlet.ServletContextInitializerBeans.getOrderedBeansOfType(ServletContextInitializerBeans.java:231)
	at org.springframework.boot.web.servlet.ServletContextInitializerBeans.addAsRegistrationBean(ServletContextInitializerBeans.java:185)
	at org.springframework.boot.web.servlet.ServletContextInitializerBeans.addAsRegistrationBean(ServletContextInitializerBeans.java:180)
	at org.springframework.boot.web.servlet.ServletContextInitializerBeans.addAdaptableBeans(ServletContextInitializerBeans.java:165)
	at org.springframework.boot.web.servlet.ServletContextInitializerBeans.<init>(ServletContextInitializerBeans.java:97)
	at org.springframework.boot.web.context.servlet.WebApplicationContextInitializer.initialize(WebApplicationContextInitializer.java:53)
	at org.springframework.boot.tomcat.servlet.DeferredServletContainerInitializers.onStartup(DeferredServletContainerInitializers.java:55)
	at org.apache.catalina.core.StandardContext.startInternal(StandardContext.java:4573)
	at org.apache.catalina.util.LifecycleBase.start(LifecycleBase.java:170)
	at org.apache.catalina.core.ContainerBase$StartChild.call(ContainerBase.java:1204)
	at org.apache.catalina.core.ContainerBase$StartChild.call(ContainerBase.java:1200)
	at java.base/java.util.concurrent.FutureTask.run(FutureTask.java:328)
	at org.apache.tomcat.util.threads.InlineExecutorService.execute(InlineExecutorService.java:92)
	at java.base/java.util.concurrent.AbstractExecutorService.submit(AbstractExecutorService.java:149)
	at org.apache.catalina.core.ContainerBase.startInternal(ContainerBase.java:732)
	at org.apache.catalina.core.StandardHost.startInternal(StandardHost.java:794)
	at org.apache.catalina.util.LifecycleBase.start(LifecycleBase.java:170)
	at org.apache.catalina.core.ContainerBase$StartChild.call(ContainerBase.java:1204)
	at org.apache.catalina.core.ContainerBase$StartChild.call(ContainerBase.java:1200)
	at java.base/java.util.concurrent.FutureTask.run(FutureTask.java:328)
	at org.apache.tomcat.util.threads.InlineExecutorService.execute(InlineExecutorService.java:92)
	at java.base/java.util.concurrent.AbstractExecutorService.submit(AbstractExecutorService.java:149)
	at org.apache.catalina.core.ContainerBase.startInternal(ContainerBase.java:732)
	at org.apache.catalina.core.StandardEngine.startInternal(StandardEngine.java:201)
	at org.apache.catalina.util.LifecycleBase.start(LifecycleBase.java:170)
	at org.apache.catalina.core.StandardService.startInternal(StandardService.java:433)
	at org.apache.catalina.util.LifecycleBase.start(LifecycleBase.java:170)
	at org.apache.catalina.core.StandardServer.startInternal(StandardServer.java:871)
	at org.apache.catalina.util.LifecycleBase.start(LifecycleBase.java:170)
	at org.apache.catalina.startup.Tomcat.start(Tomcat.java:452)
	at org.springframework.boot.tomcat.TomcatWebServer.initialize(TomcatWebServer.java:131)
	... 16 more
Caused by: org.springframework.beans.factory.UnsatisfiedDependencyException: Error creating bean with name 'customUserDetailsService' defined in file [C:\Users\Vishal\Desktop\PatientDoctorManagement\backend\target\classes\com\patientmanagement\security\CustomUserDetailsService.class]: Unsatisfied dependency expressed through constructor parameter 0: Error creating bean with name 'userRepository' defined in com.patientmanagement.repository.UserRepository defined in @EnableJpaRepositories declared on DataJpaRepositoriesRegistrar.EnableJpaRepositoriesConfiguration: Cannot resolve reference to bean 'jpaSharedEM_entityManagerFactory' while setting bean property 'entityManager'
	at org.springframework.beans.factory.support.ConstructorResolver.createArgumentArray(ConstructorResolver.java:804)
	at org.springframework.beans.factory.support.ConstructorResolver.autowireConstructor(ConstructorResolver.java:240)
	at org.springframework.beans.factory.support.AbstractAutowireCapableBeanFactory.autowireConstructor(AbstractAutowireCapableBeanFactory.java:1380)
	at org.springframework.beans.factory.support.AbstractAutowireCapableBeanFactory.createBeanInstance(AbstractAutowireCapableBeanFactory.java:1219)
	at org.springframework.beans.factory.support.AbstractAutowireCapableBeanFactory.doCreateBean(AbstractAutowireCapableBeanFactory.java:565)
	at org.springframework.beans.factory.support.AbstractAutowireCapableBeanFactory.createBean(AbstractAutowireCapableBeanFactory.java:525)
	at org.springframework.beans.factory.support.AbstractBeanFactory.lambda$doGetBean$0(AbstractBeanFactory.java:333)
	at org.springframework.beans.factory.support.DefaultSingletonBeanRegistry.getSingleton(DefaultSingletonBeanRegistry.java:371)
	at org.springframework.beans.factory.support.AbstractBeanFactory.doGetBean(AbstractBeanFactory.java:331)
	at org.springframework.beans.factory.support.AbstractBeanFactory.getBean(AbstractBeanFactory.java:201)
	at org.springframework.beans.factory.config.DependencyDescriptor.resolveCandidate(DependencyDescriptor.java:229)
	at org.springframework.beans.factory.support.DefaultListableBeanFactory.doResolveDependency(DefaultListableBeanFactory.java:1769)
	at org.springframework.beans.factory.support.DefaultListableBeanFactory.resolveDependency(DefaultListableBeanFactory.java:1658)
	at org.springframework.beans.factory.support.ConstructorResolver.resolveAutowiredArgument(ConstructorResolver.java:912)
	at org.springframework.beans.factory.support.ConstructorResolver.createArgumentArray(ConstructorResolver.java:791)
	... 56 more
Caused by: org.springframework.beans.factory.BeanCreationException: Error creating bean with name 'userRepository' defined in com.patientmanagement.repository.UserRepository defined in @EnableJpaRepositories declared on DataJpaRepositoriesRegistrar.EnableJpaRepositoriesConfiguration: Cannot resolve reference to bean 'jpaSharedEM_entityManagerFactory' while setting bean property 'entityManager'
	at org.springframework.beans.factory.support.BeanDefinitionValueResolver.resolveReference(BeanDefinitionValueResolver.java:377)
	at org.springframework.beans.factory.support.BeanDefinitionValueResolver.resolveValueIfNecessary(BeanDefinitionValueResolver.java:135)
	at org.springframework.beans.factory.support.AbstractAutowireCapableBeanFactory.applyPropertyValues(AbstractAutowireCapableBeanFactory.java:1710)
	at org.springframework.beans.factory.support.AbstractAutowireCapableBeanFactory.populateBean(AbstractAutowireCapableBeanFactory.java:1459)
	at org.springframework.beans.factory.support.AbstractAutowireCapableBeanFactory.doCreateBean(AbstractAutowireCapableBeanFactory.java:602)
	at org.springframework.beans.factory.support.AbstractAutowireCapableBeanFactory.createBean(AbstractAutowireCapableBeanFactory.java:525)
	at org.springframework.beans.factory.support.AbstractBeanFactory.lambda$doGetBean$0(AbstractBeanFactory.java:333)
	at org.springframework.beans.factory.support.DefaultSingletonBeanRegistry.getSingleton(DefaultSingletonBeanRegistry.java:371)
	at org.springframework.beans.factory.support.AbstractBeanFactory.doGetBean(AbstractBeanFactory.java:331)
	at org.springframework.beans.factory.support.AbstractBeanFactory.getBean(AbstractBeanFactory.java:201)
	at org.springframework.beans.factory.support.DefaultListableBeanFactory.resolveBean(DefaultListableBeanFactory.java:1232)
	at org.springframework.beans.factory.support.DefaultListableBeanFactory.doResolveDependency(DefaultListableBeanFactory.java:1711)
	at org.springframework.beans.factory.support.DefaultListableBeanFactory.resolveDependency(DefaultListableBeanFactory.java:1658)
	at org.springframework.beans.factory.support.ConstructorResolver.resolveAutowiredArgument(ConstructorResolver.java:912)
	at org.springframework.beans.factory.support.ConstructorResolver.createArgumentArray(ConstructorResolver.java:791)
	... 70 more
Caused by: org.springframework.beans.factory.BeanCreationException: Error creating bean with name 'jpaSharedEM_entityManagerFactory': Cannot resolve reference to bean 'entityManagerFactory' while setting constructor argument
	at org.springframework.beans.factory.support.BeanDefinitionValueResolver.resolveReference(BeanDefinitionValueResolver.java:377)
	at org.springframework.beans.factory.support.BeanDefinitionValueResolver.resolveValueIfNecessary(BeanDefinitionValueResolver.java:135)
	at org.springframework.beans.factory.support.ConstructorResolver.resolveConstructorArguments(ConstructorResolver.java:691)
	at org.springframework.beans.factory.support.ConstructorResolver.instantiateUsingFactoryMethod(ConstructorResolver.java:513)
	at org.springframework.beans.factory.support.AbstractAutowireCapableBeanFactory.instantiateUsingFactoryMethod(AbstractAutowireCapableBeanFactory.java:1360)
	at org.springframework.beans.factory.support.AbstractAutowireCapableBeanFactory.createBeanInstance(AbstractAutowireCapableBeanFactory.java:1192)
	at org.springframework.beans.factory.support.AbstractAutowireCapableBeanFactory.doCreateBean(AbstractAutowireCapableBeanFactory.java:565)
	at org.springframework.beans.factory.support.AbstractAutowireCapableBeanFactory.createBean(AbstractAutowireCapableBeanFactory.java:525)
	at org.springframework.beans.factory.support.AbstractBeanFactory.lambda$doGetBean$0(AbstractBeanFactory.java:333)
	at org.springframework.beans.factory.support.DefaultSingletonBeanRegistry.getSingleton(DefaultSingletonBeanRegistry.java:371)
	at org.springframework.beans.factory.support.AbstractBeanFactory.doGetBean(AbstractBeanFactory.java:331)
	at org.springframework.beans.factory.support.AbstractBeanFactory.getBean(AbstractBeanFactory.java:201)
	at org.springframework.beans.factory.support.BeanDefinitionValueResolver.resolveReference(BeanDefinitionValueResolver.java:356)
	... 84 more
Caused by: org.springframework.beans.factory.BeanCreationException: Error creating bean with name 'entityManagerFactory' defined in class path resource [org/springframework/boot/hibernate/autoconfigure/HibernateJpaConfiguration.class]: Unable to build Hibernate SessionFactory  [persistence unit: default] ; nested exception is org.hibernate.tool.schema.spi.SchemaManagementException: Schema validation: missing table [patient_files]
	at org.springframework.beans.factory.support.AbstractAutowireCapableBeanFactory.initializeBean(AbstractAutowireCapableBeanFactory.java:1815)
	at org.springframework.beans.factory.support.AbstractAutowireCapableBeanFactory.doCreateBean(AbstractAutowireCapableBeanFactory.java:603)
	at org.springframework.beans.factory.support.AbstractAutowireCapableBeanFactory.createBean(AbstractAutowireCapableBeanFactory.java:525)
	at org.springframework.beans.factory.support.AbstractBeanFactory.lambda$doGetBean$0(AbstractBeanFactory.java:333)
	at org.springframework.beans.factory.support.DefaultSingletonBeanRegistry.getSingleton(DefaultSingletonBeanRegistry.java:371)
	at org.springframework.beans.factory.support.AbstractBeanFactory.doGetBean(AbstractBeanFactory.java:331)
	at org.springframework.beans.factory.support.AbstractBeanFactory.getBean(AbstractBeanFactory.java:196)
	at org.springframework.beans.factory.support.BeanDefinitionValueResolver.resolveReference(BeanDefinitionValueResolver.java:365)
	... 96 more
Caused by: jakarta.persistence.PersistenceException: Unable to build Hibernate SessionFactory  [persistence unit: default] ; nested exception is org.hibernate.tool.schema.spi.SchemaManagementException: Schema validation: missing table [patient_files]
	at org.springframework.orm.jpa.AbstractEntityManagerFactoryBean.buildNativeEntityManagerFactory(AbstractEntityManagerFactoryBean.java:448)
	at org.springframework.orm.jpa.AbstractEntityManagerFactoryBean.afterPropertiesSet(AbstractEntityManagerFactoryBean.java:411)
	at org.springframework.orm.jpa.LocalContainerEntityManagerFactoryBean.afterPropertiesSet(LocalContainerEntityManagerFactoryBean.java:419)
	at org.springframework.beans.factory.support.AbstractAutowireCapableBeanFactory.invokeInitMethods(AbstractAutowireCapableBeanFactory.java:1862)
	at org.springframework.beans.factory.support.AbstractAutowireCapableBeanFactory.initializeBean(AbstractAutowireCapableBeanFactory.java:1811)
	... 103 more
Caused by: org.hibernate.tool.schema.spi.SchemaManagementException: Schema validation: missing table [patient_files]
	at org.hibernate.tool.schema.internal.AbstractSchemaValidator.validateTable(AbstractSchemaValidator.java:128)
	at org.hibernate.tool.schema.internal.GroupedSchemaValidatorImpl.validateTables(GroupedSchemaValidatorImpl.java:42)
	at org.hibernate.tool.schema.internal.AbstractSchemaValidator.performValidation(AbstractSchemaValidator.java:97)
	at org.hibernate.tool.schema.internal.AbstractSchemaValidator.doValidation(AbstractSchemaValidator.java:75)
	at org.hibernate.tool.schema.spi.SchemaManagementToolCoordinator.performDatabaseAction(SchemaManagementToolCoordinator.java:278)
	at org.hibernate.tool.schema.spi.SchemaManagementToolCoordinator.lambda$process$1(SchemaManagementToolCoordinator.java:101)
	at java.base/java.util.HashMap.forEach(HashMap.java:1430)
	at org.hibernate.tool.schema.spi.SchemaManagementToolCoordinator.process(SchemaManagementToolCoordinator.java:100)
	at org.hibernate.boot.internal.SessionFactoryObserverForSchemaExport.sessionFactoryCreated(SessionFactoryObserverForSchemaExport.java:35)
	at org.hibernate.internal.SessionFactoryObserverChain.sessionFactoryCreated(SessionFactoryObserverChain.java:33)
	at org.hibernate.internal.SessionFactoryImpl.<init>(SessionFactoryImpl.java:327)
	at org.hibernate.internal.SessionFactoryRegistry.instantiateSessionFactory(SessionFactoryRegistry.java:64)
	at org.hibernate.boot.internal.SessionFactoryBuilderImpl.build(SessionFactoryBuilderImpl.java:458)
	at org.hibernate.jpa.boot.internal.EntityManagerFactoryBuilderImpl.build(EntityManagerFactoryBuilderImpl.java:1452)
	at org.springframework.orm.jpa.vendor.SpringHibernateJpaPersistenceProvider.createContainerEntityManagerFactory(SpringHibernateJpaPersistenceProvider.java:93)
	at org.springframework.orm.jpa.LocalContainerEntityManagerFactoryBean.createNativeEntityManagerFactory(LocalContainerEntityManagerFactoryBean.java:443)
	at org.springframework.orm.jpa.AbstractEntityManagerFactoryBean.buildNativeEntityManagerFactory(AbstractEntityManagerFactoryBean.java:436)
	... 107 more
2026-09-17 12:31:21 [restartedMain] INFO  com.patientmanagement.BackendApplication - Starting BackendApplication using Java 25.0.3 with PID 19424 (C:\Users\Vishal\Desktop\PatientDoctorManagement\backend\target\classes started by Vishal in C:\Users\Vishal\Desktop\PatientDoctorManagement\backend)
2026-09-17 12:31:21 [restartedMain] INFO  com.patientmanagement.BackendApplication - No active profile set, falling back to 1 default profile: "default"
2026-09-17 12:31:21 [restartedMain] INFO  org.springframework.boot.devtools.env.DevToolsPropertyDefaultsPostProcessor - Devtools property defaults active! Set 'spring.devtools.add-properties' to 'false' to disable
2026-09-17 12:31:21 [restartedMain] INFO  org.springframework.boot.devtools.env.DevToolsPropertyDefaultsPostProcessor - For additional web related logging consider setting the 'logging.level.web' property to 'DEBUG'
2026-09-17 12:31:22 [background-preinit] INFO  org.hibernate.validator.internal.util.Version - HV000001: Hibernate Validator 9.1.3.Final
2026-09-17 12:31:23 [restartedMain] INFO  org.springframework.data.repository.config.RepositoryConfigurationDelegate - Bootstrapping Spring Data JPA repositories in DEFAULT mode.
2026-09-17 12:31:23 [restartedMain] INFO  org.springframework.data.repository.config.RepositoryConfigurationDelegate - Finished Spring Data repository scanning in 62 ms. Found 5 JPA repository interfaces.
2026-09-17 12:31:23 [restartedMain] INFO  org.springframework.boot.tomcat.TomcatWebServer - Tomcat initialized with port 8080 (http)
2026-09-17 12:31:23 [restartedMain] INFO  org.apache.coyote.http11.Http11NioProtocol - Initializing ProtocolHandler ["http-nio-8080"]
2026-09-17 12:31:23 [restartedMain] INFO  org.apache.catalina.core.StandardService - Starting service [Tomcat]
2026-09-17 12:31:23 [restartedMain] INFO  org.apache.catalina.core.StandardEngine - Starting Servlet engine: [Apache Tomcat/11.0.24]
2026-09-17 12:31:23 [restartedMain] INFO  org.springframework.boot.web.context.servlet.WebApplicationContextInitializer - Root WebApplicationContext: initialization completed in 1835 ms
2026-09-17 12:31:23 [restartedMain] INFO  org.hibernate.orm.jpa - HHH008540: Processing PersistenceUnitInfo [name: default]
2026-09-17 12:31:24 [restartedMain] INFO  org.hibernate.orm.core - HHH000001: Hibernate ORM core version 7.4.5.Final
2026-09-17 12:31:24 [restartedMain] INFO  org.springframework.orm.jpa.persistenceunit.SpringPersistenceUnitInfo - No LoadTimeWeaver setup: ignoring JPA class transformer
2026-09-17 12:31:24 [restartedMain] INFO  com.zaxxer.hikari.HikariDataSource - HikariPool-1 - Starting...
2026-09-17 12:31:25 [restartedMain] INFO  com.zaxxer.hikari.pool.HikariPool - HikariPool-1 - Added connection ConnectionID:1 ClientConnectionId: ca862115-c329-4b87-adf8-2a7b96fe0c88
2026-09-17 12:31:25 [restartedMain] INFO  com.zaxxer.hikari.HikariDataSource - HikariPool-1 - Start completed.
2026-09-17 12:31:25 [restartedMain] WARN  org.hibernate.orm.deprecation - HHH90000025: SQLServerDialect does not need to be specified explicitly using 'hibernate.dialect' (remove the property setting and it will be selected by default)
2026-09-17 12:31:25 [restartedMain] INFO  org.hibernate.orm.connections.pooling - HHH10001005: Database info:
	Database JDBC URL [jdbc:sqlserver://localhost:1433;concatNullYieldsNull=ON;quotedIdentifier=ON;connectRetryInterval=10;connectRetryCount=1;maxResultBuffer=-1;sendTemporalDataTypesAsStringForBulkCopy=true;delayLoadingLobs=true;useFmtOnly=false;vectorTypeSupport=v1;cacheBulkCopyMetadata=false;bulkCopyForBatchInsertAllowEncryptedValueModifications=false;bulkCopyForBatchInsertTableLock=false;bulkCopyForBatchInsertKeepNulls=false;bulkCopyForBatchInsertKeepIdentity=false;bulkCopyForBatchInsertFireTriggers=false;bulkCopyForBatchInsertCheckConstraints=false;bulkCopyForBatchInsertBatchSize=0;useBulkCopyForBatchInsert=false;cancelQueryTimeout=-1;sslProtocol=TLS;calcBigDecimalPrecision=false;useDefaultJaasConfig=false;jaasConfigurationName=SQLJDBCDriver;statementPoolingCacheSize=0;serverPreparedStatementDiscardThreshold=10;enablePrepareOnFirstPreparedStatementCall=false;fips=false;socketTimeout=0;authentication=NotSpecified;authenticationScheme=nativeAuthentication;xopenStates=false;datetimeParameterType=datetime2;sendTimeAsDatetime=false;replication=false;trustStoreType=JKS;trustServerCertificate=true;TransparentNetworkIPResolution=true;iPAddressPreference=IPv4First;serverNameAsACE=false;sendStringParametersAsUnicode=true;selectMethod=direct;responseBuffering=adaptive;queryTimeout=-1;packetSize=8000;multiSubnetFailover=false;loginTimeout=30;lockTimeout=-1;lastUpdateCount=true;useDefaultGSSCredential=false;prepareMethod=prepexec;encrypt=true;disableStatementPooling=true;databaseName=PatientManagementDB;columnEncryptionSetting=Disabled;applicationName=Microsoft JDBC Driver for SQL Server;applicationIntent=readwrite;]
	Database driver: Microsoft JDBC Driver 13.4 for SQL Server
	Database dialect: SQLServerDialect
	Database version: 17.0
	Default catalog/schema: PatientManagementDB/dbo
	Autocommit mode: undefined/unknown
	Isolation level: READ_COMMITTED [default READ_COMMITTED]
	JDBC fetch size: 128
	Pool: DataSourceConnectionProvider
	Minimum pool size: undefined/unknown
	Maximum pool size: undefined/unknown
2026-09-17 12:31:26 [restartedMain] INFO  org.hibernate.orm.core - HHH000489: No JTA platform available (set 'hibernate.transaction.jta.platform' to enable JTA platform integration)
2026-09-17 12:31:27 [restartedMain] ERROR org.springframework.orm.jpa.LocalContainerEntityManagerFactoryBean - Failed to initialize JPA EntityManagerFactory: Unable to build Hibernate SessionFactory  [persistence unit: default] ; nested exception is org.hibernate.tool.schema.spi.SchemaManagementException: Schema validation: missing table [patient_files]
2026-09-17 12:31:27 [restartedMain] ERROR org.springframework.boot.tomcat.servlet.DeferredServletContainerInitializers - Error starting Tomcat context. Exception: org.springframework.beans.factory.UnsatisfiedDependencyException. Message: Error creating bean with name 'jwtAuthenticationFilter' defined in file [C:\Users\Vishal\Desktop\PatientDoctorManagement\backend\target\classes\com\patientmanagement\security\JwtAuthenticationFilter.class]: Unsatisfied dependency expressed through constructor parameter 1: Error creating bean with name 'customUserDetailsService' defined in file [C:\Users\Vishal\Desktop\PatientDoctorManagement\backend\target\classes\com\patientmanagement\security\CustomUserDetailsService.class]: Unsatisfied dependency expressed through constructor parameter 0: Error creating bean with name 'userRepository' defined in com.patientmanagement.repository.UserRepository defined in @EnableJpaRepositories declared on DataJpaRepositoriesRegistrar.EnableJpaRepositoriesConfiguration: Cannot resolve reference to bean 'jpaSharedEM_entityManagerFactory' while setting bean property 'entityManager'
2026-09-17 12:31:27 [restartedMain] INFO  org.apache.catalina.core.StandardService - Stopping service [Tomcat]
2026-09-17 12:31:27 [restartedMain] WARN  org.apache.catalina.loader.WebappClassLoaderBase - The web application [ROOT] appears to have started a thread named [mssql-jdbc-shared-timer-core-0] but has failed to stop it. This is very likely to create a memory leak. Stack trace of thread:
 java.base/jdk.internal.misc.Unsafe.park(Native Method)
 java.base/java.util.concurrent.locks.LockSupport.parkNanos(LockSupport.java:271)
 java.base/java.util.concurrent.locks.AbstractQueuedSynchronizer$ConditionObject.awaitNanos(AbstractQueuedSynchronizer.java:1803)
 java.base/java.util.concurrent.ScheduledThreadPoolExecutor$DelayedWorkQueue.take(ScheduledThreadPoolExecutor.java:1166)
 java.base/java.util.concurrent.ScheduledThreadPoolExecutor$DelayedWorkQueue.take(ScheduledThreadPoolExecutor.java:883)
 java.base/java.util.concurrent.ThreadPoolExecutor.getTask(ThreadPoolExecutor.java:1016)
 java.base/java.util.concurrent.ThreadPoolExecutor.runWorker(ThreadPoolExecutor.java:1076)
 java.base/java.util.concurrent.ThreadPoolExecutor$Worker.run(ThreadPoolExecutor.java:614)
 java.base/java.lang.Thread.run(Thread.java:1474)
2026-09-17 12:31:27 [restartedMain] WARN  org.apache.catalina.loader.WebappClassLoaderBase - The web application [ROOT] appears to have started a thread named [HikariPool-1:housekeeper] but has failed to stop it. This is very likely to create a memory leak. Stack trace of thread:
 java.base/jdk.internal.misc.Unsafe.park(Native Method)
 java.base/java.util.concurrent.locks.LockSupport.parkNanos(LockSupport.java:271)
 java.base/java.util.concurrent.locks.AbstractQueuedSynchronizer$ConditionObject.awaitNanos(AbstractQueuedSynchronizer.java:1803)
 java.base/java.util.concurrent.ScheduledThreadPoolExecutor$DelayedWorkQueue.take(ScheduledThreadPoolExecutor.java:1166)
 java.base/java.util.concurrent.ScheduledThreadPoolExecutor$DelayedWorkQueue.take(ScheduledThreadPoolExecutor.java:883)
 java.base/java.util.concurrent.ThreadPoolExecutor.getTask(ThreadPoolExecutor.java:1016)
 java.base/java.util.concurrent.ThreadPoolExecutor.runWorker(ThreadPoolExecutor.java:1076)
 java.base/java.util.concurrent.ThreadPoolExecutor$Worker.run(ThreadPoolExecutor.java:614)
 java.base/java.lang.Thread.run(Thread.java:1474)
2026-09-17 12:31:27 [restartedMain] WARN  org.apache.catalina.loader.WebappClassLoaderBase - The web application [ROOT] appears to have started a thread named [HikariPool-1:connection-adder] but has failed to stop it. This is very likely to create a memory leak. Stack trace of thread:
 java.base/java.lang.Thread.sleepNanos0(Native Method)
 java.base/java.lang.Thread.sleepNanos(Thread.java:509)
 java.base/java.lang.Thread.sleep(Thread.java:540)
 com.zaxxer.hikari.util.UtilityElf.quietlySleep(UtilityElf.java:80)
 com.zaxxer.hikari.pool.HikariPool$PoolEntryCreator.call(HikariPool.java:757)
 com.zaxxer.hikari.pool.HikariPool$PoolEntryCreator.call(HikariPool.java:731)
 java.base/java.util.concurrent.FutureTask.run(FutureTask.java:328)
 java.base/java.util.concurrent.ThreadPoolExecutor.runWorker(ThreadPoolExecutor.java:1090)
 java.base/java.util.concurrent.ThreadPoolExecutor$Worker.run(ThreadPoolExecutor.java:614)
 java.base/java.lang.Thread.run(Thread.java:1474)
2026-09-17 12:31:27 [restartedMain] WARN  org.springframework.boot.web.server.servlet.context.AnnotationConfigServletWebServerApplicationContext - Exception encountered during context initialization - cancelling refresh attempt: org.springframework.context.ApplicationContextException: Unable to start web server
2026-09-17 12:31:27 [restartedMain] INFO  com.zaxxer.hikari.HikariDataSource - HikariPool-1 - Shutdown initiated...
2026-09-17 12:31:27 [restartedMain] INFO  com.zaxxer.hikari.HikariDataSource - HikariPool-1 - Shutdown completed.
2026-09-17 12:31:27 [restartedMain] INFO  org.springframework.boot.autoconfigure.logging.ConditionEvaluationReportLogger - 

Error starting ApplicationContext. To display the condition evaluation report re-run your application with 'debug' enabled.
2026-09-17 12:31:27 [restartedMain] ERROR org.springframework.boot.SpringApplication - Application run failed
org.springframework.context.ApplicationContextException: Unable to start web server
	at org.springframework.boot.web.server.servlet.context.ServletWebServerApplicationContext.onRefresh(ServletWebServerApplicationContext.java:167)
	at org.springframework.context.support.AbstractApplicationContext.refresh(AbstractApplicationContext.java:615)
	at org.springframework.boot.web.server.servlet.context.ServletWebServerApplicationContext.refresh(ServletWebServerApplicationContext.java:143)
	at org.springframework.boot.SpringApplication.refresh(SpringApplication.java:756)
	at org.springframework.boot.SpringApplication.refreshContext(SpringApplication.java:445)
	at org.springframework.boot.SpringApplication.run(SpringApplication.java:321)
	at org.springframework.boot.SpringApplication.run(SpringApplication.java:1365)
	at org.springframework.boot.SpringApplication.run(SpringApplication.java:1354)
	at com.patientmanagement.BackendApplication.main(BackendApplication.java:10)
	at java.base/jdk.internal.reflect.DirectMethodHandleAccessor.invoke(DirectMethodHandleAccessor.java:104)
	at java.base/java.lang.reflect.Method.invoke(Method.java:565)
	at org.springframework.boot.devtools.restart.RestartLauncher.run(RestartLauncher.java:52)
Caused by: org.springframework.boot.web.server.WebServerException: Unable to start embedded Tomcat
	at org.springframework.boot.tomcat.TomcatWebServer.initialize(TomcatWebServer.java:150)
	at org.springframework.boot.tomcat.TomcatWebServer.<init>(TomcatWebServer.java:110)
	at org.springframework.boot.tomcat.servlet.TomcatServletWebServerFactory.getTomcatWebServer(TomcatServletWebServerFactory.java:429)
	at org.springframework.boot.tomcat.servlet.TomcatServletWebServerFactory.getWebServer(TomcatServletWebServerFactory.java:167)
	at org.springframework.boot.web.server.servlet.context.ServletWebServerApplicationContext.createWebServer(ServletWebServerApplicationContext.java:190)
	at org.springframework.boot.web.server.servlet.context.ServletWebServerApplicationContext.onRefresh(ServletWebServerApplicationContext.java:164)
	... 11 more
Caused by: org.springframework.beans.factory.UnsatisfiedDependencyException: Error creating bean with name 'jwtAuthenticationFilter' defined in file [C:\Users\Vishal\Desktop\PatientDoctorManagement\backend\target\classes\com\patientmanagement\security\JwtAuthenticationFilter.class]: Unsatisfied dependency expressed through constructor parameter 1: Error creating bean with name 'customUserDetailsService' defined in file [C:\Users\Vishal\Desktop\PatientDoctorManagement\backend\target\classes\com\patientmanagement\security\CustomUserDetailsService.class]: Unsatisfied dependency expressed through constructor parameter 0: Error creating bean with name 'userRepository' defined in com.patientmanagement.repository.UserRepository defined in @EnableJpaRepositories declared on DataJpaRepositoriesRegistrar.EnableJpaRepositoriesConfiguration: Cannot resolve reference to bean 'jpaSharedEM_entityManagerFactory' while setting bean property 'entityManager'
	at org.springframework.beans.factory.support.ConstructorResolver.createArgumentArray(ConstructorResolver.java:804)
	at org.springframework.beans.factory.support.ConstructorResolver.autowireConstructor(ConstructorResolver.java:240)
	at org.springframework.beans.factory.support.AbstractAutowireCapableBeanFactory.autowireConstructor(AbstractAutowireCapableBeanFactory.java:1380)
	at org.springframework.beans.factory.support.AbstractAutowireCapableBeanFactory.createBeanInstance(AbstractAutowireCapableBeanFactory.java:1219)
	at org.springframework.beans.factory.support.AbstractAutowireCapableBeanFactory.doCreateBean(AbstractAutowireCapableBeanFactory.java:565)
	at org.springframework.beans.factory.support.AbstractAutowireCapableBeanFactory.createBean(AbstractAutowireCapableBeanFactory.java:525)
	at org.springframework.beans.factory.support.AbstractBeanFactory.lambda$doGetBean$0(AbstractBeanFactory.java:333)
	at org.springframework.beans.factory.support.DefaultSingletonBeanRegistry.getSingleton(DefaultSingletonBeanRegistry.java:371)
	at org.springframework.beans.factory.support.AbstractBeanFactory.doGetBean(AbstractBeanFactory.java:331)
	at org.springframework.beans.factory.support.AbstractBeanFactory.getBean(AbstractBeanFactory.java:201)
	at org.springframework.boot.web.servlet.ServletContextInitializerBeans.getOrderedBeansOfType(ServletContextInitializerBeans.java:231)
	at org.springframework.boot.web.servlet.ServletContextInitializerBeans.addAsRegistrationBean(ServletContextInitializerBeans.java:185)
	at org.springframework.boot.web.servlet.ServletContextInitializerBeans.addAsRegistrationBean(ServletContextInitializerBeans.java:180)
	at org.springframework.boot.web.servlet.ServletContextInitializerBeans.addAdaptableBeans(ServletContextInitializerBeans.java:165)
	at org.springframework.boot.web.servlet.ServletContextInitializerBeans.<init>(ServletContextInitializerBeans.java:97)
	at org.springframework.boot.web.context.servlet.WebApplicationContextInitializer.initialize(WebApplicationContextInitializer.java:53)
	at org.springframework.boot.tomcat.servlet.DeferredServletContainerInitializers.onStartup(DeferredServletContainerInitializers.java:55)
	at org.apache.catalina.core.StandardContext.startInternal(StandardContext.java:4573)
	at org.apache.catalina.util.LifecycleBase.start(LifecycleBase.java:170)
	at org.apache.catalina.core.ContainerBase$StartChild.call(ContainerBase.java:1204)
	at org.apache.catalina.core.ContainerBase$StartChild.call(ContainerBase.java:1200)
	at java.base/java.util.concurrent.FutureTask.run(FutureTask.java:328)
	at org.apache.tomcat.util.threads.InlineExecutorService.execute(InlineExecutorService.java:92)
	at java.base/java.util.concurrent.AbstractExecutorService.submit(AbstractExecutorService.java:149)
	at org.apache.catalina.core.ContainerBase.startInternal(ContainerBase.java:732)
	at org.apache.catalina.core.StandardHost.startInternal(StandardHost.java:794)
	at org.apache.catalina.util.LifecycleBase.start(LifecycleBase.java:170)
	at org.apache.catalina.core.ContainerBase$StartChild.call(ContainerBase.java:1204)
	at org.apache.catalina.core.ContainerBase$StartChild.call(ContainerBase.java:1200)
	at java.base/java.util.concurrent.FutureTask.run(FutureTask.java:328)
	at org.apache.tomcat.util.threads.InlineExecutorService.execute(InlineExecutorService.java:92)
	at java.base/java.util.concurrent.AbstractExecutorService.submit(AbstractExecutorService.java:149)
	at org.apache.catalina.core.ContainerBase.startInternal(ContainerBase.java:732)
	at org.apache.catalina.core.StandardEngine.startInternal(StandardEngine.java:201)
	at org.apache.catalina.util.LifecycleBase.start(LifecycleBase.java:170)
	at org.apache.catalina.core.StandardService.startInternal(StandardService.java:433)
	at org.apache.catalina.util.LifecycleBase.start(LifecycleBase.java:170)
	at org.apache.catalina.core.StandardServer.startInternal(StandardServer.java:871)
	at org.apache.catalina.util.LifecycleBase.start(LifecycleBase.java:170)
	at org.apache.catalina.startup.Tomcat.start(Tomcat.java:452)
	at org.springframework.boot.tomcat.TomcatWebServer.initialize(TomcatWebServer.java:131)
	... 16 more
Caused by: org.springframework.beans.factory.UnsatisfiedDependencyException: Error creating bean with name 'customUserDetailsService' defined in file [C:\Users\Vishal\Desktop\PatientDoctorManagement\backend\target\classes\com\patientmanagement\security\CustomUserDetailsService.class]: Unsatisfied dependency expressed through constructor parameter 0: Error creating bean with name 'userRepository' defined in com.patientmanagement.repository.UserRepository defined in @EnableJpaRepositories declared on DataJpaRepositoriesRegistrar.EnableJpaRepositoriesConfiguration: Cannot resolve reference to bean 'jpaSharedEM_entityManagerFactory' while setting bean property 'entityManager'
	at org.springframework.beans.factory.support.ConstructorResolver.createArgumentArray(ConstructorResolver.java:804)
	at org.springframework.beans.factory.support.ConstructorResolver.autowireConstructor(ConstructorResolver.java:240)
	at org.springframework.beans.factory.support.AbstractAutowireCapableBeanFactory.autowireConstructor(AbstractAutowireCapableBeanFactory.java:1380)
	at org.springframework.beans.factory.support.AbstractAutowireCapableBeanFactory.createBeanInstance(AbstractAutowireCapableBeanFactory.java:1219)
	at org.springframework.beans.factory.support.AbstractAutowireCapableBeanFactory.doCreateBean(AbstractAutowireCapableBeanFactory.java:565)
	at org.springframework.beans.factory.support.AbstractAutowireCapableBeanFactory.createBean(AbstractAutowireCapableBeanFactory.java:525)
	at org.springframework.beans.factory.support.AbstractBeanFactory.lambda$doGetBean$0(AbstractBeanFactory.java:333)
	at org.springframework.beans.factory.support.DefaultSingletonBeanRegistry.getSingleton(DefaultSingletonBeanRegistry.java:371)
	at org.springframework.beans.factory.support.AbstractBeanFactory.doGetBean(AbstractBeanFactory.java:331)
	at org.springframework.beans.factory.support.AbstractBeanFactory.getBean(AbstractBeanFactory.java:201)
	at org.springframework.beans.factory.config.DependencyDescriptor.resolveCandidate(DependencyDescriptor.java:229)
	at org.springframework.beans.factory.support.DefaultListableBeanFactory.doResolveDependency(DefaultListableBeanFactory.java:1769)
	at org.springframework.beans.factory.support.DefaultListableBeanFactory.resolveDependency(DefaultListableBeanFactory.java:1658)
	at org.springframework.beans.factory.support.ConstructorResolver.resolveAutowiredArgument(ConstructorResolver.java:912)
	at org.springframework.beans.factory.support.ConstructorResolver.createArgumentArray(ConstructorResolver.java:791)
	... 56 more
Caused by: org.springframework.beans.factory.BeanCreationException: Error creating bean with name 'userRepository' defined in com.patientmanagement.repository.UserRepository defined in @EnableJpaRepositories declared on DataJpaRepositoriesRegistrar.EnableJpaRepositoriesConfiguration: Cannot resolve reference to bean 'jpaSharedEM_entityManagerFactory' while setting bean property 'entityManager'
	at org.springframework.beans.factory.support.BeanDefinitionValueResolver.resolveReference(BeanDefinitionValueResolver.java:377)
	at org.springframework.beans.factory.support.BeanDefinitionValueResolver.resolveValueIfNecessary(BeanDefinitionValueResolver.java:135)
	at org.springframework.beans.factory.support.AbstractAutowireCapableBeanFactory.applyPropertyValues(AbstractAutowireCapableBeanFactory.java:1710)
	at org.springframework.beans.factory.support.AbstractAutowireCapableBeanFactory.populateBean(AbstractAutowireCapableBeanFactory.java:1459)
	at org.springframework.beans.factory.support.AbstractAutowireCapableBeanFactory.doCreateBean(AbstractAutowireCapableBeanFactory.java:602)
	at org.springframework.beans.factory.support.AbstractAutowireCapableBeanFactory.createBean(AbstractAutowireCapableBeanFactory.java:525)
	at org.springframework.beans.factory.support.AbstractBeanFactory.lambda$doGetBean$0(AbstractBeanFactory.java:333)
	at org.springframework.beans.factory.support.DefaultSingletonBeanRegistry.getSingleton(DefaultSingletonBeanRegistry.java:371)
	at org.springframework.beans.factory.support.AbstractBeanFactory.doGetBean(AbstractBeanFactory.java:331)
	at org.springframework.beans.factory.support.AbstractBeanFactory.getBean(AbstractBeanFactory.java:201)
	at org.springframework.beans.factory.support.DefaultListableBeanFactory.resolveBean(DefaultListableBeanFactory.java:1232)
	at org.springframework.beans.factory.support.DefaultListableBeanFactory.doResolveDependency(DefaultListableBeanFactory.java:1711)
	at org.springframework.beans.factory.support.DefaultListableBeanFactory.resolveDependency(DefaultListableBeanFactory.java:1658)
	at org.springframework.beans.factory.support.ConstructorResolver.resolveAutowiredArgument(ConstructorResolver.java:912)
	at org.springframework.beans.factory.support.ConstructorResolver.createArgumentArray(ConstructorResolver.java:791)
	... 70 more
Caused by: org.springframework.beans.factory.BeanCreationException: Error creating bean with name 'jpaSharedEM_entityManagerFactory': Cannot resolve reference to bean 'entityManagerFactory' while setting constructor argument
	at org.springframework.beans.factory.support.BeanDefinitionValueResolver.resolveReference(BeanDefinitionValueResolver.java:377)
	at org.springframework.beans.factory.support.BeanDefinitionValueResolver.resolveValueIfNecessary(BeanDefinitionValueResolver.java:135)
	at org.springframework.beans.factory.support.ConstructorResolver.resolveConstructorArguments(ConstructorResolver.java:691)
	at org.springframework.beans.factory.support.ConstructorResolver.instantiateUsingFactoryMethod(ConstructorResolver.java:513)
	at org.springframework.beans.factory.support.AbstractAutowireCapableBeanFactory.instantiateUsingFactoryMethod(AbstractAutowireCapableBeanFactory.java:1360)
	at org.springframework.beans.factory.support.AbstractAutowireCapableBeanFactory.createBeanInstance(AbstractAutowireCapableBeanFactory.java:1192)
	at org.springframework.beans.factory.support.AbstractAutowireCapableBeanFactory.doCreateBean(AbstractAutowireCapableBeanFactory.java:565)
	at org.springframework.beans.factory.support.AbstractAutowireCapableBeanFactory.createBean(AbstractAutowireCapableBeanFactory.java:525)
	at org.springframework.beans.factory.support.AbstractBeanFactory.lambda$doGetBean$0(AbstractBeanFactory.java:333)
	at org.springframework.beans.factory.support.DefaultSingletonBeanRegistry.getSingleton(DefaultSingletonBeanRegistry.java:371)
	at org.springframework.beans.factory.support.AbstractBeanFactory.doGetBean(AbstractBeanFactory.java:331)
	at org.springframework.beans.factory.support.AbstractBeanFactory.getBean(AbstractBeanFactory.java:201)
	at org.springframework.beans.factory.support.BeanDefinitionValueResolver.resolveReference(BeanDefinitionValueResolver.java:356)
	... 84 more
Caused by: org.springframework.beans.factory.BeanCreationException: Error creating bean with name 'entityManagerFactory' defined in class path resource [org/springframework/boot/hibernate/autoconfigure/HibernateJpaConfiguration.class]: Unable to build Hibernate SessionFactory  [persistence unit: default] ; nested exception is org.hibernate.tool.schema.spi.SchemaManagementException: Schema validation: missing table [patient_files]
	at org.springframework.beans.factory.support.AbstractAutowireCapableBeanFactory.initializeBean(AbstractAutowireCapableBeanFactory.java:1815)
	at org.springframework.beans.factory.support.AbstractAutowireCapableBeanFactory.doCreateBean(AbstractAutowireCapableBeanFactory.java:603)
	at org.springframework.beans.factory.support.AbstractAutowireCapableBeanFactory.createBean(AbstractAutowireCapableBeanFactory.java:525)
	at org.springframework.beans.factory.support.AbstractBeanFactory.lambda$doGetBean$0(AbstractBeanFactory.java:333)
	at org.springframework.beans.factory.support.DefaultSingletonBeanRegistry.getSingleton(DefaultSingletonBeanRegistry.java:371)
	at org.springframework.beans.factory.support.AbstractBeanFactory.doGetBean(AbstractBeanFactory.java:331)
	at org.springframework.beans.factory.support.AbstractBeanFactory.getBean(AbstractBeanFactory.java:196)
	at org.springframework.beans.factory.support.BeanDefinitionValueResolver.resolveReference(BeanDefinitionValueResolver.java:365)
	... 96 more
Caused by: jakarta.persistence.PersistenceException: Unable to build Hibernate SessionFactory  [persistence unit: default] ; nested exception is org.hibernate.tool.schema.spi.SchemaManagementException: Schema validation: missing table [patient_files]
	at org.springframework.orm.jpa.AbstractEntityManagerFactoryBean.buildNativeEntityManagerFactory(AbstractEntityManagerFactoryBean.java:448)
	at org.springframework.orm.jpa.AbstractEntityManagerFactoryBean.afterPropertiesSet(AbstractEntityManagerFactoryBean.java:411)
	at org.springframework.orm.jpa.LocalContainerEntityManagerFactoryBean.afterPropertiesSet(LocalContainerEntityManagerFactoryBean.java:419)
	at org.springframework.beans.factory.support.AbstractAutowireCapableBeanFactory.invokeInitMethods(AbstractAutowireCapableBeanFactory.java:1862)
	at org.springframework.beans.factory.support.AbstractAutowireCapableBeanFactory.initializeBean(AbstractAutowireCapableBeanFactory.java:1811)
	... 103 more
Caused by: org.hibernate.tool.schema.spi.SchemaManagementException: Schema validation: missing table [patient_files]
	at org.hibernate.tool.schema.internal.AbstractSchemaValidator.validateTable(AbstractSchemaValidator.java:128)
	at org.hibernate.tool.schema.internal.GroupedSchemaValidatorImpl.validateTables(GroupedSchemaValidatorImpl.java:42)
	at org.hibernate.tool.schema.internal.AbstractSchemaValidator.performValidation(AbstractSchemaValidator.java:97)
	at org.hibernate.tool.schema.internal.AbstractSchemaValidator.doValidation(AbstractSchemaValidator.java:75)
	at org.hibernate.tool.schema.spi.SchemaManagementToolCoordinator.performDatabaseAction(SchemaManagementToolCoordinator.java:278)
	at org.hibernate.tool.schema.spi.SchemaManagementToolCoordinator.lambda$process$1(SchemaManagementToolCoordinator.java:101)
	at java.base/java.util.HashMap.forEach(HashMap.java:1430)
	at org.hibernate.tool.schema.spi.SchemaManagementToolCoordinator.process(SchemaManagementToolCoordinator.java:100)
	at org.hibernate.boot.internal.SessionFactoryObserverForSchemaExport.sessionFactoryCreated(SessionFactoryObserverForSchemaExport.java:35)
	at org.hibernate.internal.SessionFactoryObserverChain.sessionFactoryCreated(SessionFactoryObserverChain.java:33)
	at org.hibernate.internal.SessionFactoryImpl.<init>(SessionFactoryImpl.java:327)
	at org.hibernate.internal.SessionFactoryRegistry.instantiateSessionFactory(SessionFactoryRegistry.java:64)
	at org.hibernate.boot.internal.SessionFactoryBuilderImpl.build(SessionFactoryBuilderImpl.java:458)
	at org.hibernate.jpa.boot.internal.EntityManagerFactoryBuilderImpl.build(EntityManagerFactoryBuilderImpl.java:1452)
	at org.springframework.orm.jpa.vendor.SpringHibernateJpaPersistenceProvider.createContainerEntityManagerFactory(SpringHibernateJpaPersistenceProvider.java:93)
	at org.springframework.orm.jpa.LocalContainerEntityManagerFactoryBean.createNativeEntityManagerFactory(LocalContainerEntityManagerFactoryBean.java:443)
	at org.springframework.orm.jpa.AbstractEntityManagerFactoryBean.buildNativeEntityManagerFactory(AbstractEntityManagerFactoryBean.java:436)
	... 107 more
2026-09-17 12:50:23 [restartedMain] INFO  com.patientmanagement.BackendApplication - Starting BackendApplication using Java 25.0.3 with PID 20116 (C:\Users\Vishal\Desktop\PatientDoctorManagement\backend\target\classes started by Vishal in C:\Users\Vishal\Desktop\PatientDoctorManagement\backend)
2026-09-17 12:50:23 [restartedMain] INFO  com.patientmanagement.BackendApplication - No active profile set, falling back to 1 default profile: "default"
2026-09-17 12:50:23 [restartedMain] INFO  org.springframework.boot.devtools.env.DevToolsPropertyDefaultsPostProcessor - Devtools property defaults active! Set 'spring.devtools.add-properties' to 'false' to disable
2026-09-17 12:50:23 [restartedMain] INFO  org.springframework.boot.devtools.env.DevToolsPropertyDefaultsPostProcessor - For additional web related logging consider setting the 'logging.level.web' property to 'DEBUG'
2026-09-17 12:50:23 [background-preinit] INFO  org.hibernate.validator.internal.util.Version - HV000001: Hibernate Validator 9.1.3.Final
2026-09-17 12:50:24 [restartedMain] INFO  org.springframework.data.repository.config.RepositoryConfigurationDelegate - Bootstrapping Spring Data JPA repositories in DEFAULT mode.
2026-09-17 12:50:24 [restartedMain] INFO  org.springframework.data.repository.config.RepositoryConfigurationDelegate - Finished Spring Data repository scanning in 59 ms. Found 5 JPA repository interfaces.
2026-09-17 12:50:25 [restartedMain] INFO  org.springframework.boot.tomcat.TomcatWebServer - Tomcat initialized with port 8080 (http)
2026-09-17 12:50:25 [restartedMain] INFO  org.apache.coyote.http11.Http11NioProtocol - Initializing ProtocolHandler ["http-nio-8080"]
2026-09-17 12:50:25 [restartedMain] INFO  org.apache.catalina.core.StandardService - Starting service [Tomcat]
2026-09-17 12:50:25 [restartedMain] INFO  org.apache.catalina.core.StandardEngine - Starting Servlet engine: [Apache Tomcat/11.0.24]
2026-09-17 12:50:25 [restartedMain] INFO  org.springframework.boot.web.context.servlet.WebApplicationContextInitializer - Root WebApplicationContext: initialization completed in 2052 ms
2026-09-17 12:50:25 [restartedMain] INFO  org.hibernate.orm.jpa - HHH008540: Processing PersistenceUnitInfo [name: default]
2026-09-17 12:50:25 [restartedMain] INFO  org.hibernate.orm.core - HHH000001: Hibernate ORM core version 7.4.5.Final
2026-09-17 12:50:25 [restartedMain] INFO  org.springframework.orm.jpa.persistenceunit.SpringPersistenceUnitInfo - No LoadTimeWeaver setup: ignoring JPA class transformer
2026-09-17 12:50:25 [restartedMain] INFO  com.zaxxer.hikari.HikariDataSource - HikariPool-1 - Starting...
2026-09-17 12:50:26 [restartedMain] INFO  com.zaxxer.hikari.pool.HikariPool - HikariPool-1 - Added connection ConnectionID:1 ClientConnectionId: 78e1ec0a-7318-4ce8-ab26-d15d174d6e3c
2026-09-17 12:50:26 [restartedMain] INFO  com.zaxxer.hikari.HikariDataSource - HikariPool-1 - Start completed.
2026-09-17 12:50:26 [restartedMain] WARN  org.hibernate.orm.deprecation - HHH90000025: SQLServerDialect does not need to be specified explicitly using 'hibernate.dialect' (remove the property setting and it will be selected by default)
2026-09-17 12:50:26 [restartedMain] INFO  org.hibernate.orm.connections.pooling - HHH10001005: Database info:
	Database JDBC URL [jdbc:sqlserver://localhost:1433;concatNullYieldsNull=ON;quotedIdentifier=ON;connectRetryInterval=10;connectRetryCount=1;maxResultBuffer=-1;sendTemporalDataTypesAsStringForBulkCopy=true;delayLoadingLobs=true;useFmtOnly=false;vectorTypeSupport=v1;cacheBulkCopyMetadata=false;bulkCopyForBatchInsertAllowEncryptedValueModifications=false;bulkCopyForBatchInsertTableLock=false;bulkCopyForBatchInsertKeepNulls=false;bulkCopyForBatchInsertKeepIdentity=false;bulkCopyForBatchInsertFireTriggers=false;bulkCopyForBatchInsertCheckConstraints=false;bulkCopyForBatchInsertBatchSize=0;useBulkCopyForBatchInsert=false;cancelQueryTimeout=-1;sslProtocol=TLS;calcBigDecimalPrecision=false;useDefaultJaasConfig=false;jaasConfigurationName=SQLJDBCDriver;statementPoolingCacheSize=0;serverPreparedStatementDiscardThreshold=10;enablePrepareOnFirstPreparedStatementCall=false;fips=false;socketTimeout=0;authentication=NotSpecified;authenticationScheme=nativeAuthentication;xopenStates=false;datetimeParameterType=datetime2;sendTimeAsDatetime=false;replication=false;trustStoreType=JKS;trustServerCertificate=true;TransparentNetworkIPResolution=true;iPAddressPreference=IPv4First;serverNameAsACE=false;sendStringParametersAsUnicode=true;selectMethod=direct;responseBuffering=adaptive;queryTimeout=-1;packetSize=8000;multiSubnetFailover=false;loginTimeout=30;lockTimeout=-1;lastUpdateCount=true;useDefaultGSSCredential=false;prepareMethod=prepexec;encrypt=true;disableStatementPooling=true;databaseName=PatientManagementDB;columnEncryptionSetting=Disabled;applicationName=Microsoft JDBC Driver for SQL Server;applicationIntent=readwrite;]
	Database driver: Microsoft JDBC Driver 13.4 for SQL Server
	Database dialect: SQLServerDialect
	Database version: 17.0
	Default catalog/schema: PatientManagementDB/dbo
	Autocommit mode: undefined/unknown
	Isolation level: READ_COMMITTED [default READ_COMMITTED]
	JDBC fetch size: 128
	Pool: DataSourceConnectionProvider
	Minimum pool size: undefined/unknown
	Maximum pool size: undefined/unknown
2026-09-17 12:50:27 [restartedMain] INFO  org.hibernate.orm.core - HHH000489: No JTA platform available (set 'hibernate.transaction.jta.platform' to enable JTA platform integration)
2026-09-17 12:50:27 [restartedMain] INFO  org.springframework.orm.jpa.LocalContainerEntityManagerFactoryBean - Initialized JPA EntityManagerFactory for persistence unit 'default'
2026-09-17 12:50:27 [restartedMain] INFO  org.springframework.data.jpa.repository.query.QueryEnhancerFactories - Hibernate is in classpath; If applicable, HQL parser will be used.
2026-09-17 12:50:28 [restartedMain] INFO  org.springframework.security.config.annotation.authentication.configuration.InitializeAuthenticationProviderBeanManagerConfigurer$InitializeAuthenticationProviderManagerConfigurer - Global AuthenticationManager configured with AuthenticationProvider bean with name authenticationProvider
2026-09-17 12:50:28 [restartedMain] WARN  org.springframework.security.config.annotation.authentication.configuration.InitializeUserDetailsBeanManagerConfigurer$InitializeUserDetailsManagerConfigurer - Global AuthenticationManager configured with an AuthenticationProvider bean. UserDetailsService beans will not be used by Spring Security for automatically configuring username/password login. Consider removing the AuthenticationProvider bean. Alternatively, consider using the UserDetailsService in a manually instantiated DaoAuthenticationProvider. If the current configuration is intentional, to turn off this warning, increase the logging level of 'org.springframework.security.config.annotation.authentication.configuration.InitializeUserDetailsBeanManagerConfigurer' to ERROR
2026-09-17 12:50:28 [restartedMain] WARN  org.springframework.boot.jpa.autoconfigure.JpaBaseConfiguration$JpaWebConfiguration - spring.jpa.open-in-view is enabled by default. Therefore, database queries may be performed during view rendering. Explicitly configure spring.jpa.open-in-view to disable this warning
2026-09-17 12:50:28 [restartedMain] INFO  org.apache.coyote.http11.Http11NioProtocol - Starting ProtocolHandler ["http-nio-8080"]
2026-09-17 12:50:28 [restartedMain] INFO  org.springframework.boot.tomcat.TomcatWebServer - Tomcat started on port 8080 (http) with context path '/'
2026-09-17 12:50:28 [restartedMain] INFO  com.patientmanagement.BackendApplication - Started BackendApplication in 6.498 seconds (process running for 7.347)
2026-09-17 12:50:28 [restartedMain] WARN  org.springdoc.core.events.SpringDocAppInitializer - SpringDoc /v3/api-docs endpoint is enabled by default. To disable it in production, set the property 'springdoc.api-docs.enabled=false'
2026-09-17 12:50:28 [restartedMain] WARN  org.springdoc.core.events.SpringDocAppInitializer - SpringDoc /swagger-ui.html endpoint is enabled by default. To disable it in production, set the property 'springdoc.swagger-ui.enabled=false'
2026-09-17 13:02:58 [http-nio-8080-exec-1] INFO  org.apache.catalina.core.ContainerBase.[Tomcat].[localhost].[/] - Initializing Spring DispatcherServlet 'dispatcherServlet'
2026-09-17 13:02:58 [http-nio-8080-exec-1] INFO  org.springframework.web.servlet.DispatcherServlet - Initializing Servlet 'dispatcherServlet'
2026-09-17 13:02:58 [http-nio-8080-exec-1] INFO  org.springframework.web.servlet.DispatcherServlet - Completed initialization in 2 ms
2026-09-17 13:02:59 [http-nio-8080-exec-2] INFO  com.patientmanagement.service.AuthService - Login attempt received for email: admin@gmail.com
2026-09-17 13:02:59 [http-nio-8080-exec-2] INFO  com.patientmanagement.security.JwtService - Generating JWT token for user: admin@gmail.com with role: ADMIN
2026-09-17 13:02:59 [http-nio-8080-exec-2] INFO  com.patientmanagement.service.AuthService - User logged in successfully with email: admin@gmail.com and role: ADMIN
2026-09-17 13:03:02 [http-nio-8080-exec-4] INFO  com.patientmanagement.controller.DoctorController - GET /api/doctors - Fetching all active doctors
2026-09-17 13:03:02 [http-nio-8080-exec-4] INFO  com.patientmanagement.service.DoctorService - Fetching all active doctors
2026-09-17 13:03:02 [http-nio-8080-exec-4] INFO  com.patientmanagement.service.DoctorService - Found 4 active doctors
2026-09-17 13:03:07 [http-nio-8080-exec-6] INFO  com.patientmanagement.controller.PatientController - GET /api/patients - Fetching active patients
2026-09-17 13:03:07 [http-nio-8080-exec-6] INFO  com.patientmanagement.service.PatientService - Fetching all active patients
2026-09-17 13:03:07 [http-nio-8080-exec-6] INFO  com.patientmanagement.service.PatientService - Found 7 active patients
2026-09-17 13:03:19 [http-nio-8080-exec-1] INFO  com.patientmanagement.controller.PatientController - GET /api/patients - Fetching active patients
2026-09-17 13:03:19 [http-nio-8080-exec-1] INFO  com.patientmanagement.service.PatientService - Fetching all active patients
2026-09-17 13:03:19 [http-nio-8080-exec-3] INFO  com.patientmanagement.controller.DoctorController - GET /api/doctors - Fetching all active doctors
2026-09-17 13:03:19 [http-nio-8080-exec-4] INFO  com.patientmanagement.controller.AppointmentController - GET /api/appointments - Fetching all appointments
2026-09-17 13:03:19 [http-nio-8080-exec-3] INFO  com.patientmanagement.service.DoctorService - Fetching all active doctors
2026-09-17 13:03:19 [http-nio-8080-exec-4] INFO  com.patientmanagement.service.AppointmentService - Fetching all appointments
2026-09-17 13:03:19 [http-nio-8080-exec-1] INFO  com.patientmanagement.service.PatientService - Found 7 active patients
2026-09-17 13:03:19 [http-nio-8080-exec-3] INFO  com.patientmanagement.service.DoctorService - Found 4 active doctors
2026-09-17 13:03:19 [http-nio-8080-exec-4] INFO  com.patientmanagement.service.AppointmentService - Found 6 appointments
2026-09-17 13:03:37 [http-nio-8080-exec-6] INFO  com.patientmanagement.service.AuthService - Login attempt received for email: avdhut@gmail.com
2026-09-17 13:03:37 [http-nio-8080-exec-6] INFO  com.patientmanagement.security.JwtService - Generating JWT token for user: avdhut@gmail.com with role: PATIENT
2026-09-17 13:03:37 [http-nio-8080-exec-6] INFO  com.patientmanagement.service.AuthService - Patient ID 16 found for user ID 6
2026-09-17 13:03:37 [http-nio-8080-exec-6] INFO  com.patientmanagement.service.AuthService - User logged in successfully with email: avdhut@gmail.com and role: PATIENT
2026-09-17 13:03:40 [http-nio-8080-exec-8] INFO  com.patientmanagement.controller.AppointmentController - GET /api/appointments - Fetching all appointments
2026-09-17 13:03:40 [http-nio-8080-exec-8] INFO  com.patientmanagement.service.AppointmentService - Fetching all appointments
2026-09-17 13:03:40 [http-nio-8080-exec-8] INFO  com.patientmanagement.service.AppointmentService - Found 6 appointments
2026-09-17 13:03:48 [http-nio-8080-exec-2] INFO  com.patientmanagement.controller.DoctorController - GET /api/doctors - Fetching all active doctors
2026-09-17 13:03:48 [http-nio-8080-exec-2] INFO  com.patientmanagement.service.DoctorService - Fetching all active doctors
2026-09-17 13:03:48 [http-nio-8080-exec-2] INFO  com.patientmanagement.service.DoctorService - Found 4 active doctors
2026-09-17 13:03:56 [http-nio-8080-exec-3] INFO  com.patientmanagement.controller.DoctorController - GET /api/doctors - Fetching all active doctors
2026-09-17 13:03:56 [http-nio-8080-exec-3] INFO  com.patientmanagement.service.DoctorService - Fetching all active doctors
2026-09-17 13:03:56 [http-nio-8080-exec-3] INFO  com.patientmanagement.service.DoctorService - Found 4 active doctors
2026-09-17 13:18:41 [http-nio-8080-exec-9] INFO  com.patientmanagement.service.AuthService - Login attempt received for email: avdhut@gmail.com
2026-09-17 13:18:41 [http-nio-8080-exec-9] INFO  com.patientmanagement.security.JwtService - Generating JWT token for user: avdhut@gmail.com with role: PATIENT
2026-09-17 13:18:41 [http-nio-8080-exec-9] INFO  com.patientmanagement.service.AuthService - Patient ID 16 found for user ID 6
2026-09-17 13:18:41 [http-nio-8080-exec-9] INFO  com.patientmanagement.service.AuthService - User logged in successfully with email: avdhut@gmail.com and role: PATIENT
2026-09-17 13:21:32 [http-nio-8080-exec-2] ERROR com.patientmanagement.exception.GlobalExceptionHandler - Unexpected error on /api/files/patient/6
org.springframework.web.multipart.support.MissingServletRequestPartException: Required part 'file' is not present.
	at org.springframework.web.method.annotation.RequestParamMethodArgumentResolver.handleMissingValueInternal(RequestParamMethodArgumentResolver.java:215)
	at org.springframework.web.method.annotation.RequestParamMethodArgumentResolver.handleMissingValue(RequestParamMethodArgumentResolver.java:195)
	at org.springframework.web.method.annotation.AbstractNamedValueMethodArgumentResolver.resolveArgument(AbstractNamedValueMethodArgumentResolver.java:123)
	at org.springframework.web.method.support.HandlerMethodArgumentResolverComposite.resolveArgument(HandlerMethodArgumentResolverComposite.java:122)
	at org.springframework.web.method.support.InvocableHandlerMethod.getMethodArgumentValues(InvocableHandlerMethod.java:224)
	at org.springframework.web.method.support.InvocableHandlerMethod.invokeForRequest(InvocableHandlerMethod.java:174)
	at org.springframework.web.servlet.mvc.method.annotation.ServletInvocableHandlerMethod.invokeAndHandle(ServletInvocableHandlerMethod.java:117)
	at org.springframework.web.servlet.mvc.method.annotation.RequestMappingHandlerAdapter.invokeHandlerMethod(RequestMappingHandlerAdapter.java:934)
	at org.springframework.web.servlet.mvc.method.annotation.RequestMappingHandlerAdapter.handleInternal(RequestMappingHandlerAdapter.java:853)
	at org.springframework.web.servlet.mvc.method.AbstractHandlerMethodAdapter.handle(AbstractHandlerMethodAdapter.java:86)
	at org.springframework.web.servlet.DispatcherServlet.doDispatch(DispatcherServlet.java:963)
	at org.springframework.web.servlet.DispatcherServlet.doService(DispatcherServlet.java:866)
	at org.springframework.web.servlet.FrameworkServlet.processRequest(FrameworkServlet.java:1000)
	at org.springframework.web.servlet.FrameworkServlet.doPost(FrameworkServlet.java:903)
	at jakarta.servlet.http.HttpServlet.service(HttpServlet.java:649)
	at org.springframework.web.servlet.FrameworkServlet.service(FrameworkServlet.java:874)
	at jakarta.servlet.http.HttpServlet.service(HttpServlet.java:710)
	at org.apache.catalina.core.ApplicationFilterChain.doFilter(ApplicationFilterChain.java:132)
	at org.apache.tomcat.websocket.server.WsFilter.doFilter(WsFilter.java:59)
	at org.apache.catalina.core.ApplicationFilterChain.doFilter(ApplicationFilterChain.java:111)
	at org.springframework.web.filter.OncePerRequestFilter.doFilter(OncePerRequestFilter.java:110)
	at org.apache.catalina.core.ApplicationFilterChain.doFilter(ApplicationFilterChain.java:111)
	at org.springframework.web.filter.CompositeFilter$VirtualFilterChain.doFilter(CompositeFilter.java:108)
	at org.springframework.security.web.FilterChainProxy.lambda$doFilterInternal$2(FilterChainProxy.java:235)
	at org.springframework.security.web.FilterChainProxy$VirtualFilterChain.doFilter(FilterChainProxy.java:376)
	at org.springframework.security.web.access.intercept.AuthorizationFilter.doFilter(AuthorizationFilter.java:101)
	at org.springframework.security.web.FilterChainProxy$VirtualFilterChain.doFilter(FilterChainProxy.java:385)
	at org.springframework.security.web.access.ExceptionTranslationFilter.doFilter(ExceptionTranslationFilter.java:126)
	at org.springframework.security.web.access.ExceptionTranslationFilter.doFilter(ExceptionTranslationFilter.java:120)
	at org.springframework.security.web.FilterChainProxy$VirtualFilterChain.doFilter(FilterChainProxy.java:385)
	at org.springframework.security.web.session.SessionManagementFilter.doFilter(SessionManagementFilter.java:132)
	at org.springframework.security.web.session.SessionManagementFilter.doFilter(SessionManagementFilter.java:86)
	at org.springframework.security.web.FilterChainProxy$VirtualFilterChain.doFilter(FilterChainProxy.java:385)
	at org.springframework.security.web.authentication.AnonymousAuthenticationFilter.doFilter(AnonymousAuthenticationFilter.java:100)
	at org.springframework.security.web.FilterChainProxy$VirtualFilterChain.doFilter(FilterChainProxy.java:385)
	at org.springframework.security.web.servletapi.SecurityContextHolderAwareRequestFilter.doFilter(SecurityContextHolderAwareRequestFilter.java:181)
	at org.springframework.security.web.FilterChainProxy$VirtualFilterChain.doFilter(FilterChainProxy.java:385)
	at org.springframework.security.web.savedrequest.RequestCacheAwareFilter.doFilter(RequestCacheAwareFilter.java:63)
	at org.springframework.security.web.FilterChainProxy$VirtualFilterChain.doFilter(FilterChainProxy.java:385)
	at com.patientmanagement.security.JwtAuthenticationFilter.doFilterInternal(JwtAuthenticationFilter.java:178)
	at org.springframework.web.filter.OncePerRequestFilter.doFilter(OncePerRequestFilter.java:116)
	at org.springframework.security.web.FilterChainProxy$VirtualFilterChain.doFilter(FilterChainProxy.java:385)
	at org.springframework.security.web.authentication.logout.LogoutFilter.doFilter(LogoutFilter.java:110)
	at org.springframework.security.web.authentication.logout.LogoutFilter.doFilter(LogoutFilter.java:96)
	at org.springframework.security.web.FilterChainProxy$VirtualFilterChain.doFilter(FilterChainProxy.java:385)
	at org.springframework.web.filter.CorsFilter.doFilterInternal(CorsFilter.java:91)
	at org.springframework.web.filter.OncePerRequestFilter.doFilter(OncePerRequestFilter.java:116)
	at org.springframework.security.web.FilterChainProxy$VirtualFilterChain.doFilter(FilterChainProxy.java:385)
	at org.springframework.security.web.header.HeaderWriterFilter.doHeadersAfter(HeaderWriterFilter.java:90)
	at org.springframework.security.web.header.HeaderWriterFilter.doFilterInternal(HeaderWriterFilter.java:75)
	at org.springframework.web.filter.OncePerRequestFilter.doFilter(OncePerRequestFilter.java:116)
	at org.springframework.security.web.FilterChainProxy$VirtualFilterChain.doFilter(FilterChainProxy.java:385)
	at org.springframework.security.web.context.SecurityContextHolderFilter.doFilter(SecurityContextHolderFilter.java:82)
	at org.springframework.security.web.context.SecurityContextHolderFilter.doFilter(SecurityContextHolderFilter.java:69)
	at org.springframework.security.web.FilterChainProxy$VirtualFilterChain.doFilter(FilterChainProxy.java:385)
	at org.springframework.security.web.context.request.async.WebAsyncManagerIntegrationFilter.doFilterInternal(WebAsyncManagerIntegrationFilter.java:62)
	at org.springframework.web.filter.OncePerRequestFilter.doFilter(OncePerRequestFilter.java:116)
	at org.springframework.security.web.FilterChainProxy$VirtualFilterChain.doFilter(FilterChainProxy.java:385)
	at org.springframework.security.web.session.DisableEncodeUrlFilter.doFilterInternal(DisableEncodeUrlFilter.java:42)
	at org.springframework.web.filter.OncePerRequestFilter.doFilter(OncePerRequestFilter.java:116)
	at org.springframework.security.web.FilterChainProxy$VirtualFilterChain.doFilter(FilterChainProxy.java:385)
	at org.springframework.security.web.FilterChainProxy.doFilterInternal(FilterChainProxy.java:237)
	at org.springframework.security.web.FilterChainProxy.doFilter(FilterChainProxy.java:195)
	at org.springframework.web.filter.CompositeFilter$VirtualFilterChain.doFilter(CompositeFilter.java:113)
	at org.springframework.web.filter.ServletRequestPathFilter.doFilter(ServletRequestPathFilter.java:52)
	at org.springframework.web.filter.CompositeFilter$VirtualFilterChain.doFilter(CompositeFilter.java:113)
	at org.springframework.web.filter.CompositeFilter.doFilter(CompositeFilter.java:74)
	at org.springframework.security.config.annotation.web.configuration.WebSecurityConfiguration$CompositeFilterChainProxy.doFilter(WebSecurityConfiguration.java:317)
	at org.springframework.web.filter.DelegatingFilterProxy.invokeDelegate(DelegatingFilterProxy.java:355)
	at org.springframework.web.filter.DelegatingFilterProxy.doFilter(DelegatingFilterProxy.java:272)
	at org.apache.catalina.core.ApplicationFilterChain.doFilter(ApplicationFilterChain.java:111)
	at org.springframework.web.filter.RequestContextFilter.doFilterInternal(RequestContextFilter.java:100)
	at org.springframework.web.filter.OncePerRequestFilter.doFilter(OncePerRequestFilter.java:116)
	at org.apache.catalina.core.ApplicationFilterChain.doFilter(ApplicationFilterChain.java:111)
	at org.springframework.web.filter.FormContentFilter.doFilterInternal(FormContentFilter.java:93)
	at org.springframework.web.filter.OncePerRequestFilter.doFilter(OncePerRequestFilter.java:116)
	at org.apache.catalina.core.ApplicationFilterChain.doFilter(ApplicationFilterChain.java:111)
	at org.springframework.web.filter.CharacterEncodingFilter.doFilterInternal(CharacterEncodingFilter.java:199)
	at org.springframework.web.filter.OncePerRequestFilter.doFilter(OncePerRequestFilter.java:116)
	at org.apache.catalina.core.ApplicationFilterChain.doFilter(ApplicationFilterChain.java:111)
	at org.apache.catalina.core.StandardWrapperValve.invoke(StandardWrapperValve.java:165)
	at org.apache.catalina.core.StandardContextValve.invoke(StandardContextValve.java:77)
	at org.apache.catalina.authenticator.AuthenticatorBase.invoke(AuthenticatorBase.java:535)
	at org.apache.catalina.core.StandardHostValve.invoke(StandardHostValve.java:115)
	at org.apache.catalina.valves.ErrorReportValve.invoke(ErrorReportValve.java:86)
	at org.apache.catalina.core.StandardEngineValve.invoke(StandardEngineValve.java:71)
	at org.apache.catalina.connector.CoyoteAdapter.service(CoyoteAdapter.java:347)
	at org.apache.coyote.http11.Http11Processor.service(Http11Processor.java:406)
	at org.apache.coyote.AbstractProcessorLight.process(AbstractProcessorLight.java:71)
	at org.apache.coyote.AbstractProtocol$ConnectionHandler.process(AbstractProtocol.java:1307)
	at org.apache.tomcat.util.net.NioEndpoint$SocketProcessor.doRun(NioEndpoint.java:2036)
	at org.apache.tomcat.util.net.SocketProcessorBase.run(SocketProcessorBase.java:74)
	at org.apache.tomcat.util.threads.ThreadPoolExecutor.runWorker(ThreadPoolExecutor.java:949)
	at org.apache.tomcat.util.threads.ThreadPoolExecutor$Worker.run(ThreadPoolExecutor.java:483)
	at org.apache.tomcat.util.threads.TaskThread$WrappingRunnable.run(TaskThread.java:74)
	at java.base/java.lang.Thread.run(Thread.java:1474)
2026-09-17 13:21:32 [http-nio-8080-exec-2] WARN  org.springframework.web.servlet.mvc.method.annotation.ExceptionHandlerExceptionResolver - Resolved [org.springframework.web.multipart.support.MissingServletRequestPartException: Required part 'file' is not present.]
2026-09-17 13:25:14 [http-nio-8080-exec-3] ERROR com.patientmanagement.exception.GlobalExceptionHandler - Unexpected error on /api/files/patient/6
org.springframework.web.multipart.support.MissingServletRequestPartException: Required part 'file' is not present.
	at org.springframework.web.method.annotation.RequestParamMethodArgumentResolver.handleMissingValueInternal(RequestParamMethodArgumentResolver.java:215)
	at org.springframework.web.method.annotation.RequestParamMethodArgumentResolver.handleMissingValue(RequestParamMethodArgumentResolver.java:195)
	at org.springframework.web.method.annotation.AbstractNamedValueMethodArgumentResolver.resolveArgument(AbstractNamedValueMethodArgumentResolver.java:123)
	at org.springframework.web.method.support.HandlerMethodArgumentResolverComposite.resolveArgument(HandlerMethodArgumentResolverComposite.java:122)
	at org.springframework.web.method.support.InvocableHandlerMethod.getMethodArgumentValues(InvocableHandlerMethod.java:224)
	at org.springframework.web.method.support.InvocableHandlerMethod.invokeForRequest(InvocableHandlerMethod.java:174)
	at org.springframework.web.servlet.mvc.method.annotation.ServletInvocableHandlerMethod.invokeAndHandle(ServletInvocableHandlerMethod.java:117)
	at org.springframework.web.servlet.mvc.method.annotation.RequestMappingHandlerAdapter.invokeHandlerMethod(RequestMappingHandlerAdapter.java:934)
	at org.springframework.web.servlet.mvc.method.annotation.RequestMappingHandlerAdapter.handleInternal(RequestMappingHandlerAdapter.java:853)
	at org.springframework.web.servlet.mvc.method.AbstractHandlerMethodAdapter.handle(AbstractHandlerMethodAdapter.java:86)
	at org.springframework.web.servlet.DispatcherServlet.doDispatch(DispatcherServlet.java:963)
	at org.springframework.web.servlet.DispatcherServlet.doService(DispatcherServlet.java:866)
	at org.springframework.web.servlet.FrameworkServlet.processRequest(FrameworkServlet.java:1000)
	at org.springframework.web.servlet.FrameworkServlet.doPost(FrameworkServlet.java:903)
	at jakarta.servlet.http.HttpServlet.service(HttpServlet.java:649)
	at org.springframework.web.servlet.FrameworkServlet.service(FrameworkServlet.java:874)
	at jakarta.servlet.http.HttpServlet.service(HttpServlet.java:710)
	at org.apache.catalina.core.ApplicationFilterChain.doFilter(ApplicationFilterChain.java:132)
	at org.apache.tomcat.websocket.server.WsFilter.doFilter(WsFilter.java:59)
	at org.apache.catalina.core.ApplicationFilterChain.doFilter(ApplicationFilterChain.java:111)
	at org.springframework.web.filter.OncePerRequestFilter.doFilter(OncePerRequestFilter.java:110)
	at org.apache.catalina.core.ApplicationFilterChain.doFilter(ApplicationFilterChain.java:111)
	at org.springframework.web.filter.CompositeFilter$VirtualFilterChain.doFilter(CompositeFilter.java:108)
	at org.springframework.security.web.FilterChainProxy.lambda$doFilterInternal$2(FilterChainProxy.java:235)
	at org.springframework.security.web.FilterChainProxy$VirtualFilterChain.doFilter(FilterChainProxy.java:376)
	at org.springframework.security.web.access.intercept.AuthorizationFilter.doFilter(AuthorizationFilter.java:101)
	at org.springframework.security.web.FilterChainProxy$VirtualFilterChain.doFilter(FilterChainProxy.java:385)
	at org.springframework.security.web.access.ExceptionTranslationFilter.doFilter(ExceptionTranslationFilter.java:126)
	at org.springframework.security.web.access.ExceptionTranslationFilter.doFilter(ExceptionTranslationFilter.java:120)
	at org.springframework.security.web.FilterChainProxy$VirtualFilterChain.doFilter(FilterChainProxy.java:385)
	at org.springframework.security.web.session.SessionManagementFilter.doFilter(SessionManagementFilter.java:132)
	at org.springframework.security.web.session.SessionManagementFilter.doFilter(SessionManagementFilter.java:86)
	at org.springframework.security.web.FilterChainProxy$VirtualFilterChain.doFilter(FilterChainProxy.java:385)
	at org.springframework.security.web.authentication.AnonymousAuthenticationFilter.doFilter(AnonymousAuthenticationFilter.java:100)
	at org.springframework.security.web.FilterChainProxy$VirtualFilterChain.doFilter(FilterChainProxy.java:385)
	at org.springframework.security.web.servletapi.SecurityContextHolderAwareRequestFilter.doFilter(SecurityContextHolderAwareRequestFilter.java:181)
	at org.springframework.security.web.FilterChainProxy$VirtualFilterChain.doFilter(FilterChainProxy.java:385)
	at org.springframework.security.web.savedrequest.RequestCacheAwareFilter.doFilter(RequestCacheAwareFilter.java:63)
	at org.springframework.security.web.FilterChainProxy$VirtualFilterChain.doFilter(FilterChainProxy.java:385)
	at com.patientmanagement.security.JwtAuthenticationFilter.doFilterInternal(JwtAuthenticationFilter.java:178)
	at org.springframework.web.filter.OncePerRequestFilter.doFilter(OncePerRequestFilter.java:116)
	at org.springframework.security.web.FilterChainProxy$VirtualFilterChain.doFilter(FilterChainProxy.java:385)
	at org.springframework.security.web.authentication.logout.LogoutFilter.doFilter(LogoutFilter.java:110)
	at org.springframework.security.web.authentication.logout.LogoutFilter.doFilter(LogoutFilter.java:96)
	at org.springframework.security.web.FilterChainProxy$VirtualFilterChain.doFilter(FilterChainProxy.java:385)
	at org.springframework.web.filter.CorsFilter.doFilterInternal(CorsFilter.java:91)
	at org.springframework.web.filter.OncePerRequestFilter.doFilter(OncePerRequestFilter.java:116)
	at org.springframework.security.web.FilterChainProxy$VirtualFilterChain.doFilter(FilterChainProxy.java:385)
	at org.springframework.security.web.header.HeaderWriterFilter.doHeadersAfter(HeaderWriterFilter.java:90)
	at org.springframework.security.web.header.HeaderWriterFilter.doFilterInternal(HeaderWriterFilter.java:75)
	at org.springframework.web.filter.OncePerRequestFilter.doFilter(OncePerRequestFilter.java:116)
	at org.springframework.security.web.FilterChainProxy$VirtualFilterChain.doFilter(FilterChainProxy.java:385)
	at org.springframework.security.web.context.SecurityContextHolderFilter.doFilter(SecurityContextHolderFilter.java:82)
	at org.springframework.security.web.context.SecurityContextHolderFilter.doFilter(SecurityContextHolderFilter.java:69)
	at org.springframework.security.web.FilterChainProxy$VirtualFilterChain.doFilter(FilterChainProxy.java:385)
	at org.springframework.security.web.context.request.async.WebAsyncManagerIntegrationFilter.doFilterInternal(WebAsyncManagerIntegrationFilter.java:62)
	at org.springframework.web.filter.OncePerRequestFilter.doFilter(OncePerRequestFilter.java:116)
	at org.springframework.security.web.FilterChainProxy$VirtualFilterChain.doFilter(FilterChainProxy.java:385)
	at org.springframework.security.web.session.DisableEncodeUrlFilter.doFilterInternal(DisableEncodeUrlFilter.java:42)
	at org.springframework.web.filter.OncePerRequestFilter.doFilter(OncePerRequestFilter.java:116)
	at org.springframework.security.web.FilterChainProxy$VirtualFilterChain.doFilter(FilterChainProxy.java:385)
	at org.springframework.security.web.FilterChainProxy.doFilterInternal(FilterChainProxy.java:237)
	at org.springframework.security.web.FilterChainProxy.doFilter(FilterChainProxy.java:195)
	at org.springframework.web.filter.CompositeFilter$VirtualFilterChain.doFilter(CompositeFilter.java:113)
	at org.springframework.web.filter.ServletRequestPathFilter.doFilter(ServletRequestPathFilter.java:52)
	at org.springframework.web.filter.CompositeFilter$VirtualFilterChain.doFilter(CompositeFilter.java:113)
	at org.springframework.web.filter.CompositeFilter.doFilter(CompositeFilter.java:74)
	at org.springframework.security.config.annotation.web.configuration.WebSecurityConfiguration$CompositeFilterChainProxy.doFilter(WebSecurityConfiguration.java:317)
	at org.springframework.web.filter.DelegatingFilterProxy.invokeDelegate(DelegatingFilterProxy.java:355)
	at org.springframework.web.filter.DelegatingFilterProxy.doFilter(DelegatingFilterProxy.java:272)
	at org.apache.catalina.core.ApplicationFilterChain.doFilter(ApplicationFilterChain.java:111)
	at org.springframework.web.filter.RequestContextFilter.doFilterInternal(RequestContextFilter.java:100)
	at org.springframework.web.filter.OncePerRequestFilter.doFilter(OncePerRequestFilter.java:116)
	at org.apache.catalina.core.ApplicationFilterChain.doFilter(ApplicationFilterChain.java:111)
	at org.springframework.web.filter.FormContentFilter.doFilterInternal(FormContentFilter.java:93)
	at org.springframework.web.filter.OncePerRequestFilter.doFilter(OncePerRequestFilter.java:116)
	at org.apache.catalina.core.ApplicationFilterChain.doFilter(ApplicationFilterChain.java:111)
	at org.springframework.web.filter.CharacterEncodingFilter.doFilterInternal(CharacterEncodingFilter.java:199)
	at org.springframework.web.filter.OncePerRequestFilter.doFilter(OncePerRequestFilter.java:116)
	at org.apache.catalina.core.ApplicationFilterChain.doFilter(ApplicationFilterChain.java:111)
	at org.apache.catalina.core.StandardWrapperValve.invoke(StandardWrapperValve.java:165)
	at org.apache.catalina.core.StandardContextValve.invoke(StandardContextValve.java:77)
	at org.apache.catalina.authenticator.AuthenticatorBase.invoke(AuthenticatorBase.java:535)
	at org.apache.catalina.core.StandardHostValve.invoke(StandardHostValve.java:115)
	at org.apache.catalina.valves.ErrorReportValve.invoke(ErrorReportValve.java:86)
	at org.apache.catalina.core.StandardEngineValve.invoke(StandardEngineValve.java:71)
	at org.apache.catalina.connector.CoyoteAdapter.service(CoyoteAdapter.java:347)
	at org.apache.coyote.http11.Http11Processor.service(Http11Processor.java:406)
	at org.apache.coyote.AbstractProcessorLight.process(AbstractProcessorLight.java:71)
	at org.apache.coyote.AbstractProtocol$ConnectionHandler.process(AbstractProtocol.java:1307)
	at org.apache.tomcat.util.net.NioEndpoint$SocketProcessor.doRun(NioEndpoint.java:2036)
	at org.apache.tomcat.util.net.SocketProcessorBase.run(SocketProcessorBase.java:74)
	at org.apache.tomcat.util.threads.ThreadPoolExecutor.runWorker(ThreadPoolExecutor.java:949)
	at org.apache.tomcat.util.threads.ThreadPoolExecutor$Worker.run(ThreadPoolExecutor.java:483)
	at org.apache.tomcat.util.threads.TaskThread$WrappingRunnable.run(TaskThread.java:74)
	at java.base/java.lang.Thread.run(Thread.java:1474)
2026-09-17 13:25:14 [http-nio-8080-exec-3] WARN  org.springframework.web.servlet.mvc.method.annotation.ExceptionHandlerExceptionResolver - Resolved [org.springframework.web.multipart.support.MissingServletRequestPartException: Required part 'file' is not present.]
2026-09-17 13:25:27 [http-nio-8080-exec-1] ERROR com.patientmanagement.exception.GlobalExceptionHandler - Unexpected error on /api/files/patient/6
org.springframework.web.multipart.support.MissingServletRequestPartException: Required part 'file' is not present.
	at org.springframework.web.method.annotation.RequestParamMethodArgumentResolver.handleMissingValueInternal(RequestParamMethodArgumentResolver.java:215)
	at org.springframework.web.method.annotation.RequestParamMethodArgumentResolver.handleMissingValue(RequestParamMethodArgumentResolver.java:195)
	at org.springframework.web.method.annotation.AbstractNamedValueMethodArgumentResolver.resolveArgument(AbstractNamedValueMethodArgumentResolver.java:123)
	at org.springframework.web.method.support.HandlerMethodArgumentResolverComposite.resolveArgument(HandlerMethodArgumentResolverComposite.java:122)
	at org.springframework.web.method.support.InvocableHandlerMethod.getMethodArgumentValues(InvocableHandlerMethod.java:224)
	at org.springframework.web.method.support.InvocableHandlerMethod.invokeForRequest(InvocableHandlerMethod.java:174)
	at org.springframework.web.servlet.mvc.method.annotation.ServletInvocableHandlerMethod.invokeAndHandle(ServletInvocableHandlerMethod.java:117)
	at org.springframework.web.servlet.mvc.method.annotation.RequestMappingHandlerAdapter.invokeHandlerMethod(RequestMappingHandlerAdapter.java:934)
	at org.springframework.web.servlet.mvc.method.annotation.RequestMappingHandlerAdapter.handleInternal(RequestMappingHandlerAdapter.java:853)
	at org.springframework.web.servlet.mvc.method.AbstractHandlerMethodAdapter.handle(AbstractHandlerMethodAdapter.java:86)
	at org.springframework.web.servlet.DispatcherServlet.doDispatch(DispatcherServlet.java:963)
	at org.springframework.web.servlet.DispatcherServlet.doService(DispatcherServlet.java:866)
	at org.springframework.web.servlet.FrameworkServlet.processRequest(FrameworkServlet.java:1000)
	at org.springframework.web.servlet.FrameworkServlet.doPost(FrameworkServlet.java:903)
	at jakarta.servlet.http.HttpServlet.service(HttpServlet.java:649)
	at org.springframework.web.servlet.FrameworkServlet.service(FrameworkServlet.java:874)
	at jakarta.servlet.http.HttpServlet.service(HttpServlet.java:710)
	at org.apache.catalina.core.ApplicationFilterChain.doFilter(ApplicationFilterChain.java:132)
	at org.apache.tomcat.websocket.server.WsFilter.doFilter(WsFilter.java:59)
	at org.apache.catalina.core.ApplicationFilterChain.doFilter(ApplicationFilterChain.java:111)
	at org.springframework.web.filter.OncePerRequestFilter.doFilter(OncePerRequestFilter.java:110)
	at org.apache.catalina.core.ApplicationFilterChain.doFilter(ApplicationFilterChain.java:111)
	at org.springframework.web.filter.CompositeFilter$VirtualFilterChain.doFilter(CompositeFilter.java:108)
	at org.springframework.security.web.FilterChainProxy.lambda$doFilterInternal$2(FilterChainProxy.java:235)
	at org.springframework.security.web.FilterChainProxy$VirtualFilterChain.doFilter(FilterChainProxy.java:376)
	at org.springframework.security.web.access.intercept.AuthorizationFilter.doFilter(AuthorizationFilter.java:101)
	at org.springframework.security.web.FilterChainProxy$VirtualFilterChain.doFilter(FilterChainProxy.java:385)
	at org.springframework.security.web.access.ExceptionTranslationFilter.doFilter(ExceptionTranslationFilter.java:126)
	at org.springframework.security.web.access.ExceptionTranslationFilter.doFilter(ExceptionTranslationFilter.java:120)
	at org.springframework.security.web.FilterChainProxy$VirtualFilterChain.doFilter(FilterChainProxy.java:385)
	at org.springframework.security.web.session.SessionManagementFilter.doFilter(SessionManagementFilter.java:132)
	at org.springframework.security.web.session.SessionManagementFilter.doFilter(SessionManagementFilter.java:86)
	at org.springframework.security.web.FilterChainProxy$VirtualFilterChain.doFilter(FilterChainProxy.java:385)
	at org.springframework.security.web.authentication.AnonymousAuthenticationFilter.doFilter(AnonymousAuthenticationFilter.java:100)
	at org.springframework.security.web.FilterChainProxy$VirtualFilterChain.doFilter(FilterChainProxy.java:385)
	at org.springframework.security.web.servletapi.SecurityContextHolderAwareRequestFilter.doFilter(SecurityContextHolderAwareRequestFilter.java:181)
	at org.springframework.security.web.FilterChainProxy$VirtualFilterChain.doFilter(FilterChainProxy.java:385)
	at org.springframework.security.web.savedrequest.RequestCacheAwareFilter.doFilter(RequestCacheAwareFilter.java:63)
	at org.springframework.security.web.FilterChainProxy$VirtualFilterChain.doFilter(FilterChainProxy.java:385)
	at com.patientmanagement.security.JwtAuthenticationFilter.doFilterInternal(JwtAuthenticationFilter.java:178)
	at org.springframework.web.filter.OncePerRequestFilter.doFilter(OncePerRequestFilter.java:116)
	at org.springframework.security.web.FilterChainProxy$VirtualFilterChain.doFilter(FilterChainProxy.java:385)
	at org.springframework.security.web.authentication.logout.LogoutFilter.doFilter(LogoutFilter.java:110)
	at org.springframework.security.web.authentication.logout.LogoutFilter.doFilter(LogoutFilter.java:96)
	at org.springframework.security.web.FilterChainProxy$VirtualFilterChain.doFilter(FilterChainProxy.java:385)
	at org.springframework.web.filter.CorsFilter.doFilterInternal(CorsFilter.java:91)
	at org.springframework.web.filter.OncePerRequestFilter.doFilter(OncePerRequestFilter.java:116)
	at org.springframework.security.web.FilterChainProxy$VirtualFilterChain.doFilter(FilterChainProxy.java:385)
	at org.springframework.security.web.header.HeaderWriterFilter.doHeadersAfter(HeaderWriterFilter.java:90)
	at org.springframework.security.web.header.HeaderWriterFilter.doFilterInternal(HeaderWriterFilter.java:75)
	at org.springframework.web.filter.OncePerRequestFilter.doFilter(OncePerRequestFilter.java:116)
	at org.springframework.security.web.FilterChainProxy$VirtualFilterChain.doFilter(FilterChainProxy.java:385)
	at org.springframework.security.web.context.SecurityContextHolderFilter.doFilter(SecurityContextHolderFilter.java:82)
	at org.springframework.security.web.context.SecurityContextHolderFilter.doFilter(SecurityContextHolderFilter.java:69)
	at org.springframework.security.web.FilterChainProxy$VirtualFilterChain.doFilter(FilterChainProxy.java:385)
	at org.springframework.security.web.context.request.async.WebAsyncManagerIntegrationFilter.doFilterInternal(WebAsyncManagerIntegrationFilter.java:62)
	at org.springframework.web.filter.OncePerRequestFilter.doFilter(OncePerRequestFilter.java:116)
	at org.springframework.security.web.FilterChainProxy$VirtualFilterChain.doFilter(FilterChainProxy.java:385)
	at org.springframework.security.web.session.DisableEncodeUrlFilter.doFilterInternal(DisableEncodeUrlFilter.java:42)
	at org.springframework.web.filter.OncePerRequestFilter.doFilter(OncePerRequestFilter.java:116)
	at org.springframework.security.web.FilterChainProxy$VirtualFilterChain.doFilter(FilterChainProxy.java:385)
	at org.springframework.security.web.FilterChainProxy.doFilterInternal(FilterChainProxy.java:237)
	at org.springframework.security.web.FilterChainProxy.doFilter(FilterChainProxy.java:195)
	at org.springframework.web.filter.CompositeFilter$VirtualFilterChain.doFilter(CompositeFilter.java:113)
	at org.springframework.web.filter.ServletRequestPathFilter.doFilter(ServletRequestPathFilter.java:52)
	at org.springframework.web.filter.CompositeFilter$VirtualFilterChain.doFilter(CompositeFilter.java:113)
	at org.springframework.web.filter.CompositeFilter.doFilter(CompositeFilter.java:74)
	at org.springframework.security.config.annotation.web.configuration.WebSecurityConfiguration$CompositeFilterChainProxy.doFilter(WebSecurityConfiguration.java:317)
	at org.springframework.web.filter.DelegatingFilterProxy.invokeDelegate(DelegatingFilterProxy.java:355)
	at org.springframework.web.filter.DelegatingFilterProxy.doFilter(DelegatingFilterProxy.java:272)
	at org.apache.catalina.core.ApplicationFilterChain.doFilter(ApplicationFilterChain.java:111)
	at org.springframework.web.filter.RequestContextFilter.doFilterInternal(RequestContextFilter.java:100)
	at org.springframework.web.filter.OncePerRequestFilter.doFilter(OncePerRequestFilter.java:116)
	at org.apache.catalina.core.ApplicationFilterChain.doFilter(ApplicationFilterChain.java:111)
	at org.springframework.web.filter.FormContentFilter.doFilterInternal(FormContentFilter.java:93)
	at org.springframework.web.filter.OncePerRequestFilter.doFilter(OncePerRequestFilter.java:116)
	at org.apache.catalina.core.ApplicationFilterChain.doFilter(ApplicationFilterChain.java:111)
	at org.springframework.web.filter.CharacterEncodingFilter.doFilterInternal(CharacterEncodingFilter.java:199)
	at org.springframework.web.filter.OncePerRequestFilter.doFilter(OncePerRequestFilter.java:116)
	at org.apache.catalina.core.ApplicationFilterChain.doFilter(ApplicationFilterChain.java:111)
	at org.apache.catalina.core.StandardWrapperValve.invoke(StandardWrapperValve.java:165)
	at org.apache.catalina.core.StandardContextValve.invoke(StandardContextValve.java:77)
	at org.apache.catalina.authenticator.AuthenticatorBase.invoke(AuthenticatorBase.java:535)
	at org.apache.catalina.core.StandardHostValve.invoke(StandardHostValve.java:115)
	at org.apache.catalina.valves.ErrorReportValve.invoke(ErrorReportValve.java:86)
	at org.apache.catalina.core.StandardEngineValve.invoke(StandardEngineValve.java:71)
	at org.apache.catalina.connector.CoyoteAdapter.service(CoyoteAdapter.java:347)
	at org.apache.coyote.http11.Http11Processor.service(Http11Processor.java:406)
	at org.apache.coyote.AbstractProcessorLight.process(AbstractProcessorLight.java:71)
	at org.apache.coyote.AbstractProtocol$ConnectionHandler.process(AbstractProtocol.java:1307)
	at org.apache.tomcat.util.net.NioEndpoint$SocketProcessor.doRun(NioEndpoint.java:2036)
	at org.apache.tomcat.util.net.SocketProcessorBase.run(SocketProcessorBase.java:74)
	at org.apache.tomcat.util.threads.ThreadPoolExecutor.runWorker(ThreadPoolExecutor.java:949)
	at org.apache.tomcat.util.threads.ThreadPoolExecutor$Worker.run(ThreadPoolExecutor.java:483)
	at org.apache.tomcat.util.threads.TaskThread$WrappingRunnable.run(TaskThread.java:74)
	at java.base/java.lang.Thread.run(Thread.java:1474)
2026-09-17 13:25:27 [http-nio-8080-exec-1] WARN  org.springframework.web.servlet.mvc.method.annotation.ExceptionHandlerExceptionResolver - Resolved [org.springframework.web.multipart.support.MissingServletRequestPartException: Required part 'file' is not present.]
2026-09-17 13:28:51 [http-nio-8080-exec-6] ERROR com.patientmanagement.exception.GlobalExceptionHandler - Unexpected error on /api/files/patient/6
org.springframework.web.multipart.support.MissingServletRequestPartException: Required part 'file' is not present.
	at org.springframework.web.method.annotation.RequestParamMethodArgumentResolver.handleMissingValueInternal(RequestParamMethodArgumentResolver.java:215)
	at org.springframework.web.method.annotation.RequestParamMethodArgumentResolver.handleMissingValue(RequestParamMethodArgumentResolver.java:195)
	at org.springframework.web.method.annotation.AbstractNamedValueMethodArgumentResolver.resolveArgument(AbstractNamedValueMethodArgumentResolver.java:123)
	at org.springframework.web.method.support.HandlerMethodArgumentResolverComposite.resolveArgument(HandlerMethodArgumentResolverComposite.java:122)
	at org.springframework.web.method.support.InvocableHandlerMethod.getMethodArgumentValues(InvocableHandlerMethod.java:224)
	at org.springframework.web.method.support.InvocableHandlerMethod.invokeForRequest(InvocableHandlerMethod.java:174)
	at org.springframework.web.servlet.mvc.method.annotation.ServletInvocableHandlerMethod.invokeAndHandle(ServletInvocableHandlerMethod.java:117)
	at org.springframework.web.servlet.mvc.method.annotation.RequestMappingHandlerAdapter.invokeHandlerMethod(RequestMappingHandlerAdapter.java:934)
	at org.springframework.web.servlet.mvc.method.annotation.RequestMappingHandlerAdapter.handleInternal(RequestMappingHandlerAdapter.java:853)
	at org.springframework.web.servlet.mvc.method.AbstractHandlerMethodAdapter.handle(AbstractHandlerMethodAdapter.java:86)
	at org.springframework.web.servlet.DispatcherServlet.doDispatch(DispatcherServlet.java:963)
	at org.springframework.web.servlet.DispatcherServlet.doService(DispatcherServlet.java:866)
	at org.springframework.web.servlet.FrameworkServlet.processRequest(FrameworkServlet.java:1000)
	at org.springframework.web.servlet.FrameworkServlet.doPost(FrameworkServlet.java:903)
	at jakarta.servlet.http.HttpServlet.service(HttpServlet.java:649)
	at org.springframework.web.servlet.FrameworkServlet.service(FrameworkServlet.java:874)
	at jakarta.servlet.http.HttpServlet.service(HttpServlet.java:710)
	at org.apache.catalina.core.ApplicationFilterChain.doFilter(ApplicationFilterChain.java:132)
	at org.apache.tomcat.websocket.server.WsFilter.doFilter(WsFilter.java:59)
	at org.apache.catalina.core.ApplicationFilterChain.doFilter(ApplicationFilterChain.java:111)
	at org.springframework.web.filter.OncePerRequestFilter.doFilter(OncePerRequestFilter.java:110)
	at org.apache.catalina.core.ApplicationFilterChain.doFilter(ApplicationFilterChain.java:111)
	at org.springframework.web.filter.CompositeFilter$VirtualFilterChain.doFilter(CompositeFilter.java:108)
	at org.springframework.security.web.FilterChainProxy.lambda$doFilterInternal$2(FilterChainProxy.java:235)
	at org.springframework.security.web.FilterChainProxy$VirtualFilterChain.doFilter(FilterChainProxy.java:376)
	at org.springframework.security.web.access.intercept.AuthorizationFilter.doFilter(AuthorizationFilter.java:101)
	at org.springframework.security.web.FilterChainProxy$VirtualFilterChain.doFilter(FilterChainProxy.java:385)
	at org.springframework.security.web.access.ExceptionTranslationFilter.doFilter(ExceptionTranslationFilter.java:126)
	at org.springframework.security.web.access.ExceptionTranslationFilter.doFilter(ExceptionTranslationFilter.java:120)
	at org.springframework.security.web.FilterChainProxy$VirtualFilterChain.doFilter(FilterChainProxy.java:385)
	at org.springframework.security.web.session.SessionManagementFilter.doFilter(SessionManagementFilter.java:132)
	at org.springframework.security.web.session.SessionManagementFilter.doFilter(SessionManagementFilter.java:86)
	at org.springframework.security.web.FilterChainProxy$VirtualFilterChain.doFilter(FilterChainProxy.java:385)
	at org.springframework.security.web.authentication.AnonymousAuthenticationFilter.doFilter(AnonymousAuthenticationFilter.java:100)
	at org.springframework.security.web.FilterChainProxy$VirtualFilterChain.doFilter(FilterChainProxy.java:385)
	at org.springframework.security.web.servletapi.SecurityContextHolderAwareRequestFilter.doFilter(SecurityContextHolderAwareRequestFilter.java:181)
	at org.springframework.security.web.FilterChainProxy$VirtualFilterChain.doFilter(FilterChainProxy.java:385)
	at org.springframework.security.web.savedrequest.RequestCacheAwareFilter.doFilter(RequestCacheAwareFilter.java:63)
	at org.springframework.security.web.FilterChainProxy$VirtualFilterChain.doFilter(FilterChainProxy.java:385)
	at com.patientmanagement.security.JwtAuthenticationFilter.doFilterInternal(JwtAuthenticationFilter.java:178)
	at org.springframework.web.filter.OncePerRequestFilter.doFilter(OncePerRequestFilter.java:116)
	at org.springframework.security.web.FilterChainProxy$VirtualFilterChain.doFilter(FilterChainProxy.java:385)
	at org.springframework.security.web.authentication.logout.LogoutFilter.doFilter(LogoutFilter.java:110)
	at org.springframework.security.web.authentication.logout.LogoutFilter.doFilter(LogoutFilter.java:96)
	at org.springframework.security.web.FilterChainProxy$VirtualFilterChain.doFilter(FilterChainProxy.java:385)
	at org.springframework.web.filter.CorsFilter.doFilterInternal(CorsFilter.java:91)
	at org.springframework.web.filter.OncePerRequestFilter.doFilter(OncePerRequestFilter.java:116)
	at org.springframework.security.web.FilterChainProxy$VirtualFilterChain.doFilter(FilterChainProxy.java:385)
	at org.springframework.security.web.header.HeaderWriterFilter.doHeadersAfter(HeaderWriterFilter.java:90)
	at org.springframework.security.web.header.HeaderWriterFilter.doFilterInternal(HeaderWriterFilter.java:75)
	at org.springframework.web.filter.OncePerRequestFilter.doFilter(OncePerRequestFilter.java:116)
	at org.springframework.security.web.FilterChainProxy$VirtualFilterChain.doFilter(FilterChainProxy.java:385)
	at org.springframework.security.web.context.SecurityContextHolderFilter.doFilter(SecurityContextHolderFilter.java:82)
	at org.springframework.security.web.context.SecurityContextHolderFilter.doFilter(SecurityContextHolderFilter.java:69)
	at org.springframework.security.web.FilterChainProxy$VirtualFilterChain.doFilter(FilterChainProxy.java:385)
	at org.springframework.security.web.context.request.async.WebAsyncManagerIntegrationFilter.doFilterInternal(WebAsyncManagerIntegrationFilter.java:62)
	at org.springframework.web.filter.OncePerRequestFilter.doFilter(OncePerRequestFilter.java:116)
	at org.springframework.security.web.FilterChainProxy$VirtualFilterChain.doFilter(FilterChainProxy.java:385)
	at org.springframework.security.web.session.DisableEncodeUrlFilter.doFilterInternal(DisableEncodeUrlFilter.java:42)
	at org.springframework.web.filter.OncePerRequestFilter.doFilter(OncePerRequestFilter.java:116)
	at org.springframework.security.web.FilterChainProxy$VirtualFilterChain.doFilter(FilterChainProxy.java:385)
	at org.springframework.security.web.FilterChainProxy.doFilterInternal(FilterChainProxy.java:237)
	at org.springframework.security.web.FilterChainProxy.doFilter(FilterChainProxy.java:195)
	at org.springframework.web.filter.CompositeFilter$VirtualFilterChain.doFilter(CompositeFilter.java:113)
	at org.springframework.web.filter.ServletRequestPathFilter.doFilter(ServletRequestPathFilter.java:52)
	at org.springframework.web.filter.CompositeFilter$VirtualFilterChain.doFilter(CompositeFilter.java:113)
	at org.springframework.web.filter.CompositeFilter.doFilter(CompositeFilter.java:74)
	at org.springframework.security.config.annotation.web.configuration.WebSecurityConfiguration$CompositeFilterChainProxy.doFilter(WebSecurityConfiguration.java:317)
	at org.springframework.web.filter.DelegatingFilterProxy.invokeDelegate(DelegatingFilterProxy.java:355)
	at org.springframework.web.filter.DelegatingFilterProxy.doFilter(DelegatingFilterProxy.java:272)
	at org.apache.catalina.core.ApplicationFilterChain.doFilter(ApplicationFilterChain.java:111)
	at org.springframework.web.filter.RequestContextFilter.doFilterInternal(RequestContextFilter.java:100)
	at org.springframework.web.filter.OncePerRequestFilter.doFilter(OncePerRequestFilter.java:116)
	at org.apache.catalina.core.ApplicationFilterChain.doFilter(ApplicationFilterChain.java:111)
	at org.springframework.web.filter.FormContentFilter.doFilterInternal(FormContentFilter.java:93)
	at org.springframework.web.filter.OncePerRequestFilter.doFilter(OncePerRequestFilter.java:116)
	at org.apache.catalina.core.ApplicationFilterChain.doFilter(ApplicationFilterChain.java:111)
	at org.springframework.web.filter.CharacterEncodingFilter.doFilterInternal(CharacterEncodingFilter.java:199)
	at org.springframework.web.filter.OncePerRequestFilter.doFilter(OncePerRequestFilter.java:116)
	at org.apache.catalina.core.ApplicationFilterChain.doFilter(ApplicationFilterChain.java:111)
	at org.apache.catalina.core.StandardWrapperValve.invoke(StandardWrapperValve.java:165)
	at org.apache.catalina.core.StandardContextValve.invoke(StandardContextValve.java:77)
	at org.apache.catalina.authenticator.AuthenticatorBase.invoke(AuthenticatorBase.java:535)
	at org.apache.catalina.core.StandardHostValve.invoke(StandardHostValve.java:115)
	at org.apache.catalina.valves.ErrorReportValve.invoke(ErrorReportValve.java:86)
	at org.apache.catalina.core.StandardEngineValve.invoke(StandardEngineValve.java:71)
	at org.apache.catalina.connector.CoyoteAdapter.service(CoyoteAdapter.java:347)
	at org.apache.coyote.http11.Http11Processor.service(Http11Processor.java:406)
	at org.apache.coyote.AbstractProcessorLight.process(AbstractProcessorLight.java:71)
	at org.apache.coyote.AbstractProtocol$ConnectionHandler.process(AbstractProtocol.java:1307)
	at org.apache.tomcat.util.net.NioEndpoint$SocketProcessor.doRun(NioEndpoint.java:2036)
	at org.apache.tomcat.util.net.SocketProcessorBase.run(SocketProcessorBase.java:74)
	at org.apache.tomcat.util.threads.ThreadPoolExecutor.runWorker(ThreadPoolExecutor.java:949)
	at org.apache.tomcat.util.threads.ThreadPoolExecutor$Worker.run(ThreadPoolExecutor.java:483)
	at org.apache.tomcat.util.threads.TaskThread$WrappingRunnable.run(TaskThread.java:74)
	at java.base/java.lang.Thread.run(Thread.java:1474)
2026-09-17 13:28:51 [http-nio-8080-exec-6] WARN  org.springframework.web.servlet.mvc.method.annotation.ExceptionHandlerExceptionResolver - Resolved [org.springframework.web.multipart.support.MissingServletRequestPartException: Required part 'file' is not present.]
2026-09-17 13:38:05 [http-nio-8080-exec-1] INFO  org.springdoc.api.AbstractOpenApiResource - Init duration for springdoc-openapi is: 280 ms
2026-09-17 13:41:05 [http-nio-8080-exec-10] INFO  com.patientmanagement.service.AuthService - Login attempt received for email: avdhut@example.com
2026-09-17 13:41:05 [http-nio-8080-exec-10] ERROR com.patientmanagement.exception.GlobalExceptionHandler - Unexpected error on /api/auth/login
org.springframework.security.authentication.BadCredentialsException: Bad credentials
	at org.springframework.security.authentication.dao.AbstractUserDetailsAuthenticationProvider.authenticate(AbstractUserDetailsAuthenticationProvider.java:154)
	at org.springframework.security.authentication.ProviderManager.authenticate(ProviderManager.java:183)
	at com.patientmanagement.service.AuthService.login(AuthService.java:106)
	at com.patientmanagement.controller.AuthController.login(AuthController.java:42)
	at java.base/jdk.internal.reflect.DirectMethodHandleAccessor.invoke(DirectMethodHandleAccessor.java:104)
	at java.base/java.lang.reflect.Method.invoke(Method.java:565)
	at org.springframework.web.method.support.InvocableHandlerMethod.doInvoke(InvocableHandlerMethod.java:252)
	at org.springframework.web.method.support.InvocableHandlerMethod.invokeForRequest(InvocableHandlerMethod.java:184)
	at org.springframework.web.servlet.mvc.method.annotation.ServletInvocableHandlerMethod.invokeAndHandle(ServletInvocableHandlerMethod.java:117)
	at org.springframework.web.servlet.mvc.method.annotation.RequestMappingHandlerAdapter.invokeHandlerMethod(RequestMappingHandlerAdapter.java:934)
	at org.springframework.web.servlet.mvc.method.annotation.RequestMappingHandlerAdapter.handleInternal(RequestMappingHandlerAdapter.java:853)
	at org.springframework.web.servlet.mvc.method.AbstractHandlerMethodAdapter.handle(AbstractHandlerMethodAdapter.java:86)
	at org.springframework.web.servlet.DispatcherServlet.doDispatch(DispatcherServlet.java:963)
	at org.springframework.web.servlet.DispatcherServlet.doService(DispatcherServlet.java:866)
	at org.springframework.web.servlet.FrameworkServlet.processRequest(FrameworkServlet.java:1000)
	at org.springframework.web.servlet.FrameworkServlet.doPost(FrameworkServlet.java:903)
	at jakarta.servlet.http.HttpServlet.service(HttpServlet.java:649)
	at org.springframework.web.servlet.FrameworkServlet.service(FrameworkServlet.java:874)
	at jakarta.servlet.http.HttpServlet.service(HttpServlet.java:710)
	at org.apache.catalina.core.ApplicationFilterChain.doFilter(ApplicationFilterChain.java:132)
	at org.apache.tomcat.websocket.server.WsFilter.doFilter(WsFilter.java:59)
	at org.apache.catalina.core.ApplicationFilterChain.doFilter(ApplicationFilterChain.java:111)
	at org.springframework.web.filter.OncePerRequestFilter.doFilter(OncePerRequestFilter.java:110)
	at org.apache.catalina.core.ApplicationFilterChain.doFilter(ApplicationFilterChain.java:111)
	at org.springframework.web.filter.CompositeFilter$VirtualFilterChain.doFilter(CompositeFilter.java:108)
	at org.springframework.security.web.FilterChainProxy.lambda$doFilterInternal$2(FilterChainProxy.java:235)
	at org.springframework.security.web.FilterChainProxy$VirtualFilterChain.doFilter(FilterChainProxy.java:376)
	at org.springframework.security.web.access.intercept.AuthorizationFilter.doFilter(AuthorizationFilter.java:101)
	at org.springframework.security.web.FilterChainProxy$VirtualFilterChain.doFilter(FilterChainProxy.java:385)
	at org.springframework.security.web.access.ExceptionTranslationFilter.doFilter(ExceptionTranslationFilter.java:126)
	at org.springframework.security.web.access.ExceptionTranslationFilter.doFilter(ExceptionTranslationFilter.java:120)
	at org.springframework.security.web.FilterChainProxy$VirtualFilterChain.doFilter(FilterChainProxy.java:385)
	at org.springframework.security.web.session.SessionManagementFilter.doFilter(SessionManagementFilter.java:132)
	at org.springframework.security.web.session.SessionManagementFilter.doFilter(SessionManagementFilter.java:86)
	at org.springframework.security.web.FilterChainProxy$VirtualFilterChain.doFilter(FilterChainProxy.java:385)
	at org.springframework.security.web.authentication.AnonymousAuthenticationFilter.doFilter(AnonymousAuthenticationFilter.java:100)
	at org.springframework.security.web.FilterChainProxy$VirtualFilterChain.doFilter(FilterChainProxy.java:385)
	at org.springframework.security.web.servletapi.SecurityContextHolderAwareRequestFilter.doFilter(SecurityContextHolderAwareRequestFilter.java:181)
	at org.springframework.security.web.FilterChainProxy$VirtualFilterChain.doFilter(FilterChainProxy.java:385)
	at org.springframework.security.web.savedrequest.RequestCacheAwareFilter.doFilter(RequestCacheAwareFilter.java:63)
	at org.springframework.security.web.FilterChainProxy$VirtualFilterChain.doFilter(FilterChainProxy.java:385)
	at com.patientmanagement.security.JwtAuthenticationFilter.doFilterInternal(JwtAuthenticationFilter.java:56)
	at org.springframework.web.filter.OncePerRequestFilter.doFilter(OncePerRequestFilter.java:116)
	at org.springframework.security.web.FilterChainProxy$VirtualFilterChain.doFilter(FilterChainProxy.java:385)
	at org.springframework.security.web.authentication.logout.LogoutFilter.doFilter(LogoutFilter.java:110)
	at org.springframework.security.web.authentication.logout.LogoutFilter.doFilter(LogoutFilter.java:96)
	at org.springframework.security.web.FilterChainProxy$VirtualFilterChain.doFilter(FilterChainProxy.java:385)
	at org.springframework.web.filter.CorsFilter.doFilterInternal(CorsFilter.java:91)
	at org.springframework.web.filter.OncePerRequestFilter.doFilter(OncePerRequestFilter.java:116)
	at org.springframework.security.web.FilterChainProxy$VirtualFilterChain.doFilter(FilterChainProxy.java:385)
	at org.springframework.security.web.header.HeaderWriterFilter.doHeadersAfter(HeaderWriterFilter.java:90)
	at org.springframework.security.web.header.HeaderWriterFilter.doFilterInternal(HeaderWriterFilter.java:75)
	at org.springframework.web.filter.OncePerRequestFilter.doFilter(OncePerRequestFilter.java:116)
	at org.springframework.security.web.FilterChainProxy$VirtualFilterChain.doFilter(FilterChainProxy.java:385)
	at org.springframework.security.web.context.SecurityContextHolderFilter.doFilter(SecurityContextHolderFilter.java:82)
	at org.springframework.security.web.context.SecurityContextHolderFilter.doFilter(SecurityContextHolderFilter.java:69)
	at org.springframework.security.web.FilterChainProxy$VirtualFilterChain.doFilter(FilterChainProxy.java:385)
	at org.springframework.security.web.context.request.async.WebAsyncManagerIntegrationFilter.doFilterInternal(WebAsyncManagerIntegrationFilter.java:62)
	at org.springframework.web.filter.OncePerRequestFilter.doFilter(OncePerRequestFilter.java:116)
	at org.springframework.security.web.FilterChainProxy$VirtualFilterChain.doFilter(FilterChainProxy.java:385)
	at org.springframework.security.web.session.DisableEncodeUrlFilter.doFilterInternal(DisableEncodeUrlFilter.java:42)
	at org.springframework.web.filter.OncePerRequestFilter.doFilter(OncePerRequestFilter.java:116)
	at org.springframework.security.web.FilterChainProxy$VirtualFilterChain.doFilter(FilterChainProxy.java:385)
	at org.springframework.security.web.FilterChainProxy.doFilterInternal(FilterChainProxy.java:237)
	at org.springframework.security.web.FilterChainProxy.doFilter(FilterChainProxy.java:195)
	at org.springframework.web.filter.CompositeFilter$VirtualFilterChain.doFilter(CompositeFilter.java:113)
	at org.springframework.web.filter.ServletRequestPathFilter.doFilter(ServletRequestPathFilter.java:52)
	at org.springframework.web.filter.CompositeFilter$VirtualFilterChain.doFilter(CompositeFilter.java:113)
	at org.springframework.web.filter.CompositeFilter.doFilter(CompositeFilter.java:74)
	at org.springframework.security.config.annotation.web.configuration.WebSecurityConfiguration$CompositeFilterChainProxy.doFilter(WebSecurityConfiguration.java:317)
	at org.springframework.web.filter.DelegatingFilterProxy.invokeDelegate(DelegatingFilterProxy.java:355)
	at org.springframework.web.filter.DelegatingFilterProxy.doFilter(DelegatingFilterProxy.java:272)
	at org.apache.catalina.core.ApplicationFilterChain.doFilter(ApplicationFilterChain.java:111)
	at org.springframework.web.filter.RequestContextFilter.doFilterInternal(RequestContextFilter.java:100)
	at org.springframework.web.filter.OncePerRequestFilter.doFilter(OncePerRequestFilter.java:116)
	at org.apache.catalina.core.ApplicationFilterChain.doFilter(ApplicationFilterChain.java:111)
	at org.springframework.web.filter.FormContentFilter.doFilterInternal(FormContentFilter.java:93)
	at org.springframework.web.filter.OncePerRequestFilter.doFilter(OncePerRequestFilter.java:116)
	at org.apache.catalina.core.ApplicationFilterChain.doFilter(ApplicationFilterChain.java:111)
	at org.springframework.web.filter.CharacterEncodingFilter.doFilterInternal(CharacterEncodingFilter.java:199)
	at org.springframework.web.filter.OncePerRequestFilter.doFilter(OncePerRequestFilter.java:116)
	at org.apache.catalina.core.ApplicationFilterChain.doFilter(ApplicationFilterChain.java:111)
	at org.apache.catalina.core.StandardWrapperValve.invoke(StandardWrapperValve.java:165)
	at org.apache.catalina.core.StandardContextValve.invoke(StandardContextValve.java:77)
	at org.apache.catalina.authenticator.AuthenticatorBase.invoke(AuthenticatorBase.java:535)
	at org.apache.catalina.core.StandardHostValve.invoke(StandardHostValve.java:115)
	at org.apache.catalina.valves.ErrorReportValve.invoke(ErrorReportValve.java:86)
	at org.apache.catalina.core.StandardEngineValve.invoke(StandardEngineValve.java:71)
	at org.apache.catalina.connector.CoyoteAdapter.service(CoyoteAdapter.java:347)
	at org.apache.coyote.http11.Http11Processor.service(Http11Processor.java:406)
	at org.apache.coyote.AbstractProcessorLight.process(AbstractProcessorLight.java:71)
	at org.apache.coyote.AbstractProtocol$ConnectionHandler.process(AbstractProtocol.java:1307)
	at org.apache.tomcat.util.net.NioEndpoint$SocketProcessor.doRun(NioEndpoint.java:2036)
	at org.apache.tomcat.util.net.SocketProcessorBase.run(SocketProcessorBase.java:74)
	at org.apache.tomcat.util.threads.ThreadPoolExecutor.runWorker(ThreadPoolExecutor.java:949)
	at org.apache.tomcat.util.threads.ThreadPoolExecutor$Worker.run(ThreadPoolExecutor.java:483)
	at org.apache.tomcat.util.threads.TaskThread$WrappingRunnable.run(TaskThread.java:74)
	at java.base/java.lang.Thread.run(Thread.java:1474)
Caused by: org.springframework.security.core.userdetails.UsernameNotFoundException: User not found: avdhut@example.com
	at com.patientmanagement.security.CustomUserDetailsService.lambda$loadUserByUsername$0(CustomUserDetailsService.java:39)
	at java.base/java.util.Optional.orElseThrow(Optional.java:403)
	at com.patientmanagement.security.CustomUserDetailsService.loadUserByUsername(CustomUserDetailsService.java:38)
	at org.springframework.security.authentication.dao.DaoAuthenticationProvider.retrieveUser(DaoAuthenticationProvider.java:106)
	at org.springframework.security.authentication.dao.AbstractUserDetailsAuthenticationProvider.authenticate(AbstractUserDetailsAuthenticationProvider.java:145)
	... 97 more
2026-09-17 13:41:05 [http-nio-8080-exec-10] WARN  org.springframework.web.servlet.mvc.method.annotation.ExceptionHandlerExceptionResolver - Resolved [org.springframework.security.authentication.BadCredentialsException: Bad credentials]
2026-09-17 13:41:23 [http-nio-8080-exec-3] INFO  com.patientmanagement.service.AuthService - Login attempt received for email: avdhut@gmail.com
2026-09-17 13:41:23 [http-nio-8080-exec-3] INFO  com.patientmanagement.security.JwtService - Generating JWT token for user: avdhut@gmail.com with role: PATIENT
2026-09-17 13:41:23 [http-nio-8080-exec-3] INFO  com.patientmanagement.service.AuthService - Patient ID 16 found for user ID 6
2026-09-17 13:41:23 [http-nio-8080-exec-3] INFO  com.patientmanagement.service.AuthService - User logged in successfully with email: avdhut@gmail.com and role: PATIENT
2026-09-17 15:25:32 [http-nio-8080-exec-6] INFO  com.patientmanagement.service.AuthService - Login attempt received for email: avdhut@gmail.com
2026-09-17 15:25:33 [http-nio-8080-exec-6] INFO  com.patientmanagement.security.JwtService - Generating JWT token for user: avdhut@gmail.com with role: PATIENT
2026-09-17 15:25:33 [http-nio-8080-exec-6] INFO  com.patientmanagement.service.AuthService - Patient ID 16 found for user ID 6
2026-09-17 15:25:33 [http-nio-8080-exec-6] INFO  com.patientmanagement.service.AuthService - User logged in successfully with email: avdhut@gmail.com and role: PATIENT
2026-09-17 15:27:37 [http-nio-8080-exec-8] INFO  com.patientmanagement.controller.DoctorController - GET /api/doctors - Fetching all active doctors
2026-09-17 15:27:37 [http-nio-8080-exec-8] INFO  com.patientmanagement.service.DoctorService - Fetching all active doctors
2026-09-17 15:27:37 [http-nio-8080-exec-8] INFO  com.patientmanagement.service.DoctorService - Found 4 active doctors
2026-09-17 15:27:42 [http-nio-8080-exec-10] INFO  com.patientmanagement.controller.DoctorController - GET /api/doctors - Fetching all active doctors
2026-09-17 15:27:42 [http-nio-8080-exec-10] INFO  com.patientmanagement.service.DoctorService - Fetching all active doctors
2026-09-17 15:27:42 [http-nio-8080-exec-10] INFO  com.patientmanagement.service.DoctorService - Found 4 active doctors
2026-09-17 15:27:57 [http-nio-8080-exec-2] INFO  com.patientmanagement.service.AuthService - Login attempt received for email: admin@gmail.com
2026-09-17 15:27:57 [http-nio-8080-exec-2] INFO  com.patientmanagement.security.JwtService - Generating JWT token for user: admin@gmail.com with role: ADMIN
2026-09-17 15:27:57 [http-nio-8080-exec-2] INFO  com.patientmanagement.service.AuthService - User logged in successfully with email: admin@gmail.com and role: ADMIN
2026-09-17 15:27:59 [http-nio-8080-exec-1] INFO  com.patientmanagement.controller.PatientController - GET /api/patients - Fetching active patients
2026-09-17 15:27:59 [http-nio-8080-exec-1] INFO  com.patientmanagement.service.PatientService - Fetching all active patients
2026-09-17 15:27:59 [http-nio-8080-exec-1] INFO  com.patientmanagement.service.PatientService - Found 7 active patients
2026-09-17 15:28:09 [http-nio-8080-exec-7] INFO  com.patientmanagement.controller.PatientController - GET /api/patients - Fetching active patients
2026-09-17 15:28:09 [http-nio-8080-exec-7] INFO  com.patientmanagement.service.PatientService - Fetching all active patients
2026-09-17 15:28:09 [http-nio-8080-exec-8] INFO  com.patientmanagement.controller.DoctorController - GET /api/doctors - Fetching all active doctors
2026-09-17 15:28:09 [http-nio-8080-exec-8] INFO  com.patientmanagement.service.DoctorService - Fetching all active doctors
2026-09-17 15:28:09 [http-nio-8080-exec-10] INFO  com.patientmanagement.controller.AppointmentController - GET /api/appointments - Fetching all appointments
2026-09-17 15:28:09 [http-nio-8080-exec-10] INFO  com.patientmanagement.service.AppointmentService - Fetching all appointments
2026-09-17 15:28:09 [http-nio-8080-exec-7] INFO  com.patientmanagement.service.PatientService - Found 7 active patients
2026-09-17 15:28:09 [http-nio-8080-exec-8] INFO  com.patientmanagement.service.DoctorService - Found 4 active doctors
2026-09-17 15:28:10 [http-nio-8080-exec-10] INFO  com.patientmanagement.service.AppointmentService - Found 6 appointments
2026-09-17 15:42:10 [restartedMain] INFO  com.patientmanagement.BackendApplication - Starting BackendApplication using Java 25.0.3 with PID 25840 (C:\Users\Vishal\Desktop\Full Project\PatientDoctorManagement\backend\target\classes started by Vishal in C:\Users\Vishal\Desktop\Full Project\PatientDoctorManagement\backend)
2026-09-17 15:42:10 [restartedMain] INFO  com.patientmanagement.BackendApplication - No active profile set, falling back to 1 default profile: "default"
2026-09-17 15:42:10 [restartedMain] INFO  org.springframework.boot.devtools.env.DevToolsPropertyDefaultsPostProcessor - Devtools property defaults active! Set 'spring.devtools.add-properties' to 'false' to disable
2026-09-17 15:42:10 [restartedMain] INFO  org.springframework.boot.devtools.env.DevToolsPropertyDefaultsPostProcessor - For additional web related logging consider setting the 'logging.level.web' property to 'DEBUG'
2026-09-17 15:42:11 [background-preinit] INFO  org.hibernate.validator.internal.util.Version - HV000001: Hibernate Validator 9.1.3.Final
2026-09-17 15:42:12 [restartedMain] INFO  org.springframework.data.repository.config.RepositoryConfigurationDelegate - Bootstrapping Spring Data JPA repositories in DEFAULT mode.
2026-09-17 15:42:12 [restartedMain] INFO  org.springframework.data.repository.config.RepositoryConfigurationDelegate - Finished Spring Data repository scanning in 84 ms. Found 5 JPA repository interfaces.
2026-09-17 15:42:13 [restartedMain] INFO  org.springframework.boot.tomcat.TomcatWebServer - Tomcat initialized with port 8080 (http)
2026-09-17 15:42:13 [restartedMain] INFO  org.apache.coyote.http11.Http11NioProtocol - Initializing ProtocolHandler ["http-nio-8080"]
2026-09-17 15:42:13 [restartedMain] INFO  org.apache.catalina.core.StandardService - Starting service [Tomcat]
2026-09-17 15:42:13 [restartedMain] INFO  org.apache.catalina.core.StandardEngine - Starting Servlet engine: [Apache Tomcat/11.0.24]
2026-09-17 15:42:13 [restartedMain] INFO  org.springframework.boot.web.context.servlet.WebApplicationContextInitializer - Root WebApplicationContext: initialization completed in 2601 ms
2026-09-17 15:42:13 [restartedMain] INFO  org.hibernate.orm.jpa - HHH008540: Processing PersistenceUnitInfo [name: default]
2026-09-17 15:42:13 [restartedMain] INFO  org.hibernate.orm.core - HHH000001: Hibernate ORM core version 7.4.5.Final
2026-09-17 15:42:14 [restartedMain] INFO  org.springframework.orm.jpa.persistenceunit.SpringPersistenceUnitInfo - No LoadTimeWeaver setup: ignoring JPA class transformer
2026-09-17 15:42:14 [restartedMain] INFO  com.zaxxer.hikari.HikariDataSource - HikariPool-1 - Starting...
2026-09-17 15:42:14 [restartedMain] INFO  com.zaxxer.hikari.pool.HikariPool - HikariPool-1 - Added connection ConnectionID:1 ClientConnectionId: 0443ee05-f2d7-4f0f-b092-2a290558ea1d
2026-09-17 15:42:14 [restartedMain] INFO  com.zaxxer.hikari.HikariDataSource - HikariPool-1 - Start completed.
2026-09-17 15:42:15 [restartedMain] WARN  org.hibernate.orm.deprecation - HHH90000025: SQLServerDialect does not need to be specified explicitly using 'hibernate.dialect' (remove the property setting and it will be selected by default)
2026-09-17 15:42:15 [restartedMain] INFO  org.hibernate.orm.connections.pooling - HHH10001005: Database info:
	Database JDBC URL [jdbc:sqlserver://localhost:1433;concatNullYieldsNull=ON;quotedIdentifier=ON;connectRetryInterval=10;connectRetryCount=1;maxResultBuffer=-1;sendTemporalDataTypesAsStringForBulkCopy=true;delayLoadingLobs=true;useFmtOnly=false;vectorTypeSupport=v1;cacheBulkCopyMetadata=false;bulkCopyForBatchInsertAllowEncryptedValueModifications=false;bulkCopyForBatchInsertTableLock=false;bulkCopyForBatchInsertKeepNulls=false;bulkCopyForBatchInsertKeepIdentity=false;bulkCopyForBatchInsertFireTriggers=false;bulkCopyForBatchInsertCheckConstraints=false;bulkCopyForBatchInsertBatchSize=0;useBulkCopyForBatchInsert=false;cancelQueryTimeout=-1;sslProtocol=TLS;calcBigDecimalPrecision=false;useDefaultJaasConfig=false;jaasConfigurationName=SQLJDBCDriver;statementPoolingCacheSize=0;serverPreparedStatementDiscardThreshold=10;enablePrepareOnFirstPreparedStatementCall=false;fips=false;socketTimeout=0;authentication=NotSpecified;authenticationScheme=nativeAuthentication;xopenStates=false;datetimeParameterType=datetime2;sendTimeAsDatetime=false;replication=false;trustStoreType=JKS;trustServerCertificate=true;TransparentNetworkIPResolution=true;iPAddressPreference=IPv4First;serverNameAsACE=false;sendStringParametersAsUnicode=true;selectMethod=direct;responseBuffering=adaptive;queryTimeout=-1;packetSize=8000;multiSubnetFailover=false;loginTimeout=30;lockTimeout=-1;lastUpdateCount=true;useDefaultGSSCredential=false;prepareMethod=prepexec;encrypt=true;disableStatementPooling=true;databaseName=PatientManagementDB;columnEncryptionSetting=Disabled;applicationName=Microsoft JDBC Driver for SQL Server;applicationIntent=readwrite;]
	Database driver: Microsoft JDBC Driver 13.4 for SQL Server
	Database dialect: SQLServerDialect
	Database version: 17.0
	Default catalog/schema: PatientManagementDB/dbo
	Autocommit mode: undefined/unknown
	Isolation level: READ_COMMITTED [default READ_COMMITTED]
	JDBC fetch size: 128
	Pool: DataSourceConnectionProvider
	Minimum pool size: undefined/unknown
	Maximum pool size: undefined/unknown
2026-09-17 15:42:16 [restartedMain] INFO  org.hibernate.orm.core - HHH000489: No JTA platform available (set 'hibernate.transaction.jta.platform' to enable JTA platform integration)
2026-09-17 15:42:17 [restartedMain] INFO  org.springframework.orm.jpa.LocalContainerEntityManagerFactoryBean - Initialized JPA EntityManagerFactory for persistence unit 'default'
2026-09-17 15:42:17 [restartedMain] INFO  org.springframework.data.jpa.repository.query.QueryEnhancerFactories - Hibernate is in classpath; If applicable, HQL parser will be used.
2026-09-17 15:42:18 [restartedMain] INFO  org.springframework.security.config.annotation.authentication.configuration.InitializeAuthenticationProviderBeanManagerConfigurer$InitializeAuthenticationProviderManagerConfigurer - Global AuthenticationManager configured with AuthenticationProvider bean with name authenticationProvider
2026-09-17 15:42:18 [restartedMain] WARN  org.springframework.security.config.annotation.authentication.configuration.InitializeUserDetailsBeanManagerConfigurer$InitializeUserDetailsManagerConfigurer - Global AuthenticationManager configured with an AuthenticationProvider bean. UserDetailsService beans will not be used by Spring Security for automatically configuring username/password login. Consider removing the AuthenticationProvider bean. Alternatively, consider using the UserDetailsService in a manually instantiated DaoAuthenticationProvider. If the current configuration is intentional, to turn off this warning, increase the logging level of 'org.springframework.security.config.annotation.authentication.configuration.InitializeUserDetailsBeanManagerConfigurer' to ERROR
2026-09-17 15:42:18 [restartedMain] WARN  org.springframework.boot.jpa.autoconfigure.JpaBaseConfiguration$JpaWebConfiguration - spring.jpa.open-in-view is enabled by default. Therefore, database queries may be performed during view rendering. Explicitly configure spring.jpa.open-in-view to disable this warning
2026-09-17 15:42:19 [restartedMain] INFO  org.apache.coyote.http11.Http11NioProtocol - Starting ProtocolHandler ["http-nio-8080"]
2026-09-17 15:42:19 [restartedMain] INFO  org.springframework.boot.tomcat.TomcatWebServer - Tomcat started on port 8080 (http) with context path '/'
2026-09-17 15:42:19 [restartedMain] INFO  com.patientmanagement.BackendApplication - Started BackendApplication in 9.461 seconds (process running for 10.511)
2026-09-17 15:42:19 [restartedMain] WARN  org.springdoc.core.events.SpringDocAppInitializer - SpringDoc /v3/api-docs endpoint is enabled by default. To disable it in production, set the property 'springdoc.api-docs.enabled=false'
2026-09-17 15:42:19 [restartedMain] WARN  org.springdoc.core.events.SpringDocAppInitializer - SpringDoc /swagger-ui.html endpoint is enabled by default. To disable it in production, set the property 'springdoc.swagger-ui.enabled=false'
2026-09-17 15:42:34 [http-nio-8080-exec-7] INFO  org.apache.catalina.core.ContainerBase.[Tomcat].[localhost].[/] - Initializing Spring DispatcherServlet 'dispatcherServlet'
2026-09-17 15:42:34 [http-nio-8080-exec-7] INFO  org.springframework.web.servlet.DispatcherServlet - Initializing Servlet 'dispatcherServlet'
2026-09-17 15:42:34 [http-nio-8080-exec-7] INFO  org.springframework.web.servlet.DispatcherServlet - Completed initialization in 3 ms
2026-09-17 15:42:35 [http-nio-8080-exec-3] INFO  com.patientmanagement.controller.DoctorController - GET /api/doctors - Fetching all active doctors
2026-09-17 15:42:35 [http-nio-8080-exec-6] INFO  com.patientmanagement.controller.PatientController - GET /api/patients - Fetching active patients
2026-09-17 15:42:35 [http-nio-8080-exec-5] INFO  com.patientmanagement.controller.AppointmentController - GET /api/appointments - Fetching all appointments
2026-09-17 15:42:35 [http-nio-8080-exec-3] INFO  com.patientmanagement.service.DoctorService - Fetching all active doctors
2026-09-17 15:42:35 [http-nio-8080-exec-6] INFO  com.patientmanagement.service.PatientService - Fetching all active patients
2026-09-17 15:42:35 [http-nio-8080-exec-5] INFO  com.patientmanagement.service.AppointmentService - Fetching all appointments
2026-09-17 15:42:35 [http-nio-8080-exec-3] INFO  com.patientmanagement.service.DoctorService - Found 4 active doctors
2026-09-17 15:42:35 [http-nio-8080-exec-6] INFO  com.patientmanagement.service.PatientService - Found 7 active patients
2026-09-17 15:42:35 [http-nio-8080-exec-5] INFO  com.patientmanagement.service.AppointmentService - Found 6 appointments
2026-09-17 15:42:43 [http-nio-8080-exec-9] INFO  com.patientmanagement.controller.DoctorController - GET /api/doctors - Fetching all active doctors
2026-09-17 15:42:43 [http-nio-8080-exec-9] INFO  com.patientmanagement.service.DoctorService - Fetching all active doctors
2026-09-17 15:42:43 [http-nio-8080-exec-9] INFO  com.patientmanagement.service.DoctorService - Found 4 active doctors
2026-09-17 15:42:44 [http-nio-8080-exec-1] INFO  com.patientmanagement.controller.PatientController - GET /api/patients - Fetching active patients
2026-09-17 15:42:44 [http-nio-8080-exec-1] INFO  com.patientmanagement.service.PatientService - Fetching all active patients
2026-09-17 15:42:44 [http-nio-8080-exec-1] INFO  com.patientmanagement.service.PatientService - Found 7 active patients
2026-09-17 15:42:58 [http-nio-8080-exec-5] INFO  com.patientmanagement.service.AuthService - Login attempt received for email: avdhut@gmail.com
2026-09-17 15:42:58 [http-nio-8080-exec-5] INFO  com.patientmanagement.security.JwtService - Generating JWT token for user: avdhut@gmail.com with role: PATIENT
2026-09-17 15:42:58 [http-nio-8080-exec-5] INFO  com.patientmanagement.service.AuthService - Patient ID 16 found for user ID 6
2026-09-17 15:42:58 [http-nio-8080-exec-5] INFO  com.patientmanagement.service.AuthService - User logged in successfully with email: avdhut@gmail.com and role: PATIENT
2026-09-17 15:48:37 [SpringApplicationShutdownHook] INFO  org.springframework.boot.tomcat.GracefulShutdown - Commencing graceful shutdown. Waiting for active requests to complete
2026-09-17 15:48:37 [tomcat-shutdown] INFO  org.springframework.boot.tomcat.GracefulShutdown - Graceful shutdown complete
2026-09-17 15:48:37 [SpringApplicationShutdownHook] INFO  org.springframework.orm.jpa.LocalContainerEntityManagerFactoryBean - Closing JPA EntityManagerFactory for persistence unit 'default'
2026-09-17 15:48:37 [SpringApplicationShutdownHook] INFO  com.zaxxer.hikari.HikariDataSource - HikariPool-1 - Shutdown initiated...
2026-09-17 15:48:37 [SpringApplicationShutdownHook] INFO  com.zaxxer.hikari.HikariDataSource - HikariPool-1 - Shutdown completed.
2026-09-17 15:49:14 [restartedMain] INFO  com.patientmanagement.BackendApplication - Starting BackendApplication using Java 25.0.3 with PID 28208 (C:\Users\Vishal\Desktop\Full Project\PatientDoctorManagement\backend\target\classes started by Vishal in C:\Users\Vishal\Desktop\Full Project\PatientDoctorManagement\backend)
2026-09-17 15:49:14 [restartedMain] INFO  com.patientmanagement.BackendApplication - No active profile set, falling back to 1 default profile: "default"
2026-09-17 15:49:14 [restartedMain] INFO  org.springframework.boot.devtools.env.DevToolsPropertyDefaultsPostProcessor - Devtools property defaults active! Set 'spring.devtools.add-properties' to 'false' to disable
2026-09-17 15:49:14 [restartedMain] INFO  org.springframework.boot.devtools.env.DevToolsPropertyDefaultsPostProcessor - For additional web related logging consider setting the 'logging.level.web' property to 'DEBUG'
2026-09-17 15:49:14 [background-preinit] INFO  org.hibernate.validator.internal.util.Version - HV000001: Hibernate Validator 9.1.3.Final
2026-09-17 15:49:15 [restartedMain] INFO  org.springframework.data.repository.config.RepositoryConfigurationDelegate - Bootstrapping Spring Data JPA repositories in DEFAULT mode.
2026-09-17 15:49:15 [restartedMain] INFO  org.springframework.data.repository.config.RepositoryConfigurationDelegate - Finished Spring Data repository scanning in 67 ms. Found 5 JPA repository interfaces.
2026-09-17 15:49:16 [restartedMain] INFO  org.springframework.boot.tomcat.TomcatWebServer - Tomcat initialized with port 8080 (http)
2026-09-17 15:49:16 [restartedMain] INFO  org.apache.coyote.http11.Http11NioProtocol - Initializing ProtocolHandler ["http-nio-8080"]
2026-09-17 15:49:16 [restartedMain] INFO  org.apache.catalina.core.StandardService - Starting service [Tomcat]
2026-09-17 15:49:16 [restartedMain] INFO  org.apache.catalina.core.StandardEngine - Starting Servlet engine: [Apache Tomcat/11.0.24]
2026-09-17 15:49:16 [restartedMain] INFO  org.springframework.boot.web.context.servlet.WebApplicationContextInitializer - Root WebApplicationContext: initialization completed in 1901 ms
2026-09-17 15:49:16 [restartedMain] INFO  org.hibernate.orm.jpa - HHH008540: Processing PersistenceUnitInfo [name: default]
2026-09-17 15:49:16 [restartedMain] INFO  org.hibernate.orm.core - HHH000001: Hibernate ORM core version 7.4.5.Final
2026-09-17 15:49:16 [restartedMain] INFO  org.springframework.orm.jpa.persistenceunit.SpringPersistenceUnitInfo - No LoadTimeWeaver setup: ignoring JPA class transformer
2026-09-17 15:49:16 [restartedMain] INFO  com.zaxxer.hikari.HikariDataSource - HikariPool-1 - Starting...
2026-09-17 15:49:17 [restartedMain] INFO  com.zaxxer.hikari.pool.HikariPool - HikariPool-1 - Added connection ConnectionID:1 ClientConnectionId: fcf08478-35a9-40d7-860f-675458524eca
2026-09-17 15:49:17 [restartedMain] INFO  com.zaxxer.hikari.HikariDataSource - HikariPool-1 - Start completed.
2026-09-17 15:49:17 [restartedMain] WARN  org.hibernate.orm.deprecation - HHH90000025: SQLServerDialect does not need to be specified explicitly using 'hibernate.dialect' (remove the property setting and it will be selected by default)
2026-09-17 15:49:17 [restartedMain] INFO  org.hibernate.orm.connections.pooling - HHH10001005: Database info:
	Database JDBC URL [jdbc:sqlserver://localhost:1433;concatNullYieldsNull=ON;quotedIdentifier=ON;connectRetryInterval=10;connectRetryCount=1;maxResultBuffer=-1;sendTemporalDataTypesAsStringForBulkCopy=true;delayLoadingLobs=true;useFmtOnly=false;vectorTypeSupport=v1;cacheBulkCopyMetadata=false;bulkCopyForBatchInsertAllowEncryptedValueModifications=false;bulkCopyForBatchInsertTableLock=false;bulkCopyForBatchInsertKeepNulls=false;bulkCopyForBatchInsertKeepIdentity=false;bulkCopyForBatchInsertFireTriggers=false;bulkCopyForBatchInsertCheckConstraints=false;bulkCopyForBatchInsertBatchSize=0;useBulkCopyForBatchInsert=false;cancelQueryTimeout=-1;sslProtocol=TLS;calcBigDecimalPrecision=false;useDefaultJaasConfig=false;jaasConfigurationName=SQLJDBCDriver;statementPoolingCacheSize=0;serverPreparedStatementDiscardThreshold=10;enablePrepareOnFirstPreparedStatementCall=false;fips=false;socketTimeout=0;authentication=NotSpecified;authenticationScheme=nativeAuthentication;xopenStates=false;datetimeParameterType=datetime2;sendTimeAsDatetime=false;replication=false;trustStoreType=JKS;trustServerCertificate=true;TransparentNetworkIPResolution=true;iPAddressPreference=IPv4First;serverNameAsACE=false;sendStringParametersAsUnicode=true;selectMethod=direct;responseBuffering=adaptive;queryTimeout=-1;packetSize=8000;multiSubnetFailover=false;loginTimeout=30;lockTimeout=-1;lastUpdateCount=true;useDefaultGSSCredential=false;prepareMethod=prepexec;encrypt=true;disableStatementPooling=true;databaseName=PatientManagementDB;columnEncryptionSetting=Disabled;applicationName=Microsoft JDBC Driver for SQL Server;applicationIntent=readwrite;]
	Database driver: Microsoft JDBC Driver 13.4 for SQL Server
	Database dialect: SQLServerDialect
	Database version: 17.0
	Default catalog/schema: PatientManagementDB/dbo
	Autocommit mode: undefined/unknown
	Isolation level: READ_COMMITTED [default READ_COMMITTED]
	JDBC fetch size: 128
	Pool: DataSourceConnectionProvider
	Minimum pool size: undefined/unknown
	Maximum pool size: undefined/unknown
2026-09-17 15:49:19 [restartedMain] INFO  org.hibernate.orm.core - HHH000489: No JTA platform available (set 'hibernate.transaction.jta.platform' to enable JTA platform integration)
2026-09-17 15:49:19 [restartedMain] INFO  org.springframework.orm.jpa.LocalContainerEntityManagerFactoryBean - Initialized JPA EntityManagerFactory for persistence unit 'default'
2026-09-17 15:49:19 [restartedMain] INFO  org.springframework.data.jpa.repository.query.QueryEnhancerFactories - Hibernate is in classpath; If applicable, HQL parser will be used.
2026-09-17 15:49:20 [restartedMain] INFO  org.springframework.security.config.annotation.authentication.configuration.InitializeAuthenticationProviderBeanManagerConfigurer$InitializeAuthenticationProviderManagerConfigurer - Global AuthenticationManager configured with AuthenticationProvider bean with name authenticationProvider
2026-09-17 15:49:20 [restartedMain] WARN  org.springframework.security.config.annotation.authentication.configuration.InitializeUserDetailsBeanManagerConfigurer$InitializeUserDetailsManagerConfigurer - Global AuthenticationManager configured with an AuthenticationProvider bean. UserDetailsService beans will not be used by Spring Security for automatically configuring username/password login. Consider removing the AuthenticationProvider bean. Alternatively, consider using the UserDetailsService in a manually instantiated DaoAuthenticationProvider. If the current configuration is intentional, to turn off this warning, increase the logging level of 'org.springframework.security.config.annotation.authentication.configuration.InitializeUserDetailsBeanManagerConfigurer' to ERROR
2026-09-17 15:49:20 [restartedMain] WARN  org.springframework.boot.jpa.autoconfigure.JpaBaseConfiguration$JpaWebConfiguration - spring.jpa.open-in-view is enabled by default. Therefore, database queries may be performed during view rendering. Explicitly configure spring.jpa.open-in-view to disable this warning
2026-09-17 15:49:20 [restartedMain] INFO  org.apache.coyote.http11.Http11NioProtocol - Starting ProtocolHandler ["http-nio-8080"]
2026-09-17 15:49:20 [restartedMain] INFO  org.springframework.boot.tomcat.TomcatWebServer - Tomcat started on port 8080 (http) with context path '/'
2026-09-17 15:49:20 [restartedMain] INFO  com.patientmanagement.BackendApplication - Started BackendApplication in 7.262 seconds (process running for 8.148)
2026-09-17 15:49:20 [restartedMain] WARN  org.springdoc.core.events.SpringDocAppInitializer - SpringDoc /v3/api-docs endpoint is enabled by default. To disable it in production, set the property 'springdoc.api-docs.enabled=false'
2026-09-17 15:49:20 [restartedMain] WARN  org.springdoc.core.events.SpringDocAppInitializer - SpringDoc /swagger-ui.html endpoint is enabled by default. To disable it in production, set the property 'springdoc.swagger-ui.enabled=false'
2026-09-17 15:49:44 [http-nio-8080-exec-1] INFO  org.apache.catalina.core.ContainerBase.[Tomcat].[localhost].[/] - Initializing Spring DispatcherServlet 'dispatcherServlet'
2026-09-17 15:49:44 [http-nio-8080-exec-1] INFO  org.springframework.web.servlet.DispatcherServlet - Initializing Servlet 'dispatcherServlet'
2026-09-17 15:49:44 [http-nio-8080-exec-1] INFO  org.springframework.web.servlet.DispatcherServlet - Completed initialization in 1 ms
2026-09-17 15:54:41 [SpringApplicationShutdownHook] INFO  org.springframework.boot.tomcat.GracefulShutdown - Commencing graceful shutdown. Waiting for active requests to complete
2026-09-17 15:54:41 [tomcat-shutdown] INFO  org.springframework.boot.tomcat.GracefulShutdown - Graceful shutdown complete
2026-09-17 15:54:41 [SpringApplicationShutdownHook] INFO  org.springframework.orm.jpa.LocalContainerEntityManagerFactoryBean - Closing JPA EntityManagerFactory for persistence unit 'default'
2026-09-17 15:54:41 [SpringApplicationShutdownHook] INFO  com.zaxxer.hikari.HikariDataSource - HikariPool-1 - Shutdown initiated...
2026-09-17 15:54:41 [SpringApplicationShutdownHook] INFO  com.zaxxer.hikari.HikariDataSource - HikariPool-1 - Shutdown completed.
2026-09-17 15:55:32 [restartedMain] INFO  com.patientmanagement.BackendApplication - Starting BackendApplication using Java 25.0.3 with PID 28436 (C:\Users\Vishal\Desktop\Full Project\PatientDoctorManagement\backend\target\classes started by Vishal in C:\Users\Vishal\Desktop\Full Project\PatientDoctorManagement\backend)
2026-09-17 15:55:32 [restartedMain] INFO  com.patientmanagement.BackendApplication - No active profile set, falling back to 1 default profile: "default"
2026-09-17 15:55:32 [restartedMain] INFO  org.springframework.boot.devtools.env.DevToolsPropertyDefaultsPostProcessor - Devtools property defaults active! Set 'spring.devtools.add-properties' to 'false' to disable
2026-09-17 15:55:32 [restartedMain] INFO  org.springframework.boot.devtools.env.DevToolsPropertyDefaultsPostProcessor - For additional web related logging consider setting the 'logging.level.web' property to 'DEBUG'
2026-09-17 15:55:32 [background-preinit] INFO  org.hibernate.validator.internal.util.Version - HV000001: Hibernate Validator 9.1.3.Final
2026-09-17 15:55:33 [restartedMain] INFO  org.springframework.data.repository.config.RepositoryConfigurationDelegate - Bootstrapping Spring Data JPA repositories in DEFAULT mode.
2026-09-17 15:55:33 [restartedMain] INFO  org.springframework.data.repository.config.RepositoryConfigurationDelegate - Finished Spring Data repository scanning in 64 ms. Found 5 JPA repository interfaces.
2026-09-17 15:55:34 [restartedMain] INFO  org.springframework.boot.tomcat.TomcatWebServer - Tomcat initialized with port 8080 (http)
2026-09-17 15:55:34 [restartedMain] INFO  org.apache.coyote.http11.Http11NioProtocol - Initializing ProtocolHandler ["http-nio-8080"]
2026-09-17 15:55:34 [restartedMain] INFO  org.apache.catalina.core.StandardService - Starting service [Tomcat]
2026-09-17 15:55:34 [restartedMain] INFO  org.apache.catalina.core.StandardEngine - Starting Servlet engine: [Apache Tomcat/11.0.24]
2026-09-17 15:55:34 [restartedMain] INFO  org.springframework.boot.web.context.servlet.WebApplicationContextInitializer - Root WebApplicationContext: initialization completed in 2050 ms
2026-09-17 15:55:34 [restartedMain] INFO  org.hibernate.orm.jpa - HHH008540: Processing PersistenceUnitInfo [name: default]
2026-09-17 15:55:34 [restartedMain] INFO  org.hibernate.orm.core - HHH000001: Hibernate ORM core version 7.4.5.Final
2026-09-17 15:55:34 [restartedMain] INFO  org.springframework.orm.jpa.persistenceunit.SpringPersistenceUnitInfo - No LoadTimeWeaver setup: ignoring JPA class transformer
2026-09-17 15:55:34 [restartedMain] INFO  com.zaxxer.hikari.HikariDataSource - HikariPool-1 - Starting...
2026-09-17 15:55:35 [restartedMain] INFO  com.zaxxer.hikari.pool.HikariPool - HikariPool-1 - Added connection ConnectionID:1 ClientConnectionId: 23321878-d08b-4ec0-9fcc-652c0f974d23
2026-09-17 15:55:35 [restartedMain] INFO  com.zaxxer.hikari.HikariDataSource - HikariPool-1 - Start completed.
2026-09-17 15:55:35 [restartedMain] WARN  org.hibernate.orm.deprecation - HHH90000025: SQLServerDialect does not need to be specified explicitly using 'hibernate.dialect' (remove the property setting and it will be selected by default)
2026-09-17 15:55:35 [restartedMain] INFO  org.hibernate.orm.connections.pooling - HHH10001005: Database info:
	Database JDBC URL [jdbc:sqlserver://localhost:1433;concatNullYieldsNull=ON;quotedIdentifier=ON;connectRetryInterval=10;connectRetryCount=1;maxResultBuffer=-1;sendTemporalDataTypesAsStringForBulkCopy=true;delayLoadingLobs=true;useFmtOnly=false;vectorTypeSupport=v1;cacheBulkCopyMetadata=false;bulkCopyForBatchInsertAllowEncryptedValueModifications=false;bulkCopyForBatchInsertTableLock=false;bulkCopyForBatchInsertKeepNulls=false;bulkCopyForBatchInsertKeepIdentity=false;bulkCopyForBatchInsertFireTriggers=false;bulkCopyForBatchInsertCheckConstraints=false;bulkCopyForBatchInsertBatchSize=0;useBulkCopyForBatchInsert=false;cancelQueryTimeout=-1;sslProtocol=TLS;calcBigDecimalPrecision=false;useDefaultJaasConfig=false;jaasConfigurationName=SQLJDBCDriver;statementPoolingCacheSize=0;serverPreparedStatementDiscardThreshold=10;enablePrepareOnFirstPreparedStatementCall=false;fips=false;socketTimeout=0;authentication=NotSpecified;authenticationScheme=nativeAuthentication;xopenStates=false;datetimeParameterType=datetime2;sendTimeAsDatetime=false;replication=false;trustStoreType=JKS;trustServerCertificate=true;TransparentNetworkIPResolution=true;iPAddressPreference=IPv4First;serverNameAsACE=false;sendStringParametersAsUnicode=true;selectMethod=direct;responseBuffering=adaptive;queryTimeout=-1;packetSize=8000;multiSubnetFailover=false;loginTimeout=30;lockTimeout=-1;lastUpdateCount=true;useDefaultGSSCredential=false;prepareMethod=prepexec;encrypt=true;disableStatementPooling=true;databaseName=PatientManagementDB;columnEncryptionSetting=Disabled;applicationName=Microsoft JDBC Driver for SQL Server;applicationIntent=readwrite;]
	Database driver: Microsoft JDBC Driver 13.4 for SQL Server
	Database dialect: SQLServerDialect
	Database version: 17.0
	Default catalog/schema: PatientManagementDB/dbo
	Autocommit mode: undefined/unknown
	Isolation level: READ_COMMITTED [default READ_COMMITTED]
	JDBC fetch size: 128
	Pool: DataSourceConnectionProvider
	Minimum pool size: undefined/unknown
	Maximum pool size: undefined/unknown
2026-09-17 15:55:36 [restartedMain] INFO  org.hibernate.orm.core - HHH000489: No JTA platform available (set 'hibernate.transaction.jta.platform' to enable JTA platform integration)
2026-09-17 15:55:37 [restartedMain] INFO  org.springframework.orm.jpa.LocalContainerEntityManagerFactoryBean - Initialized JPA EntityManagerFactory for persistence unit 'default'
2026-09-17 15:55:37 [restartedMain] INFO  org.springframework.data.jpa.repository.query.QueryEnhancerFactories - Hibernate is in classpath; If applicable, HQL parser will be used.
2026-09-17 15:55:37 [restartedMain] INFO  org.springframework.security.config.annotation.authentication.configuration.InitializeAuthenticationProviderBeanManagerConfigurer$InitializeAuthenticationProviderManagerConfigurer - Global AuthenticationManager configured with AuthenticationProvider bean with name authenticationProvider
2026-09-17 15:55:37 [restartedMain] WARN  org.springframework.security.config.annotation.authentication.configuration.InitializeUserDetailsBeanManagerConfigurer$InitializeUserDetailsManagerConfigurer - Global AuthenticationManager configured with an AuthenticationProvider bean. UserDetailsService beans will not be used by Spring Security for automatically configuring username/password login. Consider removing the AuthenticationProvider bean. Alternatively, consider using the UserDetailsService in a manually instantiated DaoAuthenticationProvider. If the current configuration is intentional, to turn off this warning, increase the logging level of 'org.springframework.security.config.annotation.authentication.configuration.InitializeUserDetailsBeanManagerConfigurer' to ERROR
2026-09-17 15:55:37 [restartedMain] WARN  org.springframework.boot.jpa.autoconfigure.JpaBaseConfiguration$JpaWebConfiguration - spring.jpa.open-in-view is enabled by default. Therefore, database queries may be performed during view rendering. Explicitly configure spring.jpa.open-in-view to disable this warning
2026-09-17 15:55:38 [restartedMain] INFO  org.apache.coyote.http11.Http11NioProtocol - Starting ProtocolHandler ["http-nio-8080"]
2026-09-17 15:55:38 [restartedMain] INFO  org.springframework.boot.tomcat.TomcatWebServer - Tomcat started on port 8080 (http) with context path '/'
2026-09-17 15:55:38 [restartedMain] INFO  com.patientmanagement.BackendApplication - Started BackendApplication in 6.912 seconds (process running for 7.817)
2026-09-17 15:55:38 [restartedMain] WARN  org.springdoc.core.events.SpringDocAppInitializer - SpringDoc /v3/api-docs endpoint is enabled by default. To disable it in production, set the property 'springdoc.api-docs.enabled=false'
2026-09-17 15:55:38 [restartedMain] WARN  org.springdoc.core.events.SpringDocAppInitializer - SpringDoc /swagger-ui.html endpoint is enabled by default. To disable it in production, set the property 'springdoc.swagger-ui.enabled=false'
2026-09-17 15:55:46 [http-nio-8080-exec-1] INFO  org.apache.catalina.core.ContainerBase.[Tomcat].[localhost].[/] - Initializing Spring DispatcherServlet 'dispatcherServlet'
2026-09-17 15:55:46 [http-nio-8080-exec-1] INFO  org.springframework.web.servlet.DispatcherServlet - Initializing Servlet 'dispatcherServlet'
2026-09-17 15:55:46 [http-nio-8080-exec-1] INFO  org.springframework.web.servlet.DispatcherServlet - Completed initialization in 2 ms
2026-09-17 15:56:48 [http-nio-8080-exec-2] ERROR com.patientmanagement.exception.GlobalExceptionHandler - Unexpected error on /api/files/2
java.lang.RuntimeException: File not found with ID: 2
	at com.patientmanagement.service.PatientFileService.deleteFile(PatientFileService.java:222)
	at com.patientmanagement.controller.PatientFileController.deleteFile(PatientFileController.java:191)
	at java.base/jdk.internal.reflect.DirectMethodHandleAccessor.invoke(DirectMethodHandleAccessor.java:104)
	at java.base/java.lang.reflect.Method.invoke(Method.java:565)
	at org.springframework.web.method.support.InvocableHandlerMethod.doInvoke(InvocableHandlerMethod.java:252)
	at org.springframework.web.method.support.InvocableHandlerMethod.invokeForRequest(InvocableHandlerMethod.java:184)
	at org.springframework.web.servlet.mvc.method.annotation.ServletInvocableHandlerMethod.invokeAndHandle(ServletInvocableHandlerMethod.java:117)
	at org.springframework.web.servlet.mvc.method.annotation.RequestMappingHandlerAdapter.invokeHandlerMethod(RequestMappingHandlerAdapter.java:934)
	at org.springframework.web.servlet.mvc.method.annotation.RequestMappingHandlerAdapter.handleInternal(RequestMappingHandlerAdapter.java:853)
	at org.springframework.web.servlet.mvc.method.AbstractHandlerMethodAdapter.handle(AbstractHandlerMethodAdapter.java:86)
	at org.springframework.web.servlet.DispatcherServlet.doDispatch(DispatcherServlet.java:963)
	at org.springframework.web.servlet.DispatcherServlet.doService(DispatcherServlet.java:866)
	at org.springframework.web.servlet.FrameworkServlet.processRequest(FrameworkServlet.java:1000)
	at org.springframework.web.servlet.FrameworkServlet.doDelete(FrameworkServlet.java:925)
	at jakarta.servlet.http.HttpServlet.service(HttpServlet.java:651)
	at org.springframework.web.servlet.FrameworkServlet.service(FrameworkServlet.java:874)
	at jakarta.servlet.http.HttpServlet.service(HttpServlet.java:710)
	at org.apache.catalina.core.ApplicationFilterChain.doFilter(ApplicationFilterChain.java:132)
	at org.apache.tomcat.websocket.server.WsFilter.doFilter(WsFilter.java:59)
	at org.apache.catalina.core.ApplicationFilterChain.doFilter(ApplicationFilterChain.java:111)
	at org.springframework.web.filter.OncePerRequestFilter.doFilter(OncePerRequestFilter.java:110)
	at org.apache.catalina.core.ApplicationFilterChain.doFilter(ApplicationFilterChain.java:111)
	at org.springframework.web.filter.CompositeFilter$VirtualFilterChain.doFilter(CompositeFilter.java:108)
	at org.springframework.security.web.FilterChainProxy.lambda$doFilterInternal$2(FilterChainProxy.java:235)
	at org.springframework.security.web.FilterChainProxy$VirtualFilterChain.doFilter(FilterChainProxy.java:376)
	at org.springframework.security.web.access.intercept.AuthorizationFilter.doFilter(AuthorizationFilter.java:101)
	at org.springframework.security.web.FilterChainProxy$VirtualFilterChain.doFilter(FilterChainProxy.java:385)
	at org.springframework.security.web.access.ExceptionTranslationFilter.doFilter(ExceptionTranslationFilter.java:126)
	at org.springframework.security.web.access.ExceptionTranslationFilter.doFilter(ExceptionTranslationFilter.java:120)
	at org.springframework.security.web.FilterChainProxy$VirtualFilterChain.doFilter(FilterChainProxy.java:385)
	at org.springframework.security.web.session.SessionManagementFilter.doFilter(SessionManagementFilter.java:132)
	at org.springframework.security.web.session.SessionManagementFilter.doFilter(SessionManagementFilter.java:86)
	at org.springframework.security.web.FilterChainProxy$VirtualFilterChain.doFilter(FilterChainProxy.java:385)
	at org.springframework.security.web.authentication.AnonymousAuthenticationFilter.doFilter(AnonymousAuthenticationFilter.java:100)
	at org.springframework.security.web.FilterChainProxy$VirtualFilterChain.doFilter(FilterChainProxy.java:385)
	at org.springframework.security.web.servletapi.SecurityContextHolderAwareRequestFilter.doFilter(SecurityContextHolderAwareRequestFilter.java:181)
	at org.springframework.security.web.FilterChainProxy$VirtualFilterChain.doFilter(FilterChainProxy.java:385)
	at org.springframework.security.web.savedrequest.RequestCacheAwareFilter.doFilter(RequestCacheAwareFilter.java:63)
	at org.springframework.security.web.FilterChainProxy$VirtualFilterChain.doFilter(FilterChainProxy.java:385)
	at com.patientmanagement.security.JwtAuthenticationFilter.doFilterInternal(JwtAuthenticationFilter.java:178)
	at org.springframework.web.filter.OncePerRequestFilter.doFilter(OncePerRequestFilter.java:116)
	at org.springframework.security.web.FilterChainProxy$VirtualFilterChain.doFilter(FilterChainProxy.java:385)
	at org.springframework.security.web.authentication.logout.LogoutFilter.doFilter(LogoutFilter.java:110)
	at org.springframework.security.web.authentication.logout.LogoutFilter.doFilter(LogoutFilter.java:96)
	at org.springframework.security.web.FilterChainProxy$VirtualFilterChain.doFilter(FilterChainProxy.java:385)
	at org.springframework.web.filter.CorsFilter.doFilterInternal(CorsFilter.java:91)
	at org.springframework.web.filter.OncePerRequestFilter.doFilter(OncePerRequestFilter.java:116)
	at org.springframework.security.web.FilterChainProxy$VirtualFilterChain.doFilter(FilterChainProxy.java:385)
	at org.springframework.security.web.header.HeaderWriterFilter.doHeadersAfter(HeaderWriterFilter.java:90)
	at org.springframework.security.web.header.HeaderWriterFilter.doFilterInternal(HeaderWriterFilter.java:75)
	at org.springframework.web.filter.OncePerRequestFilter.doFilter(OncePerRequestFilter.java:116)
	at org.springframework.security.web.FilterChainProxy$VirtualFilterChain.doFilter(FilterChainProxy.java:385)
	at org.springframework.security.web.context.SecurityContextHolderFilter.doFilter(SecurityContextHolderFilter.java:82)
	at org.springframework.security.web.context.SecurityContextHolderFilter.doFilter(SecurityContextHolderFilter.java:69)
	at org.springframework.security.web.FilterChainProxy$VirtualFilterChain.doFilter(FilterChainProxy.java:385)
	at org.springframework.security.web.context.request.async.WebAsyncManagerIntegrationFilter.doFilterInternal(WebAsyncManagerIntegrationFilter.java:62)
	at org.springframework.web.filter.OncePerRequestFilter.doFilter(OncePerRequestFilter.java:116)
	at org.springframework.security.web.FilterChainProxy$VirtualFilterChain.doFilter(FilterChainProxy.java:385)
	at org.springframework.security.web.session.DisableEncodeUrlFilter.doFilterInternal(DisableEncodeUrlFilter.java:42)
	at org.springframework.web.filter.OncePerRequestFilter.doFilter(OncePerRequestFilter.java:116)
	at org.springframework.security.web.FilterChainProxy$VirtualFilterChain.doFilter(FilterChainProxy.java:385)
	at org.springframework.security.web.FilterChainProxy.doFilterInternal(FilterChainProxy.java:237)
	at org.springframework.security.web.FilterChainProxy.doFilter(FilterChainProxy.java:195)
	at org.springframework.web.filter.CompositeFilter$VirtualFilterChain.doFilter(CompositeFilter.java:113)
	at org.springframework.web.filter.ServletRequestPathFilter.doFilter(ServletRequestPathFilter.java:52)
	at org.springframework.web.filter.CompositeFilter$VirtualFilterChain.doFilter(CompositeFilter.java:113)
	at org.springframework.web.filter.CompositeFilter.doFilter(CompositeFilter.java:74)
	at org.springframework.security.config.annotation.web.configuration.WebSecurityConfiguration$CompositeFilterChainProxy.doFilter(WebSecurityConfiguration.java:317)
	at org.springframework.web.filter.DelegatingFilterProxy.invokeDelegate(DelegatingFilterProxy.java:355)
	at org.springframework.web.filter.DelegatingFilterProxy.doFilter(DelegatingFilterProxy.java:272)
	at org.apache.catalina.core.ApplicationFilterChain.doFilter(ApplicationFilterChain.java:111)
	at org.springframework.web.filter.RequestContextFilter.doFilterInternal(RequestContextFilter.java:100)
	at org.springframework.web.filter.OncePerRequestFilter.doFilter(OncePerRequestFilter.java:116)
	at org.apache.catalina.core.ApplicationFilterChain.doFilter(ApplicationFilterChain.java:111)
	at org.springframework.web.filter.FormContentFilter.doFilterInternal(FormContentFilter.java:93)
	at org.springframework.web.filter.OncePerRequestFilter.doFilter(OncePerRequestFilter.java:116)
	at org.apache.catalina.core.ApplicationFilterChain.doFilter(ApplicationFilterChain.java:111)
	at org.springframework.web.filter.CharacterEncodingFilter.doFilterInternal(CharacterEncodingFilter.java:199)
	at org.springframework.web.filter.OncePerRequestFilter.doFilter(OncePerRequestFilter.java:116)
	at org.apache.catalina.core.ApplicationFilterChain.doFilter(ApplicationFilterChain.java:111)
	at org.apache.catalina.core.StandardWrapperValve.invoke(StandardWrapperValve.java:165)
	at org.apache.catalina.core.StandardContextValve.invoke(StandardContextValve.java:77)
	at org.apache.catalina.authenticator.AuthenticatorBase.invoke(AuthenticatorBase.java:535)
	at org.apache.catalina.core.StandardHostValve.invoke(StandardHostValve.java:115)
	at org.apache.catalina.valves.ErrorReportValve.invoke(ErrorReportValve.java:86)
	at org.apache.catalina.core.StandardEngineValve.invoke(StandardEngineValve.java:71)
	at org.apache.catalina.connector.CoyoteAdapter.service(CoyoteAdapter.java:347)
	at org.apache.coyote.http11.Http11Processor.service(Http11Processor.java:406)
	at org.apache.coyote.AbstractProcessorLight.process(AbstractProcessorLight.java:71)
	at org.apache.coyote.AbstractProtocol$ConnectionHandler.process(AbstractProtocol.java:1307)
	at org.apache.tomcat.util.net.NioEndpoint$SocketProcessor.doRun(NioEndpoint.java:2036)
	at org.apache.tomcat.util.net.SocketProcessorBase.run(SocketProcessorBase.java:74)
	at org.apache.tomcat.util.threads.ThreadPoolExecutor.runWorker(ThreadPoolExecutor.java:949)
	at org.apache.tomcat.util.threads.ThreadPoolExecutor$Worker.run(ThreadPoolExecutor.java:483)
	at org.apache.tomcat.util.threads.TaskThread$WrappingRunnable.run(TaskThread.java:74)
	at java.base/java.lang.Thread.run(Thread.java:1474)
2026-09-17 15:56:48 [http-nio-8080-exec-2] WARN  org.springframework.web.servlet.mvc.method.annotation.ExceptionHandlerExceptionResolver - Resolved [java.lang.RuntimeException: File not found with ID: 2]
2026-09-17 16:02:16 [http-nio-8080-exec-9] INFO  com.patientmanagement.controller.DoctorController - GET /api/doctors - Fetching all active doctors
2026-09-17 16:02:16 [http-nio-8080-exec-9] INFO  com.patientmanagement.service.DoctorService - Fetching all active doctors
2026-09-17 16:02:16 [http-nio-8080-exec-9] INFO  com.patientmanagement.service.DoctorService - Found 4 active doctors
2026-09-17 16:05:52 [http-nio-8080-exec-2] INFO  com.patientmanagement.controller.DoctorController - GET /api/doctors - Fetching all active doctors
2026-09-17 16:05:52 [http-nio-8080-exec-2] INFO  com.patientmanagement.service.DoctorService - Fetching all active doctors
2026-09-17 16:05:52 [http-nio-8080-exec-2] INFO  com.patientmanagement.service.DoctorService - Found 4 active doctors
2026-09-17 16:05:57 [http-nio-8080-exec-5] INFO  com.patientmanagement.controller.DoctorController - GET /api/doctors - Fetching all active doctors
2026-09-17 16:05:57 [http-nio-8080-exec-5] INFO  com.patientmanagement.service.DoctorService - Fetching all active doctors
2026-09-17 16:05:57 [http-nio-8080-exec-5] INFO  com.patientmanagement.service.DoctorService - Found 4 active doctors
2026-09-17 16:06:01 [http-nio-8080-exec-7] INFO  com.patientmanagement.controller.AppointmentController - GET /api/appointments - Fetching all appointments
2026-09-17 16:06:01 [http-nio-8080-exec-7] INFO  com.patientmanagement.service.AppointmentService - Fetching all appointments
2026-09-17 16:06:01 [http-nio-8080-exec-7] INFO  com.patientmanagement.service.AppointmentService - Found 6 appointments
2026-09-17 16:06:18 [http-nio-8080-exec-9] INFO  com.patientmanagement.controller.DoctorController - GET /api/doctors - Fetching all active doctors
2026-09-17 16:06:18 [http-nio-8080-exec-9] INFO  com.patientmanagement.service.DoctorService - Fetching all active doctors
2026-09-17 16:06:18 [http-nio-8080-exec-9] INFO  com.patientmanagement.service.DoctorService - Found 4 active doctors
2026-09-17 16:07:10 [http-nio-8080-exec-1] INFO  com.patientmanagement.controller.AppointmentController - GET /api/appointments - Fetching all appointments
2026-09-17 16:07:10 [http-nio-8080-exec-1] INFO  com.patientmanagement.service.AppointmentService - Fetching all appointments
2026-09-17 16:07:10 [http-nio-8080-exec-1] INFO  com.patientmanagement.service.AppointmentService - Found 6 appointments
2026-09-17 16:10:49 [http-nio-8080-exec-6] INFO  com.patientmanagement.controller.DoctorController - GET /api/doctors - Fetching all active doctors
2026-09-17 16:10:49 [http-nio-8080-exec-6] INFO  com.patientmanagement.service.DoctorService - Fetching all active doctors
2026-09-17 16:10:49 [http-nio-8080-exec-6] INFO  com.patientmanagement.service.DoctorService - Found 4 active doctors
2026-09-17 16:11:07 [http-nio-8080-exec-4] INFO  com.patientmanagement.controller.AppointmentController - GET /api/appointments - Fetching all appointments
2026-09-17 16:11:07 [http-nio-8080-exec-4] INFO  com.patientmanagement.service.AppointmentService - Fetching all appointments
2026-09-17 16:11:07 [http-nio-8080-exec-4] INFO  com.patientmanagement.service.AppointmentService - Found 6 appointments
2026-09-17 16:11:28 [http-nio-8080-exec-10] INFO  com.patientmanagement.controller.DoctorController - GET /api/doctors - Fetching all active doctors
2026-09-17 16:11:28 [http-nio-8080-exec-10] INFO  com.patientmanagement.service.DoctorService - Fetching all active doctors
2026-09-17 16:11:28 [http-nio-8080-exec-10] INFO  com.patientmanagement.service.DoctorService - Found 4 active doctors
2026-09-17 16:11:46 [http-nio-8080-exec-2] INFO  com.patientmanagement.service.AuthService - Login attempt received for email: rohit@gmail.com
2026-09-17 16:11:46 [http-nio-8080-exec-2] INFO  com.patientmanagement.security.JwtService - Generating JWT token for user: rohit@gmail.com with role: DOCTOR
2026-09-17 16:11:46 [http-nio-8080-exec-2] INFO  com.patientmanagement.service.AuthService - User logged in successfully with email: rohit@gmail.com and role: DOCTOR
2026-09-17 16:15:20 [http-nio-8080-exec-7] INFO  com.patientmanagement.service.AuthService - Login attempt received for email: admin@gmail.com
2026-09-17 16:15:20 [http-nio-8080-exec-7] INFO  com.patientmanagement.security.JwtService - Generating JWT token for user: admin@gmail.com with role: ADMIN
2026-09-17 16:15:20 [http-nio-8080-exec-7] INFO  com.patientmanagement.service.AuthService - User logged in successfully with email: admin@gmail.com and role: ADMIN
2026-09-17 16:15:24 [http-nio-8080-exec-3] INFO  com.patientmanagement.controller.DoctorController - GET /api/doctors - Fetching all active doctors
2026-09-17 16:15:24 [http-nio-8080-exec-3] INFO  com.patientmanagement.service.DoctorService - Fetching all active doctors
2026-09-17 16:15:24 [http-nio-8080-exec-3] INFO  com.patientmanagement.service.DoctorService - Found 4 active doctors
2026-09-17 16:15:25 [http-nio-8080-exec-1] INFO  com.patientmanagement.controller.DoctorController - GET /api/doctors - Fetching all active doctors
2026-09-17 16:15:25 [http-nio-8080-exec-9] INFO  com.patientmanagement.controller.PatientController - GET /api/patients - Fetching active patients
2026-09-17 16:15:25 [http-nio-8080-exec-1] INFO  com.patientmanagement.service.DoctorService - Fetching all active doctors
2026-09-17 16:15:25 [http-nio-8080-exec-9] INFO  com.patientmanagement.service.PatientService - Fetching all active patients
2026-09-17 16:15:25 [http-nio-8080-exec-2] INFO  com.patientmanagement.controller.AppointmentController - GET /api/appointments - Fetching all appointments
2026-09-17 16:15:25 [http-nio-8080-exec-2] INFO  com.patientmanagement.service.AppointmentService - Fetching all appointments
2026-09-17 16:15:25 [http-nio-8080-exec-1] INFO  com.patientmanagement.service.DoctorService - Found 4 active doctors
2026-09-17 16:15:25 [http-nio-8080-exec-9] INFO  com.patientmanagement.service.PatientService - Found 7 active patients
2026-09-17 16:15:25 [http-nio-8080-exec-2] INFO  com.patientmanagement.service.AppointmentService - Found 6 appointments
2026-09-17 16:15:46 [http-nio-8080-exec-6] INFO  com.patientmanagement.controller.DoctorController - GET /api/doctors - Fetching all active doctors
2026-09-17 16:15:46 [http-nio-8080-exec-6] INFO  com.patientmanagement.service.DoctorService - Fetching all active doctors
2026-09-17 16:15:46 [http-nio-8080-exec-6] INFO  com.patientmanagement.service.DoctorService - Found 4 active doctors
2026-09-17 16:17:56 [http-nio-8080-exec-10] INFO  com.patientmanagement.controller.DoctorController - GET /api/doctors - Fetching all active doctors
2026-09-17 16:17:56 [http-nio-8080-exec-10] INFO  com.patientmanagement.service.DoctorService - Fetching all active doctors
2026-09-17 16:17:56 [http-nio-8080-exec-10] INFO  com.patientmanagement.service.DoctorService - Found 4 active doctors
2026-09-17 16:17:57 [http-nio-8080-exec-9] INFO  com.patientmanagement.controller.PatientController - GET /api/patients - Fetching active patients
2026-09-17 16:17:57 [http-nio-8080-exec-9] INFO  com.patientmanagement.service.PatientService - Fetching all active patients
2026-09-17 16:17:57 [http-nio-8080-exec-9] INFO  com.patientmanagement.service.PatientService - Found 7 active patients
2026-09-17 16:17:58 [http-nio-8080-exec-6] INFO  com.patientmanagement.controller.PatientController - GET /api/patients - Fetching active patients
2026-09-17 16:17:58 [http-nio-8080-exec-6] INFO  com.patientmanagement.service.PatientService - Fetching all active patients
2026-09-17 16:17:58 [http-nio-8080-exec-3] INFO  com.patientmanagement.controller.AppointmentController - GET /api/appointments - Fetching all appointments
2026-09-17 16:17:58 [http-nio-8080-exec-3] INFO  com.patientmanagement.service.AppointmentService - Fetching all appointments
2026-09-17 16:17:58 [http-nio-8080-exec-6] INFO  com.patientmanagement.service.PatientService - Found 7 active patients
2026-09-17 16:17:58 [http-nio-8080-exec-4] INFO  com.patientmanagement.controller.DoctorController - GET /api/doctors - Fetching all active doctors
2026-09-17 16:17:58 [http-nio-8080-exec-4] INFO  com.patientmanagement.service.DoctorService - Fetching all active doctors
2026-09-17 16:17:58 [http-nio-8080-exec-4] INFO  com.patientmanagement.service.DoctorService - Found 4 active doctors
2026-09-17 16:17:58 [http-nio-8080-exec-3] INFO  com.patientmanagement.service.AppointmentService - Found 6 appointments
2026-09-17 16:18:08 [http-nio-8080-exec-10] INFO  com.patientmanagement.service.AuthService - Login attempt received for email: rohit@gmail.com
2026-09-17 16:18:08 [http-nio-8080-exec-10] INFO  com.patientmanagement.security.JwtService - Generating JWT token for user: rohit@gmail.com with role: DOCTOR
2026-09-17 16:18:08 [http-nio-8080-exec-10] INFO  com.patientmanagement.service.AuthService - User logged in successfully with email: rohit@gmail.com and role: DOCTOR
2026-09-17 16:18:28 [SpringApplicationShutdownHook] INFO  org.springframework.boot.tomcat.GracefulShutdown - Commencing graceful shutdown. Waiting for active requests to complete
2026-09-17 16:18:28 [tomcat-shutdown] INFO  org.springframework.boot.tomcat.GracefulShutdown - Graceful shutdown complete
2026-09-17 16:18:28 [SpringApplicationShutdownHook] INFO  org.springframework.orm.jpa.LocalContainerEntityManagerFactoryBean - Closing JPA EntityManagerFactory for persistence unit 'default'
2026-09-17 16:18:28 [SpringApplicationShutdownHook] INFO  com.zaxxer.hikari.HikariDataSource - HikariPool-1 - Shutdown initiated...
2026-09-17 16:18:28 [SpringApplicationShutdownHook] INFO  com.zaxxer.hikari.HikariDataSource - HikariPool-1 - Shutdown completed.
2026-09-17 16:18:47 [restartedMain] INFO  com.patientmanagement.BackendApplication - Starting BackendApplication using Java 25.0.3 with PID 22424 (C:\Users\Vishal\Desktop\Full Project\PatientDoctorManagement\backend\target\classes started by Vishal in C:\Users\Vishal\Desktop\Full Project\PatientDoctorManagement\backend)
2026-09-17 16:18:47 [restartedMain] INFO  com.patientmanagement.BackendApplication - No active profile set, falling back to 1 default profile: "default"
2026-09-17 16:18:47 [restartedMain] INFO  org.springframework.boot.devtools.env.DevToolsPropertyDefaultsPostProcessor - Devtools property defaults active! Set 'spring.devtools.add-properties' to 'false' to disable
2026-09-17 16:18:47 [restartedMain] INFO  org.springframework.boot.devtools.env.DevToolsPropertyDefaultsPostProcessor - For additional web related logging consider setting the 'logging.level.web' property to 'DEBUG'
2026-09-17 16:18:47 [background-preinit] INFO  org.hibernate.validator.internal.util.Version - HV000001: Hibernate Validator 9.1.3.Final
2026-09-17 16:18:48 [restartedMain] INFO  org.springframework.data.repository.config.RepositoryConfigurationDelegate - Bootstrapping Spring Data JPA repositories in DEFAULT mode.
2026-09-17 16:18:48 [restartedMain] INFO  org.springframework.data.repository.config.RepositoryConfigurationDelegate - Finished Spring Data repository scanning in 67 ms. Found 5 JPA repository interfaces.
2026-09-17 16:18:49 [restartedMain] INFO  org.springframework.boot.tomcat.TomcatWebServer - Tomcat initialized with port 8080 (http)
2026-09-17 16:18:49 [restartedMain] INFO  org.apache.coyote.http11.Http11NioProtocol - Initializing ProtocolHandler ["http-nio-8080"]
2026-09-17 16:18:49 [restartedMain] INFO  org.apache.catalina.core.StandardService - Starting service [Tomcat]
2026-09-17 16:18:49 [restartedMain] INFO  org.apache.catalina.core.StandardEngine - Starting Servlet engine: [Apache Tomcat/11.0.24]
2026-09-17 16:18:49 [restartedMain] INFO  org.springframework.boot.web.context.servlet.WebApplicationContextInitializer - Root WebApplicationContext: initialization completed in 1988 ms
2026-09-17 16:18:49 [restartedMain] INFO  org.hibernate.orm.jpa - HHH008540: Processing PersistenceUnitInfo [name: default]
2026-09-17 16:18:49 [restartedMain] INFO  org.hibernate.orm.core - HHH000001: Hibernate ORM core version 7.4.5.Final
2026-09-17 16:18:49 [restartedMain] INFO  org.springframework.orm.jpa.persistenceunit.SpringPersistenceUnitInfo - No LoadTimeWeaver setup: ignoring JPA class transformer
2026-09-17 16:18:49 [restartedMain] INFO  com.zaxxer.hikari.HikariDataSource - HikariPool-1 - Starting...
2026-09-17 16:18:50 [restartedMain] INFO  com.zaxxer.hikari.pool.HikariPool - HikariPool-1 - Added connection ConnectionID:1 ClientConnectionId: c1989219-46a4-4842-a87a-602625ec0000
2026-09-17 16:18:50 [restartedMain] INFO  com.zaxxer.hikari.HikariDataSource - HikariPool-1 - Start completed.
2026-09-17 16:18:50 [restartedMain] WARN  org.hibernate.orm.deprecation - HHH90000025: SQLServerDialect does not need to be specified explicitly using 'hibernate.dialect' (remove the property setting and it will be selected by default)
2026-09-17 16:18:50 [restartedMain] INFO  org.hibernate.orm.connections.pooling - HHH10001005: Database info:
	Database JDBC URL [jdbc:sqlserver://localhost:1433;concatNullYieldsNull=ON;quotedIdentifier=ON;connectRetryInterval=10;connectRetryCount=1;maxResultBuffer=-1;sendTemporalDataTypesAsStringForBulkCopy=true;delayLoadingLobs=true;useFmtOnly=false;vectorTypeSupport=v1;cacheBulkCopyMetadata=false;bulkCopyForBatchInsertAllowEncryptedValueModifications=false;bulkCopyForBatchInsertTableLock=false;bulkCopyForBatchInsertKeepNulls=false;bulkCopyForBatchInsertKeepIdentity=false;bulkCopyForBatchInsertFireTriggers=false;bulkCopyForBatchInsertCheckConstraints=false;bulkCopyForBatchInsertBatchSize=0;useBulkCopyForBatchInsert=false;cancelQueryTimeout=-1;sslProtocol=TLS;calcBigDecimalPrecision=false;useDefaultJaasConfig=false;jaasConfigurationName=SQLJDBCDriver;statementPoolingCacheSize=0;serverPreparedStatementDiscardThreshold=10;enablePrepareOnFirstPreparedStatementCall=false;fips=false;socketTimeout=0;authentication=NotSpecified;authenticationScheme=nativeAuthentication;xopenStates=false;datetimeParameterType=datetime2;sendTimeAsDatetime=false;replication=false;trustStoreType=JKS;trustServerCertificate=true;TransparentNetworkIPResolution=true;iPAddressPreference=IPv4First;serverNameAsACE=false;sendStringParametersAsUnicode=true;selectMethod=direct;responseBuffering=adaptive;queryTimeout=-1;packetSize=8000;multiSubnetFailover=false;loginTimeout=30;lockTimeout=-1;lastUpdateCount=true;useDefaultGSSCredential=false;prepareMethod=prepexec;encrypt=true;disableStatementPooling=true;databaseName=PatientManagementDB;columnEncryptionSetting=Disabled;applicationName=Microsoft JDBC Driver for SQL Server;applicationIntent=readwrite;]
	Database driver: Microsoft JDBC Driver 13.4 for SQL Server
	Database dialect: SQLServerDialect
	Database version: 17.0
	Default catalog/schema: PatientManagementDB/dbo
	Autocommit mode: undefined/unknown
	Isolation level: READ_COMMITTED [default READ_COMMITTED]
	JDBC fetch size: 128
	Pool: DataSourceConnectionProvider
	Minimum pool size: undefined/unknown
	Maximum pool size: undefined/unknown
2026-09-17 16:18:51 [restartedMain] INFO  org.hibernate.orm.core - HHH000489: No JTA platform available (set 'hibernate.transaction.jta.platform' to enable JTA platform integration)
2026-09-17 16:18:52 [restartedMain] INFO  org.springframework.orm.jpa.LocalContainerEntityManagerFactoryBean - Initialized JPA EntityManagerFactory for persistence unit 'default'
2026-09-17 16:18:52 [restartedMain] INFO  org.springframework.data.jpa.repository.query.QueryEnhancerFactories - Hibernate is in classpath; If applicable, HQL parser will be used.
2026-09-17 16:18:52 [restartedMain] INFO  org.springframework.security.config.annotation.authentication.configuration.InitializeAuthenticationProviderBeanManagerConfigurer$InitializeAuthenticationProviderManagerConfigurer - Global AuthenticationManager configured with AuthenticationProvider bean with name authenticationProvider
2026-09-17 16:18:52 [restartedMain] WARN  org.springframework.security.config.annotation.authentication.configuration.InitializeUserDetailsBeanManagerConfigurer$InitializeUserDetailsManagerConfigurer - Global AuthenticationManager configured with an AuthenticationProvider bean. UserDetailsService beans will not be used by Spring Security for automatically configuring username/password login. Consider removing the AuthenticationProvider bean. Alternatively, consider using the UserDetailsService in a manually instantiated DaoAuthenticationProvider. If the current configuration is intentional, to turn off this warning, increase the logging level of 'org.springframework.security.config.annotation.authentication.configuration.InitializeUserDetailsBeanManagerConfigurer' to ERROR
2026-09-17 16:18:52 [restartedMain] WARN  org.springframework.boot.jpa.autoconfigure.JpaBaseConfiguration$JpaWebConfiguration - spring.jpa.open-in-view is enabled by default. Therefore, database queries may be performed during view rendering. Explicitly configure spring.jpa.open-in-view to disable this warning
2026-09-17 16:18:53 [restartedMain] INFO  org.apache.coyote.http11.Http11NioProtocol - Starting ProtocolHandler ["http-nio-8080"]
2026-09-17 16:18:53 [restartedMain] INFO  org.springframework.boot.tomcat.TomcatWebServer - Tomcat started on port 8080 (http) with context path '/'
2026-09-17 16:18:53 [restartedMain] INFO  com.patientmanagement.BackendApplication - Started BackendApplication in 6.545 seconds (process running for 7.467)
2026-09-17 16:18:53 [restartedMain] WARN  org.springdoc.core.events.SpringDocAppInitializer - SpringDoc /v3/api-docs endpoint is enabled by default. To disable it in production, set the property 'springdoc.api-docs.enabled=false'
2026-09-17 16:18:53 [restartedMain] WARN  org.springdoc.core.events.SpringDocAppInitializer - SpringDoc /swagger-ui.html endpoint is enabled by default. To disable it in production, set the property 'springdoc.swagger-ui.enabled=false'
2026-09-17 16:19:51 [http-nio-8080-exec-1] INFO  org.apache.catalina.core.ContainerBase.[Tomcat].[localhost].[/] - Initializing Spring DispatcherServlet 'dispatcherServlet'
2026-09-17 16:19:51 [http-nio-8080-exec-1] INFO  org.springframework.web.servlet.DispatcherServlet - Initializing Servlet 'dispatcherServlet'
2026-09-17 16:19:51 [http-nio-8080-exec-1] INFO  org.springframework.web.servlet.DispatcherServlet - Completed initialization in 2 ms
2026-09-17 16:19:51 [http-nio-8080-exec-4] INFO  com.patientmanagement.service.AuthService - Login attempt received for email: avdhut@gmail.com
2026-09-17 16:19:51 [http-nio-8080-exec-4] INFO  com.patientmanagement.security.JwtService - Generating JWT token for user: avdhut@gmail.com with role: PATIENT
2026-09-17 16:19:51 [http-nio-8080-exec-4] INFO  com.patientmanagement.service.AuthService - Patient ID 16 found for user ID 6
2026-09-17 16:19:51 [http-nio-8080-exec-4] INFO  com.patientmanagement.service.AuthService - User logged in successfully with email: avdhut@gmail.com and role: PATIENT
2026-09-17 16:19:55 [http-nio-8080-exec-2] INFO  com.patientmanagement.controller.DoctorController - GET /api/doctors - Fetching all active doctors
2026-09-17 16:19:55 [http-nio-8080-exec-2] INFO  com.patientmanagement.service.DoctorService - Fetching all active doctors
2026-09-17 16:19:55 [http-nio-8080-exec-2] INFO  com.patientmanagement.service.DoctorService - Found 4 active doctors
2026-09-17 16:19:58 [http-nio-8080-exec-7] INFO  com.patientmanagement.controller.DoctorController - GET /api/doctors - Fetching all active doctors
2026-09-17 16:19:58 [http-nio-8080-exec-7] INFO  com.patientmanagement.service.DoctorService - Fetching all active doctors
2026-09-17 16:19:58 [http-nio-8080-exec-7] INFO  com.patientmanagement.service.DoctorService - Found 4 active doctors
2026-09-17 16:20:30 [http-nio-8080-exec-3] INFO  com.patientmanagement.controller.AppointmentController - POST /api/appointments - Creating appointment
2026-09-17 16:20:30 [http-nio-8080-exec-3] INFO  com.patientmanagement.service.AppointmentService - Creating appointment for patient id: 16 and doctor id: 21
2026-09-17 16:20:30 [http-nio-8080-exec-3] INFO  com.patientmanagement.service.AppointmentService - Appointment created successfully with id: 10
2026-09-17 16:20:30 [http-nio-8080-exec-8] INFO  com.patientmanagement.controller.AppointmentController - GET /api/appointments - Fetching all appointments
2026-09-17 16:20:30 [http-nio-8080-exec-8] INFO  com.patientmanagement.service.AppointmentService - Fetching all appointments
2026-09-17 16:20:30 [http-nio-8080-exec-8] INFO  com.patientmanagement.service.AppointmentService - Found 7 appointments
2026-09-17 16:20:40 [http-nio-8080-exec-10] INFO  com.patientmanagement.controller.AppointmentController - GET /api/appointments - Fetching all appointments
2026-09-17 16:20:40 [http-nio-8080-exec-10] INFO  com.patientmanagement.service.AppointmentService - Fetching all appointments
2026-09-17 16:20:40 [http-nio-8080-exec-10] INFO  com.patientmanagement.service.AppointmentService - Found 7 appointments
2026-09-17 16:21:21 [http-nio-8080-exec-4] INFO  com.patientmanagement.service.AuthService - Login attempt received for email: admin@gmail.com
2026-09-17 16:21:21 [http-nio-8080-exec-4] INFO  com.patientmanagement.security.JwtService - Generating JWT token for user: admin@gmail.com with role: ADMIN
2026-09-17 16:21:21 [http-nio-8080-exec-4] INFO  com.patientmanagement.service.AuthService - User logged in successfully with email: admin@gmail.com and role: ADMIN
2026-09-17 16:21:23 [http-nio-8080-exec-7] INFO  com.patientmanagement.controller.PatientController - GET /api/patients - Fetching active patients
2026-09-17 16:21:23 [http-nio-8080-exec-7] INFO  com.patientmanagement.service.PatientService - Fetching all active patients
2026-09-17 16:21:23 [http-nio-8080-exec-8] INFO  com.patientmanagement.controller.AppointmentController - GET /api/appointments - Fetching all appointments
2026-09-17 16:21:23 [http-nio-8080-exec-8] INFO  com.patientmanagement.service.AppointmentService - Fetching all appointments
2026-09-17 16:21:23 [http-nio-8080-exec-3] INFO  com.patientmanagement.controller.DoctorController - GET /api/doctors - Fetching all active doctors
2026-09-17 16:21:23 [http-nio-8080-exec-3] INFO  com.patientmanagement.service.DoctorService - Fetching all active doctors
2026-09-17 16:21:23 [http-nio-8080-exec-7] INFO  com.patientmanagement.service.PatientService - Found 7 active patients
2026-09-17 16:21:23 [http-nio-8080-exec-3] INFO  com.patientmanagement.service.DoctorService - Found 4 active doctors
2026-09-17 16:21:23 [http-nio-8080-exec-8] INFO  com.patientmanagement.service.AppointmentService - Found 7 appointments
2026-09-17 16:21:25 [http-nio-8080-exec-1] INFO  com.patientmanagement.controller.PatientController - GET /api/patients - Fetching active patients
2026-09-17 16:21:25 [http-nio-8080-exec-1] INFO  com.patientmanagement.service.PatientService - Fetching all active patients
2026-09-17 16:21:25 [http-nio-8080-exec-1] INFO  com.patientmanagement.service.PatientService - Found 7 active patients
2026-09-17 16:21:26 [http-nio-8080-exec-4] INFO  com.patientmanagement.controller.DoctorController - GET /api/doctors - Fetching all active doctors
2026-09-17 16:21:26 [http-nio-8080-exec-4] INFO  com.patientmanagement.service.DoctorService - Fetching all active doctors
2026-09-17 16:21:26 [http-nio-8080-exec-4] INFO  com.patientmanagement.service.DoctorService - Found 4 active doctors
2026-09-17 16:21:47 [http-nio-8080-exec-9] INFO  com.patientmanagement.controller.PatientController - GET /api/patients - Fetching active patients
2026-09-17 16:21:47 [http-nio-8080-exec-9] INFO  com.patientmanagement.service.PatientService - Fetching all active patients
2026-09-17 16:21:47 [http-nio-8080-exec-9] INFO  com.patientmanagement.service.PatientService - Found 7 active patients
2026-09-17 16:22:40 [http-nio-8080-exec-1] INFO  com.patientmanagement.controller.DoctorController - GET /api/doctors - Fetching all active doctors
2026-09-17 16:22:40 [http-nio-8080-exec-1] INFO  com.patientmanagement.service.DoctorService - Fetching all active doctors
2026-09-17 16:22:40 [http-nio-8080-exec-1] INFO  com.patientmanagement.service.DoctorService - Found 4 active doctors
2026-09-17 16:27:57 [http-nio-8080-exec-2] INFO  com.patientmanagement.controller.DoctorController - POST /api/doctors - Creating doctor
2026-09-17 16:27:57 [http-nio-8080-exec-2] INFO  com.patientmanagement.service.DoctorService - Creating doctor with name: Dr Rohit Sharma
2026-09-17 16:27:58 [http-nio-8080-exec-2] INFO  com.patientmanagement.service.DoctorService - Doctor created successfully with id: 30
2026-09-17 16:28:11 [http-nio-8080-exec-10] INFO  com.patientmanagement.controller.AppointmentController - GET /api/appointments - Fetching all appointments
2026-09-17 16:28:11 [http-nio-8080-exec-6] INFO  com.patientmanagement.controller.DoctorController - GET /api/doctors - Fetching all active doctors
2026-09-17 16:28:11 [http-nio-8080-exec-6] INFO  com.patientmanagement.service.DoctorService - Fetching all active doctors
2026-09-17 16:28:11 [http-nio-8080-exec-10] INFO  com.patientmanagement.service.AppointmentService - Fetching all appointments
2026-09-17 16:28:11 [http-nio-8080-exec-6] INFO  com.patientmanagement.service.DoctorService - Found 5 active doctors
2026-09-17 16:28:11 [http-nio-8080-exec-3] INFO  com.patientmanagement.controller.PatientController - GET /api/patients - Fetching active patients
2026-09-17 16:28:11 [http-nio-8080-exec-3] INFO  com.patientmanagement.service.PatientService - Fetching all active patients
2026-09-17 16:28:11 [http-nio-8080-exec-3] INFO  com.patientmanagement.service.PatientService - Found 7 active patients
2026-09-17 16:28:11 [http-nio-8080-exec-10] INFO  com.patientmanagement.service.AppointmentService - Found 7 appointments
2026-09-17 16:28:25 [http-nio-8080-exec-4] INFO  com.patientmanagement.service.AuthService - Login attempt received for email: avdhut@gmail.com
2026-09-17 16:28:25 [http-nio-8080-exec-4] INFO  com.patientmanagement.security.JwtService - Generating JWT token for user: avdhut@gmail.com with role: PATIENT
2026-09-17 16:28:25 [http-nio-8080-exec-4] INFO  com.patientmanagement.service.AuthService - Patient ID 16 found for user ID 6
2026-09-17 16:28:25 [http-nio-8080-exec-4] INFO  com.patientmanagement.service.AuthService - User logged in successfully with email: avdhut@gmail.com and role: PATIENT
2026-09-17 16:28:30 [http-nio-8080-exec-2] INFO  com.patientmanagement.controller.DoctorController - GET /api/doctors - Fetching all active doctors
2026-09-17 16:28:30 [http-nio-8080-exec-2] INFO  com.patientmanagement.service.DoctorService - Fetching all active doctors
2026-09-17 16:28:30 [http-nio-8080-exec-2] INFO  com.patientmanagement.service.DoctorService - Found 5 active doctors
2026-09-17 16:28:59 [http-nio-8080-exec-7] INFO  com.patientmanagement.controller.AppointmentController - POST /api/appointments - Creating appointment
2026-09-17 16:28:59 [http-nio-8080-exec-7] INFO  com.patientmanagement.service.AppointmentService - Creating appointment for patient id: 16 and doctor id: 30
2026-09-17 16:28:59 [http-nio-8080-exec-7] INFO  com.patientmanagement.service.AppointmentService - Appointment created successfully with id: 11
2026-09-17 16:28:59 [http-nio-8080-exec-8] INFO  com.patientmanagement.controller.AppointmentController - GET /api/appointments - Fetching all appointments
2026-09-17 16:28:59 [http-nio-8080-exec-8] INFO  com.patientmanagement.service.AppointmentService - Fetching all appointments
2026-09-17 16:28:59 [http-nio-8080-exec-8] INFO  com.patientmanagement.service.AppointmentService - Found 8 appointments
2026-09-17 16:29:31 [http-nio-8080-exec-5] INFO  com.patientmanagement.controller.AppointmentController - GET /api/appointments - Fetching all appointments
2026-09-17 16:29:31 [http-nio-8080-exec-5] INFO  com.patientmanagement.service.AppointmentService - Fetching all appointments
2026-09-17 16:29:31 [http-nio-8080-exec-5] INFO  com.patientmanagement.service.AppointmentService - Found 8 appointments
2026-09-17 16:29:58 [http-nio-8080-exec-9] INFO  com.patientmanagement.service.AuthService - Login attempt received for email: admin@gmail.com
2026-09-17 16:29:58 [http-nio-8080-exec-9] INFO  com.patientmanagement.security.JwtService - Generating JWT token for user: admin@gmail.com with role: ADMIN
2026-09-17 16:29:58 [http-nio-8080-exec-9] INFO  com.patientmanagement.service.AuthService - User logged in successfully with email: admin@gmail.com and role: ADMIN
2026-09-17 16:30:00 [http-nio-8080-exec-6] INFO  com.patientmanagement.controller.PatientController - GET /api/patients - Fetching active patients
2026-09-17 16:30:00 [http-nio-8080-exec-10] INFO  com.patientmanagement.controller.DoctorController - GET /api/doctors - Fetching all active doctors
2026-09-17 16:30:00 [http-nio-8080-exec-10] INFO  com.patientmanagement.service.DoctorService - Fetching all active doctors
2026-09-17 16:30:00 [http-nio-8080-exec-6] INFO  com.patientmanagement.service.PatientService - Fetching all active patients
2026-09-17 16:30:00 [http-nio-8080-exec-1] INFO  com.patientmanagement.controller.AppointmentController - GET /api/appointments - Fetching all appointments
2026-09-17 16:30:00 [http-nio-8080-exec-1] INFO  com.patientmanagement.service.AppointmentService - Fetching all appointments
2026-09-17 16:30:00 [http-nio-8080-exec-6] INFO  com.patientmanagement.service.PatientService - Found 7 active patients
2026-09-17 16:30:00 [http-nio-8080-exec-10] INFO  com.patientmanagement.service.DoctorService - Found 5 active doctors
2026-09-17 16:30:00 [http-nio-8080-exec-1] INFO  com.patientmanagement.service.AppointmentService - Found 8 appointments
2026-09-17 16:31:36 [http-nio-8080-exec-7] INFO  com.patientmanagement.controller.DoctorController - GET /api/doctors - Fetching all active doctors
2026-09-17 16:31:36 [http-nio-8080-exec-7] INFO  com.patientmanagement.service.DoctorService - Fetching all active doctors
2026-09-17 16:31:36 [http-nio-8080-exec-7] INFO  com.patientmanagement.service.DoctorService - Found 5 active doctors
2026-09-17 16:31:40 [http-nio-8080-exec-3] INFO  com.patientmanagement.controller.PatientController - GET /api/patients - Fetching active patients
2026-09-17 16:31:40 [http-nio-8080-exec-3] INFO  com.patientmanagement.service.PatientService - Fetching all active patients
2026-09-17 16:31:40 [http-nio-8080-exec-3] INFO  com.patientmanagement.service.PatientService - Found 7 active patients
2026-09-17 16:31:46 [http-nio-8080-exec-5] INFO  com.patientmanagement.controller.PatientController - GET /api/patients - Fetching active patients
2026-09-17 16:31:46 [http-nio-8080-exec-5] INFO  com.patientmanagement.service.PatientService - Fetching all active patients
2026-09-17 16:31:46 [http-nio-8080-exec-7] INFO  com.patientmanagement.controller.AppointmentController - GET /api/appointments - Fetching all appointments
2026-09-17 16:31:46 [http-nio-8080-exec-9] INFO  com.patientmanagement.controller.DoctorController - GET /api/doctors - Fetching all active doctors
2026-09-17 16:31:46 [http-nio-8080-exec-5] INFO  com.patientmanagement.service.PatientService - Found 7 active patients
2026-09-17 16:31:46 [http-nio-8080-exec-9] INFO  com.patientmanagement.service.DoctorService - Fetching all active doctors
2026-09-17 16:31:46 [http-nio-8080-exec-7] INFO  com.patientmanagement.service.AppointmentService - Fetching all appointments
2026-09-17 16:31:46 [http-nio-8080-exec-9] INFO  com.patientmanagement.service.DoctorService - Found 5 active doctors
2026-09-17 16:31:46 [http-nio-8080-exec-7] INFO  com.patientmanagement.service.AppointmentService - Found 8 appointments
2026-09-17 16:32:13 [http-nio-8080-exec-3] INFO  com.patientmanagement.service.AuthService - Login attempt received for email: rohit@gmail.com
2026-09-17 16:32:13 [http-nio-8080-exec-3] INFO  com.patientmanagement.security.JwtService - Generating JWT token for user: rohit@gmail.com with role: DOCTOR
2026-09-17 16:32:13 [http-nio-8080-exec-3] INFO  com.patientmanagement.service.AuthService - User logged in successfully with email: rohit@gmail.com and role: DOCTOR
2026-09-17 16:32:13 [http-nio-8080-exec-10] INFO  com.patientmanagement.controller.DoctorController - GET /api/doctors - Fetching all active doctors
2026-09-17 16:32:13 [http-nio-8080-exec-10] INFO  com.patientmanagement.service.DoctorService - Fetching all active doctors
2026-09-17 16:32:13 [http-nio-8080-exec-10] INFO  com.patientmanagement.service.DoctorService - Found 5 active doctors
2026-09-17 16:32:13 [http-nio-8080-exec-2] INFO  com.patientmanagement.controller.AppointmentController - GET /api/appointments - Fetching all appointments
2026-09-17 16:32:13 [http-nio-8080-exec-2] INFO  com.patientmanagement.service.AppointmentService - Fetching all appointments
2026-09-17 16:32:13 [http-nio-8080-exec-2] INFO  com.patientmanagement.service.AppointmentService - Found 8 appointments
2026-09-17 16:33:13 [http-nio-8080-exec-7] INFO  com.patientmanagement.controller.DoctorController - GET /api/doctors - Fetching all active doctors
2026-09-17 16:33:13 [http-nio-8080-exec-7] INFO  com.patientmanagement.service.DoctorService - Fetching all active doctors
2026-09-17 16:33:13 [http-nio-8080-exec-7] INFO  com.patientmanagement.service.DoctorService - Found 5 active doctors
2026-09-17 16:33:13 [http-nio-8080-exec-3] INFO  com.patientmanagement.controller.AppointmentController - GET /api/appointments - Fetching all appointments
2026-09-17 16:33:13 [http-nio-8080-exec-3] INFO  com.patientmanagement.service.AppointmentService - Fetching all appointments
2026-09-17 16:33:13 [http-nio-8080-exec-3] INFO  com.patientmanagement.service.AppointmentService - Found 8 appointments
2026-09-17 16:33:15 [http-nio-8080-exec-6] INFO  com.patientmanagement.controller.DoctorController - GET /api/doctors - Fetching all active doctors
2026-09-17 16:33:15 [http-nio-8080-exec-6] INFO  com.patientmanagement.service.DoctorService - Fetching all active doctors
2026-09-17 16:33:15 [http-nio-8080-exec-6] INFO  com.patientmanagement.service.DoctorService - Found 5 active doctors
2026-09-17 16:33:15 [http-nio-8080-exec-10] INFO  com.patientmanagement.controller.AppointmentController - GET /api/appointments - Fetching all appointments
2026-09-17 16:33:15 [http-nio-8080-exec-10] INFO  com.patientmanagement.service.AppointmentService - Fetching all appointments
2026-09-17 16:33:15 [http-nio-8080-exec-10] INFO  com.patientmanagement.service.AppointmentService - Found 8 appointments
2026-09-17 16:33:25 [http-nio-8080-exec-2] INFO  com.patientmanagement.service.AuthService - Login attempt received for email: rohit@gmail.com
2026-09-17 16:33:25 [http-nio-8080-exec-2] INFO  com.patientmanagement.security.JwtService - Generating JWT token for user: rohit@gmail.com with role: DOCTOR
2026-09-17 16:33:25 [http-nio-8080-exec-2] INFO  com.patientmanagement.service.AuthService - User logged in successfully with email: rohit@gmail.com and role: DOCTOR
2026-09-17 16:33:25 [http-nio-8080-exec-5] INFO  com.patientmanagement.controller.DoctorController - GET /api/doctors - Fetching all active doctors
2026-09-17 16:33:25 [http-nio-8080-exec-5] INFO  com.patientmanagement.service.DoctorService - Fetching all active doctors
2026-09-17 16:33:25 [http-nio-8080-exec-5] INFO  com.patientmanagement.service.DoctorService - Found 5 active doctors
2026-09-17 16:33:25 [http-nio-8080-exec-7] INFO  com.patientmanagement.controller.AppointmentController - GET /api/appointments - Fetching all appointments
2026-09-17 16:33:25 [http-nio-8080-exec-7] INFO  com.patientmanagement.service.AppointmentService - Fetching all appointments
2026-09-17 16:33:25 [http-nio-8080-exec-7] INFO  com.patientmanagement.service.AppointmentService - Found 8 appointments
2026-09-17 16:33:46 [http-nio-8080-exec-3] INFO  com.patientmanagement.controller.DoctorController - GET /api/doctors - Fetching all active doctors
2026-09-17 16:33:46 [http-nio-8080-exec-3] INFO  com.patientmanagement.service.DoctorService - Fetching all active doctors
2026-09-17 16:33:46 [http-nio-8080-exec-3] INFO  com.patientmanagement.service.DoctorService - Found 5 active doctors
2026-09-17 16:33:46 [http-nio-8080-exec-10] INFO  com.patientmanagement.controller.AppointmentController - GET /api/appointments - Fetching all appointments
2026-09-17 16:33:46 [http-nio-8080-exec-10] INFO  com.patientmanagement.service.AppointmentService - Fetching all appointments
2026-09-17 16:33:46 [http-nio-8080-exec-10] INFO  com.patientmanagement.service.AppointmentService - Found 8 appointments
2026-09-17 16:33:46 [http-nio-8080-exec-1] INFO  com.patientmanagement.controller.DoctorController - GET /api/doctors - Fetching all active doctors
2026-09-17 16:33:46 [http-nio-8080-exec-1] INFO  com.patientmanagement.service.DoctorService - Fetching all active doctors
2026-09-17 16:33:46 [http-nio-8080-exec-1] INFO  com.patientmanagement.service.DoctorService - Found 5 active doctors
2026-09-17 16:33:46 [http-nio-8080-exec-2] INFO  com.patientmanagement.controller.AppointmentController - GET /api/appointments - Fetching all appointments
2026-09-17 16:33:46 [http-nio-8080-exec-2] INFO  com.patientmanagement.service.AppointmentService - Fetching all appointments
2026-09-17 16:33:46 [http-nio-8080-exec-2] INFO  com.patientmanagement.service.AppointmentService - Found 8 appointments
2026-09-17 16:37:35 [http-nio-8080-exec-9] INFO  com.patientmanagement.controller.DoctorController - GET /api/doctors - Fetching all active doctors
2026-09-17 16:37:35 [http-nio-8080-exec-9] INFO  com.patientmanagement.service.DoctorService - Fetching all active doctors
2026-09-17 16:37:35 [http-nio-8080-exec-9] INFO  com.patientmanagement.service.DoctorService - Found 5 active doctors
2026-09-17 16:37:35 [http-nio-8080-exec-6] INFO  com.patientmanagement.controller.AppointmentController - GET /api/appointments - Fetching all appointments
2026-09-17 16:37:35 [http-nio-8080-exec-6] INFO  com.patientmanagement.service.AppointmentService - Fetching all appointments
2026-09-17 16:37:35 [http-nio-8080-exec-6] INFO  com.patientmanagement.service.AppointmentService - Found 8 appointments
2026-09-17 16:38:57 [http-nio-8080-exec-6] INFO  com.patientmanagement.service.AuthService - Login attempt received for email: avdhut@gmail.com
2026-09-17 16:38:57 [http-nio-8080-exec-6] INFO  com.patientmanagement.security.JwtService - Generating JWT token for user: avdhut@gmail.com with role: PATIENT
2026-09-17 16:38:57 [http-nio-8080-exec-6] INFO  com.patientmanagement.service.AuthService - Patient ID 16 found for user ID 6
2026-09-17 16:38:57 [http-nio-8080-exec-6] INFO  com.patientmanagement.service.AuthService - User logged in successfully with email: avdhut@gmail.com and role: PATIENT
2026-09-17 16:39:13 [http-nio-8080-exec-1] INFO  com.patientmanagement.service.AuthService - Login attempt received for email: rohit@gmail.com
2026-09-17 16:39:13 [http-nio-8080-exec-1] INFO  com.patientmanagement.security.JwtService - Generating JWT token for user: rohit@gmail.com with role: DOCTOR
2026-09-17 16:39:13 [http-nio-8080-exec-1] INFO  com.patientmanagement.service.AuthService - User logged in successfully with email: rohit@gmail.com and role: DOCTOR
2026-09-17 16:39:13 [http-nio-8080-exec-7] INFO  com.patientmanagement.controller.AppointmentController - GET /api/appointments - Fetching all appointments
2026-09-17 16:39:13 [http-nio-8080-exec-7] INFO  com.patientmanagement.service.AppointmentService - Fetching all appointments
2026-09-17 16:39:13 [http-nio-8080-exec-3] INFO  com.patientmanagement.controller.DoctorController - GET /api/doctors - Fetching all active doctors
2026-09-17 16:39:13 [http-nio-8080-exec-3] INFO  com.patientmanagement.service.DoctorService - Fetching all active doctors
2026-09-17 16:39:13 [http-nio-8080-exec-3] INFO  com.patientmanagement.service.DoctorService - Found 5 active doctors
2026-09-17 16:39:13 [http-nio-8080-exec-7] INFO  com.patientmanagement.service.AppointmentService - Found 8 appointments
2026-09-17 16:39:13 [http-nio-8080-exec-6] INFO  com.patientmanagement.controller.AppointmentController - GET /api/appointments - Fetching all appointments
2026-09-17 16:39:13 [http-nio-8080-exec-6] INFO  com.patientmanagement.service.AppointmentService - Fetching all appointments
2026-09-17 16:39:13 [http-nio-8080-exec-6] INFO  com.patientmanagement.service.AppointmentService - Found 8 appointments
2026-09-17 16:39:26 [http-nio-8080-exec-1] INFO  com.patientmanagement.service.AuthService - Login attempt received for email: admin@gmail.com
2026-09-17 16:39:26 [http-nio-8080-exec-1] INFO  com.patientmanagement.security.JwtService - Generating JWT token for user: admin@gmail.com with role: ADMIN
2026-09-17 16:39:26 [http-nio-8080-exec-1] INFO  com.patientmanagement.service.AuthService - User logged in successfully with email: admin@gmail.com and role: ADMIN
2026-09-17 16:39:28 [http-nio-8080-exec-9] INFO  com.patientmanagement.controller.PatientController - GET /api/patients - Fetching active patients
2026-09-17 16:39:28 [http-nio-8080-exec-9] INFO  com.patientmanagement.service.PatientService - Fetching all active patients
2026-09-17 16:39:28 [http-nio-8080-exec-3] INFO  com.patientmanagement.controller.DoctorController - GET /api/doctors - Fetching all active doctors
2026-09-17 16:39:28 [http-nio-8080-exec-3] INFO  com.patientmanagement.service.DoctorService - Fetching all active doctors
2026-09-17 16:39:28 [http-nio-8080-exec-7] INFO  com.patientmanagement.controller.AppointmentController - GET /api/appointments - Fetching all appointments
2026-09-17 16:39:28 [http-nio-8080-exec-7] INFO  com.patientmanagement.service.AppointmentService - Fetching all appointments
2026-09-17 16:39:28 [http-nio-8080-exec-9] INFO  com.patientmanagement.service.PatientService - Found 7 active patients
2026-09-17 16:39:28 [http-nio-8080-exec-3] INFO  com.patientmanagement.service.DoctorService - Found 5 active doctors
2026-09-17 16:39:28 [http-nio-8080-exec-7] INFO  com.patientmanagement.service.AppointmentService - Found 8 appointments
2026-09-17 16:39:34 [http-nio-8080-exec-6] INFO  com.patientmanagement.controller.PatientController - GET /api/patients - Fetching active patients
2026-09-17 16:39:34 [http-nio-8080-exec-6] INFO  com.patientmanagement.service.PatientService - Fetching all active patients
2026-09-17 16:39:34 [http-nio-8080-exec-6] INFO  com.patientmanagement.service.PatientService - Found 7 active patients
2026-09-17 16:39:42 [http-nio-8080-exec-1] INFO  com.patientmanagement.controller.DoctorController - GET /api/doctors - Fetching all active doctors
2026-09-17 16:39:42 [http-nio-8080-exec-1] INFO  com.patientmanagement.service.DoctorService - Fetching all active doctors
2026-09-17 16:39:42 [http-nio-8080-exec-1] INFO  com.patientmanagement.service.DoctorService - Found 5 active doctors
2026-09-17 16:39:51 [http-nio-8080-exec-4] INFO  com.patientmanagement.controller.PatientController - GET /api/patients - Fetching active patients
2026-09-17 16:39:51 [http-nio-8080-exec-4] INFO  com.patientmanagement.service.PatientService - Fetching all active patients
2026-09-17 16:39:51 [http-nio-8080-exec-4] INFO  com.patientmanagement.service.PatientService - Found 7 active patients
2026-09-17 16:39:55 [http-nio-8080-exec-5] INFO  com.patientmanagement.controller.PatientController - GET /api/patients - Fetching active patients
2026-09-17 16:39:55 [http-nio-8080-exec-5] INFO  com.patientmanagement.service.PatientService - Fetching all active patients
2026-09-17 16:39:55 [http-nio-8080-exec-5] INFO  com.patientmanagement.service.PatientService - Found 7 active patients
2026-09-17 16:39:55 [http-nio-8080-exec-7] INFO  com.patientmanagement.controller.DoctorController - GET /api/doctors - Fetching all active doctors
2026-09-17 16:39:55 [http-nio-8080-exec-7] INFO  com.patientmanagement.service.DoctorService - Fetching all active doctors
2026-09-17 16:39:55 [http-nio-8080-exec-8] INFO  com.patientmanagement.controller.AppointmentController - GET /api/appointments - Fetching all appointments
2026-09-17 16:39:55 [http-nio-8080-exec-8] INFO  com.patientmanagement.service.AppointmentService - Fetching all appointments
2026-09-17 16:39:55 [http-nio-8080-exec-7] INFO  com.patientmanagement.service.DoctorService - Found 5 active doctors
2026-09-17 16:39:55 [http-nio-8080-exec-8] INFO  com.patientmanagement.service.AppointmentService - Found 8 appointments
2026-09-17 16:40:15 [http-nio-8080-exec-10] INFO  com.patientmanagement.service.AuthService - Login attempt received for email: rohit@gmail.com
2026-09-17 16:40:15 [http-nio-8080-exec-10] INFO  com.patientmanagement.security.JwtService - Generating JWT token for user: rohit@gmail.com with role: DOCTOR
2026-09-17 16:40:15 [http-nio-8080-exec-10] INFO  com.patientmanagement.service.AuthService - User logged in successfully with email: rohit@gmail.com and role: DOCTOR
2026-09-17 16:40:15 [http-nio-8080-exec-9] INFO  com.patientmanagement.controller.AppointmentController - GET /api/appointments - Fetching all appointments
2026-09-17 16:40:15 [http-nio-8080-exec-9] INFO  com.patientmanagement.service.AppointmentService - Fetching all appointments
2026-09-17 16:40:15 [http-nio-8080-exec-5] INFO  com.patientmanagement.controller.DoctorController - GET /api/doctors - Fetching all active doctors
2026-09-17 16:40:15 [http-nio-8080-exec-5] INFO  com.patientmanagement.service.DoctorService - Fetching all active doctors
2026-09-17 16:40:15 [http-nio-8080-exec-5] INFO  com.patientmanagement.service.DoctorService - Found 5 active doctors
2026-09-17 16:40:15 [http-nio-8080-exec-9] INFO  com.patientmanagement.service.AppointmentService - Found 8 appointments
2026-09-17 16:40:15 [http-nio-8080-exec-8] INFO  com.patientmanagement.controller.AppointmentController - GET /api/appointments - Fetching all appointments
2026-09-17 16:40:15 [http-nio-8080-exec-8] INFO  com.patientmanagement.service.AppointmentService - Fetching all appointments
2026-09-17 16:40:15 [http-nio-8080-exec-8] INFO  com.patientmanagement.service.AppointmentService - Found 8 appointments
2026-09-17 16:40:21 [http-nio-8080-exec-5] INFO  com.patientmanagement.controller.DoctorController - GET /api/doctors - Fetching all active doctors
2026-09-17 16:40:21 [http-nio-8080-exec-4] INFO  com.patientmanagement.controller.AppointmentController - GET /api/appointments - Fetching all appointments
2026-09-17 16:40:21 [http-nio-8080-exec-5] INFO  com.patientmanagement.service.DoctorService - Fetching all active doctors
2026-09-17 16:40:21 [http-nio-8080-exec-4] INFO  com.patientmanagement.service.AppointmentService - Fetching all appointments
2026-09-17 16:40:21 [http-nio-8080-exec-5] INFO  com.patientmanagement.service.DoctorService - Found 5 active doctors
2026-09-17 16:40:21 [http-nio-8080-exec-4] INFO  com.patientmanagement.service.AppointmentService - Found 8 appointments
2026-09-17 16:40:21 [http-nio-8080-exec-9] INFO  com.patientmanagement.controller.AppointmentController - GET /api/appointments - Fetching all appointments
2026-09-17 16:40:21 [http-nio-8080-exec-9] INFO  com.patientmanagement.service.AppointmentService - Fetching all appointments
2026-09-17 16:40:21 [http-nio-8080-exec-9] INFO  com.patientmanagement.service.AppointmentService - Found 8 appointments
2026-09-17 16:43:35 [http-nio-8080-exec-8] INFO  com.patientmanagement.controller.AppointmentController - GET /api/appointments - Fetching all appointments
2026-09-17 16:43:35 [http-nio-8080-exec-6] INFO  com.patientmanagement.controller.DoctorController - GET /api/doctors - Fetching all active doctors
2026-09-17 16:43:35 [http-nio-8080-exec-8] INFO  com.patientmanagement.service.AppointmentService - Fetching all appointments
2026-09-17 16:43:35 [http-nio-8080-exec-6] INFO  com.patientmanagement.service.DoctorService - Fetching all active doctors
2026-09-17 16:43:35 [http-nio-8080-exec-6] INFO  com.patientmanagement.service.DoctorService - Found 5 active doctors
2026-09-17 16:43:35 [http-nio-8080-exec-8] INFO  com.patientmanagement.service.AppointmentService - Found 8 appointments
2026-09-17 16:43:35 [http-nio-8080-exec-3] INFO  com.patientmanagement.controller.AppointmentController - GET /api/appointments - Fetching all appointments
2026-09-17 16:43:35 [http-nio-8080-exec-3] INFO  com.patientmanagement.service.AppointmentService - Fetching all appointments
2026-09-17 16:43:35 [http-nio-8080-exec-3] INFO  com.patientmanagement.service.AppointmentService - Found 8 appointments
2026-09-17 16:43:47 [http-nio-8080-exec-2] INFO  com.patientmanagement.controller.AppointmentController - GET /api/appointments - Fetching all appointments
2026-09-17 16:43:47 [http-nio-8080-exec-2] INFO  com.patientmanagement.service.AppointmentService - Fetching all appointments
2026-09-17 16:43:47 [http-nio-8080-exec-10] INFO  com.patientmanagement.controller.DoctorController - GET /api/doctors - Fetching all active doctors
2026-09-17 16:43:47 [http-nio-8080-exec-10] INFO  com.patientmanagement.service.DoctorService - Fetching all active doctors
2026-09-17 16:43:47 [http-nio-8080-exec-10] INFO  com.patientmanagement.service.DoctorService - Found 5 active doctors
2026-09-17 16:43:47 [http-nio-8080-exec-2] INFO  com.patientmanagement.service.AppointmentService - Found 8 appointments
2026-09-17 16:43:47 [http-nio-8080-exec-4] INFO  com.patientmanagement.controller.AppointmentController - GET /api/appointments - Fetching all appointments
2026-09-17 16:43:47 [http-nio-8080-exec-4] INFO  com.patientmanagement.service.AppointmentService - Fetching all appointments
2026-09-17 16:43:47 [http-nio-8080-exec-4] INFO  com.patientmanagement.service.AppointmentService - Found 8 appointments
2026-09-17 16:44:38 [http-nio-8080-exec-7] INFO  com.patientmanagement.controller.DoctorController - GET /api/doctors - Fetching all active doctors
2026-09-17 16:44:38 [http-nio-8080-exec-6] INFO  com.patientmanagement.controller.AppointmentController - GET /api/appointments - Fetching all appointments
2026-09-17 16:44:38 [http-nio-8080-exec-7] INFO  com.patientmanagement.service.DoctorService - Fetching all active doctors
2026-09-17 16:44:38 [http-nio-8080-exec-6] INFO  com.patientmanagement.service.AppointmentService - Fetching all appointments
2026-09-17 16:44:38 [http-nio-8080-exec-7] INFO  com.patientmanagement.service.DoctorService - Found 5 active doctors
2026-09-17 16:44:38 [http-nio-8080-exec-6] INFO  com.patientmanagement.service.AppointmentService - Found 8 appointments
2026-09-17 16:44:38 [http-nio-8080-exec-2] INFO  com.patientmanagement.controller.AppointmentController - GET /api/appointments - Fetching all appointments
2026-09-17 16:44:38 [http-nio-8080-exec-2] INFO  com.patientmanagement.service.AppointmentService - Fetching all appointments
2026-09-17 16:44:38 [http-nio-8080-exec-2] INFO  com.patientmanagement.service.AppointmentService - Found 8 appointments
2026-09-17 16:45:33 [http-nio-8080-exec-9] INFO  com.patientmanagement.controller.PatientController - GET /api/patients - Fetching active patients
2026-09-17 16:45:33 [http-nio-8080-exec-9] INFO  com.patientmanagement.service.PatientService - Fetching all active patients
2026-09-17 16:45:33 [http-nio-8080-exec-7] INFO  com.patientmanagement.controller.AppointmentController - GET /api/appointments - Fetching all appointments
2026-09-17 16:45:33 [http-nio-8080-exec-7] INFO  com.patientmanagement.service.AppointmentService - Fetching all appointments
2026-09-17 16:45:33 [http-nio-8080-exec-6] INFO  com.patientmanagement.controller.DoctorController - GET /api/doctors - Fetching all active doctors
2026-09-17 16:45:33 [http-nio-8080-exec-6] INFO  com.patientmanagement.service.DoctorService - Fetching all active doctors
2026-09-17 16:45:33 [http-nio-8080-exec-9] INFO  com.patientmanagement.service.PatientService - Found 7 active patients
2026-09-17 16:45:33 [http-nio-8080-exec-6] INFO  com.patientmanagement.service.DoctorService - Found 5 active doctors
2026-09-17 16:45:33 [http-nio-8080-exec-7] INFO  com.patientmanagement.service.AppointmentService - Found 8 appointments
2026-09-17 16:45:33 [http-nio-8080-exec-2] INFO  com.patientmanagement.controller.PatientController - GET /api/patients - Fetching active patients
2026-09-17 16:45:33 [http-nio-8080-exec-2] INFO  com.patientmanagement.service.PatientService - Fetching all active patients
2026-09-17 16:45:33 [http-nio-8080-exec-3] INFO  com.patientmanagement.controller.AppointmentController - GET /api/appointments - Fetching all appointments
2026-09-17 16:45:33 [http-nio-8080-exec-3] INFO  com.patientmanagement.service.AppointmentService - Fetching all appointments
2026-09-17 16:45:33 [http-nio-8080-exec-2] INFO  com.patientmanagement.service.PatientService - Found 7 active patients
2026-09-17 16:45:33 [http-nio-8080-exec-3] INFO  com.patientmanagement.service.AppointmentService - Found 8 appointments
2026-09-17 16:45:33 [http-nio-8080-exec-5] INFO  com.patientmanagement.controller.AppointmentController - GET /api/appointments - Fetching all appointments
2026-09-17 16:45:33 [http-nio-8080-exec-5] INFO  com.patientmanagement.service.AppointmentService - Fetching all appointments
2026-09-17 16:45:33 [http-nio-8080-exec-5] INFO  com.patientmanagement.service.AppointmentService - Found 8 appointments
2026-09-17 16:45:33 [http-nio-8080-exec-8] INFO  com.patientmanagement.controller.AppointmentController - GET /api/appointments - Fetching all appointments
2026-09-17 16:45:33 [http-nio-8080-exec-8] INFO  com.patientmanagement.service.AppointmentService - Fetching all appointments
2026-09-17 16:45:33 [http-nio-8080-exec-8] INFO  com.patientmanagement.service.AppointmentService - Found 8 appointments
2026-09-17 16:53:50 [http-nio-8080-exec-2] INFO  com.patientmanagement.service.AuthService - Login attempt received for email: admin@gmail.com
2026-09-17 16:53:50 [http-nio-8080-exec-2] INFO  com.patientmanagement.security.JwtService - Generating JWT token for user: admin@gmail.com with role: ADMIN
2026-09-17 16:53:50 [http-nio-8080-exec-2] INFO  com.patientmanagement.service.AuthService - User logged in successfully with email: admin@gmail.com and role: ADMIN
2026-09-17 16:53:54 [http-nio-8080-exec-3] INFO  com.patientmanagement.controller.DoctorController - GET /api/doctors - Fetching all active doctors
2026-09-17 16:53:54 [http-nio-8080-exec-3] INFO  com.patientmanagement.service.DoctorService - Fetching all active doctors
2026-09-17 16:53:54 [http-nio-8080-exec-3] INFO  com.patientmanagement.service.DoctorService - Found 5 active doctors
2026-09-17 16:53:55 [http-nio-8080-exec-8] INFO  com.patientmanagement.controller.PatientController - GET /api/patients - Fetching active patients
2026-09-17 16:53:55 [http-nio-8080-exec-8] INFO  com.patientmanagement.service.PatientService - Fetching all active patients
2026-09-17 16:53:55 [http-nio-8080-exec-8] INFO  com.patientmanagement.service.PatientService - Found 7 active patients
2026-09-17 16:54:07 [http-nio-8080-exec-7] INFO  com.patientmanagement.controller.PatientController - GET /api/patients - Fetching active patients
2026-09-17 16:54:07 [http-nio-8080-exec-7] INFO  com.patientmanagement.service.PatientService - Fetching all active patients
2026-09-17 16:54:07 [http-nio-8080-exec-7] INFO  com.patientmanagement.service.PatientService - Found 7 active patients
2026-09-17 16:54:07 [http-nio-8080-exec-2] INFO  com.patientmanagement.controller.DoctorController - GET /api/doctors - Fetching all active doctors
2026-09-17 16:54:07 [http-nio-8080-exec-2] INFO  com.patientmanagement.service.DoctorService - Fetching all active doctors
2026-09-17 16:54:07 [http-nio-8080-exec-2] INFO  com.patientmanagement.service.DoctorService - Found 5 active doctors
2026-09-17 16:54:07 [http-nio-8080-exec-3] INFO  com.patientmanagement.controller.AppointmentController - GET /api/appointments - Fetching all appointments
2026-09-17 16:54:07 [http-nio-8080-exec-3] INFO  com.patientmanagement.service.AppointmentService - Fetching all appointments
2026-09-17 16:54:07 [http-nio-8080-exec-3] INFO  com.patientmanagement.service.AppointmentService - Found 8 appointments
2026-09-17 16:54:18 [http-nio-8080-exec-8] INFO  com.patientmanagement.controller.DoctorController - GET /api/doctors - Fetching all active doctors
2026-09-17 16:54:18 [http-nio-8080-exec-8] INFO  com.patientmanagement.service.DoctorService - Fetching all active doctors
2026-09-17 16:54:18 [http-nio-8080-exec-8] INFO  com.patientmanagement.service.DoctorService - Found 5 active doctors
2026-09-17 16:54:57 [http-nio-8080-exec-9] INFO  com.patientmanagement.service.AuthService - Login attempt received for email: tanmay@gmail.com
2026-09-17 16:54:57 [http-nio-8080-exec-9] INFO  com.patientmanagement.security.JwtService - Generating JWT token for user: tanmay@gmail.com with role: PATIENT
2026-09-17 16:54:57 [http-nio-8080-exec-9] WARN  com.patientmanagement.service.AuthService - Patient record not found for user ID: 4
2026-09-17 16:54:57 [http-nio-8080-exec-9] ERROR com.patientmanagement.exception.GlobalExceptionHandler - Unexpected error on /api/auth/login
java.lang.RuntimeException: Patient record not found for this user
	at com.patientmanagement.service.AuthService.lambda$login$1(AuthService.java:143)
	at java.base/java.util.Optional.orElseThrow(Optional.java:403)
	at com.patientmanagement.service.AuthService.login(AuthService.java:136)
	at com.patientmanagement.controller.AuthController.login(AuthController.java:42)
	at java.base/jdk.internal.reflect.DirectMethodHandleAccessor.invoke(DirectMethodHandleAccessor.java:104)
	at java.base/java.lang.reflect.Method.invoke(Method.java:565)
	at org.springframework.web.method.support.InvocableHandlerMethod.doInvoke(InvocableHandlerMethod.java:252)
	at org.springframework.web.method.support.InvocableHandlerMethod.invokeForRequest(InvocableHandlerMethod.java:184)
	at org.springframework.web.servlet.mvc.method.annotation.ServletInvocableHandlerMethod.invokeAndHandle(ServletInvocableHandlerMethod.java:117)
	at org.springframework.web.servlet.mvc.method.annotation.RequestMappingHandlerAdapter.invokeHandlerMethod(RequestMappingHandlerAdapter.java:934)
	at org.springframework.web.servlet.mvc.method.annotation.RequestMappingHandlerAdapter.handleInternal(RequestMappingHandlerAdapter.java:853)
	at org.springframework.web.servlet.mvc.method.AbstractHandlerMethodAdapter.handle(AbstractHandlerMethodAdapter.java:86)
	at org.springframework.web.servlet.DispatcherServlet.doDispatch(DispatcherServlet.java:963)
	at org.springframework.web.servlet.DispatcherServlet.doService(DispatcherServlet.java:866)
	at org.springframework.web.servlet.FrameworkServlet.processRequest(FrameworkServlet.java:1000)
	at org.springframework.web.servlet.FrameworkServlet.doPost(FrameworkServlet.java:903)
	at jakarta.servlet.http.HttpServlet.service(HttpServlet.java:649)
	at org.springframework.web.servlet.FrameworkServlet.service(FrameworkServlet.java:874)
	at jakarta.servlet.http.HttpServlet.service(HttpServlet.java:710)
	at org.apache.catalina.core.ApplicationFilterChain.doFilter(ApplicationFilterChain.java:132)
	at org.apache.tomcat.websocket.server.WsFilter.doFilter(WsFilter.java:59)
	at org.apache.catalina.core.ApplicationFilterChain.doFilter(ApplicationFilterChain.java:111)
	at org.springframework.web.filter.OncePerRequestFilter.doFilter(OncePerRequestFilter.java:110)
	at org.apache.catalina.core.ApplicationFilterChain.doFilter(ApplicationFilterChain.java:111)
	at org.springframework.web.filter.CompositeFilter$VirtualFilterChain.doFilter(CompositeFilter.java:108)
	at org.springframework.security.web.FilterChainProxy.lambda$doFilterInternal$2(FilterChainProxy.java:235)
	at org.springframework.security.web.FilterChainProxy$VirtualFilterChain.doFilter(FilterChainProxy.java:376)
	at org.springframework.security.web.access.intercept.AuthorizationFilter.doFilter(AuthorizationFilter.java:101)
	at org.springframework.security.web.FilterChainProxy$VirtualFilterChain.doFilter(FilterChainProxy.java:385)
	at org.springframework.security.web.access.ExceptionTranslationFilter.doFilter(ExceptionTranslationFilter.java:126)
	at org.springframework.security.web.access.ExceptionTranslationFilter.doFilter(ExceptionTranslationFilter.java:120)
	at org.springframework.security.web.FilterChainProxy$VirtualFilterChain.doFilter(FilterChainProxy.java:385)
	at org.springframework.security.web.session.SessionManagementFilter.doFilter(SessionManagementFilter.java:132)
	at org.springframework.security.web.session.SessionManagementFilter.doFilter(SessionManagementFilter.java:86)
	at org.springframework.security.web.FilterChainProxy$VirtualFilterChain.doFilter(FilterChainProxy.java:385)
	at org.springframework.security.web.authentication.AnonymousAuthenticationFilter.doFilter(AnonymousAuthenticationFilter.java:100)
	at org.springframework.security.web.FilterChainProxy$VirtualFilterChain.doFilter(FilterChainProxy.java:385)
	at org.springframework.security.web.servletapi.SecurityContextHolderAwareRequestFilter.doFilter(SecurityContextHolderAwareRequestFilter.java:181)
	at org.springframework.security.web.FilterChainProxy$VirtualFilterChain.doFilter(FilterChainProxy.java:385)
	at org.springframework.security.web.savedrequest.RequestCacheAwareFilter.doFilter(RequestCacheAwareFilter.java:63)
	at org.springframework.security.web.FilterChainProxy$VirtualFilterChain.doFilter(FilterChainProxy.java:385)
	at com.patientmanagement.security.JwtAuthenticationFilter.doFilterInternal(JwtAuthenticationFilter.java:56)
	at org.springframework.web.filter.OncePerRequestFilter.doFilter(OncePerRequestFilter.java:116)
	at org.springframework.security.web.FilterChainProxy$VirtualFilterChain.doFilter(FilterChainProxy.java:385)
	at org.springframework.security.web.authentication.logout.LogoutFilter.doFilter(LogoutFilter.java:110)
	at org.springframework.security.web.authentication.logout.LogoutFilter.doFilter(LogoutFilter.java:96)
	at org.springframework.security.web.FilterChainProxy$VirtualFilterChain.doFilter(FilterChainProxy.java:385)
	at org.springframework.web.filter.CorsFilter.doFilterInternal(CorsFilter.java:91)
	at org.springframework.web.filter.OncePerRequestFilter.doFilter(OncePerRequestFilter.java:116)
	at org.springframework.security.web.FilterChainProxy$VirtualFilterChain.doFilter(FilterChainProxy.java:385)
	at org.springframework.security.web.header.HeaderWriterFilter.doHeadersAfter(HeaderWriterFilter.java:90)
	at org.springframework.security.web.header.HeaderWriterFilter.doFilterInternal(HeaderWriterFilter.java:75)
	at org.springframework.web.filter.OncePerRequestFilter.doFilter(OncePerRequestFilter.java:116)
	at org.springframework.security.web.FilterChainProxy$VirtualFilterChain.doFilter(FilterChainProxy.java:385)
	at org.springframework.security.web.context.SecurityContextHolderFilter.doFilter(SecurityContextHolderFilter.java:82)
	at org.springframework.security.web.context.SecurityContextHolderFilter.doFilter(SecurityContextHolderFilter.java:69)
	at org.springframework.security.web.FilterChainProxy$VirtualFilterChain.doFilter(FilterChainProxy.java:385)
	at org.springframework.security.web.context.request.async.WebAsyncManagerIntegrationFilter.doFilterInternal(WebAsyncManagerIntegrationFilter.java:62)
	at org.springframework.web.filter.OncePerRequestFilter.doFilter(OncePerRequestFilter.java:116)
	at org.springframework.security.web.FilterChainProxy$VirtualFilterChain.doFilter(FilterChainProxy.java:385)
	at org.springframework.security.web.session.DisableEncodeUrlFilter.doFilterInternal(DisableEncodeUrlFilter.java:42)
	at org.springframework.web.filter.OncePerRequestFilter.doFilter(OncePerRequestFilter.java:116)
	at org.springframework.security.web.FilterChainProxy$VirtualFilterChain.doFilter(FilterChainProxy.java:385)
	at org.springframework.security.web.FilterChainProxy.doFilterInternal(FilterChainProxy.java:237)
	at org.springframework.security.web.FilterChainProxy.doFilter(FilterChainProxy.java:195)
	at org.springframework.web.filter.CompositeFilter$VirtualFilterChain.doFilter(CompositeFilter.java:113)
	at org.springframework.web.filter.ServletRequestPathFilter.doFilter(ServletRequestPathFilter.java:52)
	at org.springframework.web.filter.CompositeFilter$VirtualFilterChain.doFilter(CompositeFilter.java:113)
	at org.springframework.web.filter.CompositeFilter.doFilter(CompositeFilter.java:74)
	at org.springframework.security.config.annotation.web.configuration.WebSecurityConfiguration$CompositeFilterChainProxy.doFilter(WebSecurityConfiguration.java:317)
	at org.springframework.web.filter.DelegatingFilterProxy.invokeDelegate(DelegatingFilterProxy.java:355)
	at org.springframework.web.filter.DelegatingFilterProxy.doFilter(DelegatingFilterProxy.java:272)
	at org.apache.catalina.core.ApplicationFilterChain.doFilter(ApplicationFilterChain.java:111)
	at org.springframework.web.filter.RequestContextFilter.doFilterInternal(RequestContextFilter.java:100)
	at org.springframework.web.filter.OncePerRequestFilter.doFilter(OncePerRequestFilter.java:116)
	at org.apache.catalina.core.ApplicationFilterChain.doFilter(ApplicationFilterChain.java:111)
	at org.springframework.web.filter.FormContentFilter.doFilterInternal(FormContentFilter.java:93)
	at org.springframework.web.filter.OncePerRequestFilter.doFilter(OncePerRequestFilter.java:116)
	at org.apache.catalina.core.ApplicationFilterChain.doFilter(ApplicationFilterChain.java:111)
	at org.springframework.web.filter.CharacterEncodingFilter.doFilterInternal(CharacterEncodingFilter.java:199)
	at org.springframework.web.filter.OncePerRequestFilter.doFilter(OncePerRequestFilter.java:116)
	at org.apache.catalina.core.ApplicationFilterChain.doFilter(ApplicationFilterChain.java:111)
	at org.apache.catalina.core.StandardWrapperValve.invoke(StandardWrapperValve.java:165)
	at org.apache.catalina.core.StandardContextValve.invoke(StandardContextValve.java:77)
	at org.apache.catalina.authenticator.AuthenticatorBase.invoke(AuthenticatorBase.java:535)
	at org.apache.catalina.core.StandardHostValve.invoke(StandardHostValve.java:115)
	at org.apache.catalina.valves.ErrorReportValve.invoke(ErrorReportValve.java:86)
	at org.apache.catalina.core.StandardEngineValve.invoke(StandardEngineValve.java:71)
	at org.apache.catalina.connector.CoyoteAdapter.service(CoyoteAdapter.java:347)
	at org.apache.coyote.http11.Http11Processor.service(Http11Processor.java:406)
	at org.apache.coyote.AbstractProcessorLight.process(AbstractProcessorLight.java:71)
	at org.apache.coyote.AbstractProtocol$ConnectionHandler.process(AbstractProtocol.java:1307)
	at org.apache.tomcat.util.net.NioEndpoint$SocketProcessor.doRun(NioEndpoint.java:2036)
	at org.apache.tomcat.util.net.SocketProcessorBase.run(SocketProcessorBase.java:74)
	at org.apache.tomcat.util.threads.ThreadPoolExecutor.runWorker(ThreadPoolExecutor.java:949)
	at org.apache.tomcat.util.threads.ThreadPoolExecutor$Worker.run(ThreadPoolExecutor.java:483)
	at org.apache.tomcat.util.threads.TaskThread$WrappingRunnable.run(TaskThread.java:74)
	at java.base/java.lang.Thread.run(Thread.java:1474)
2026-09-17 16:54:57 [http-nio-8080-exec-9] WARN  org.springframework.web.servlet.mvc.method.annotation.ExceptionHandlerExceptionResolver - Resolved [java.lang.RuntimeException: Patient record not found for this user]
2026-09-17 16:54:59 [http-nio-8080-exec-6] INFO  com.patientmanagement.service.AuthService - Login attempt received for email: tanmay@gmail.com
2026-09-17 16:54:59 [http-nio-8080-exec-6] INFO  com.patientmanagement.security.JwtService - Generating JWT token for user: tanmay@gmail.com with role: PATIENT
2026-09-17 16:54:59 [http-nio-8080-exec-6] WARN  com.patientmanagement.service.AuthService - Patient record not found for user ID: 4
2026-09-17 16:54:59 [http-nio-8080-exec-6] ERROR com.patientmanagement.exception.GlobalExceptionHandler - Unexpected error on /api/auth/login
java.lang.RuntimeException: Patient record not found for this user
	at com.patientmanagement.service.AuthService.lambda$login$1(AuthService.java:143)
	at java.base/java.util.Optional.orElseThrow(Optional.java:403)
	at com.patientmanagement.service.AuthService.login(AuthService.java:136)
	at com.patientmanagement.controller.AuthController.login(AuthController.java:42)
	at java.base/jdk.internal.reflect.DirectMethodHandleAccessor.invoke(DirectMethodHandleAccessor.java:104)
	at java.base/java.lang.reflect.Method.invoke(Method.java:565)
	at org.springframework.web.method.support.InvocableHandlerMethod.doInvoke(InvocableHandlerMethod.java:252)
	at org.springframework.web.method.support.InvocableHandlerMethod.invokeForRequest(InvocableHandlerMethod.java:184)
	at org.springframework.web.servlet.mvc.method.annotation.ServletInvocableHandlerMethod.invokeAndHandle(ServletInvocableHandlerMethod.java:117)
	at org.springframework.web.servlet.mvc.method.annotation.RequestMappingHandlerAdapter.invokeHandlerMethod(RequestMappingHandlerAdapter.java:934)
	at org.springframework.web.servlet.mvc.method.annotation.RequestMappingHandlerAdapter.handleInternal(RequestMappingHandlerAdapter.java:853)
	at org.springframework.web.servlet.mvc.method.AbstractHandlerMethodAdapter.handle(AbstractHandlerMethodAdapter.java:86)
	at org.springframework.web.servlet.DispatcherServlet.doDispatch(DispatcherServlet.java:963)
	at org.springframework.web.servlet.DispatcherServlet.doService(DispatcherServlet.java:866)
	at org.springframework.web.servlet.FrameworkServlet.processRequest(FrameworkServlet.java:1000)
	at org.springframework.web.servlet.FrameworkServlet.doPost(FrameworkServlet.java:903)
	at jakarta.servlet.http.HttpServlet.service(HttpServlet.java:649)
	at org.springframework.web.servlet.FrameworkServlet.service(FrameworkServlet.java:874)
	at jakarta.servlet.http.HttpServlet.service(HttpServlet.java:710)
	at org.apache.catalina.core.ApplicationFilterChain.doFilter(ApplicationFilterChain.java:132)
	at org.apache.tomcat.websocket.server.WsFilter.doFilter(WsFilter.java:59)
	at org.apache.catalina.core.ApplicationFilterChain.doFilter(ApplicationFilterChain.java:111)
	at org.springframework.web.filter.OncePerRequestFilter.doFilter(OncePerRequestFilter.java:110)
	at org.apache.catalina.core.ApplicationFilterChain.doFilter(ApplicationFilterChain.java:111)
	at org.springframework.web.filter.CompositeFilter$VirtualFilterChain.doFilter(CompositeFilter.java:108)
	at org.springframework.security.web.FilterChainProxy.lambda$doFilterInternal$2(FilterChainProxy.java:235)
	at org.springframework.security.web.FilterChainProxy$VirtualFilterChain.doFilter(FilterChainProxy.java:376)
	at org.springframework.security.web.access.intercept.AuthorizationFilter.doFilter(AuthorizationFilter.java:101)
	at org.springframework.security.web.FilterChainProxy$VirtualFilterChain.doFilter(FilterChainProxy.java:385)
	at org.springframework.security.web.access.ExceptionTranslationFilter.doFilter(ExceptionTranslationFilter.java:126)
	at org.springframework.security.web.access.ExceptionTranslationFilter.doFilter(ExceptionTranslationFilter.java:120)
	at org.springframework.security.web.FilterChainProxy$VirtualFilterChain.doFilter(FilterChainProxy.java:385)
	at org.springframework.security.web.session.SessionManagementFilter.doFilter(SessionManagementFilter.java:132)
	at org.springframework.security.web.session.SessionManagementFilter.doFilter(SessionManagementFilter.java:86)
	at org.springframework.security.web.FilterChainProxy$VirtualFilterChain.doFilter(FilterChainProxy.java:385)
	at org.springframework.security.web.authentication.AnonymousAuthenticationFilter.doFilter(AnonymousAuthenticationFilter.java:100)
	at org.springframework.security.web.FilterChainProxy$VirtualFilterChain.doFilter(FilterChainProxy.java:385)
	at org.springframework.security.web.servletapi.SecurityContextHolderAwareRequestFilter.doFilter(SecurityContextHolderAwareRequestFilter.java:181)
	at org.springframework.security.web.FilterChainProxy$VirtualFilterChain.doFilter(FilterChainProxy.java:385)
	at org.springframework.security.web.savedrequest.RequestCacheAwareFilter.doFilter(RequestCacheAwareFilter.java:63)
	at org.springframework.security.web.FilterChainProxy$VirtualFilterChain.doFilter(FilterChainProxy.java:385)
	at com.patientmanagement.security.JwtAuthenticationFilter.doFilterInternal(JwtAuthenticationFilter.java:56)
	at org.springframework.web.filter.OncePerRequestFilter.doFilter(OncePerRequestFilter.java:116)
	at org.springframework.security.web.FilterChainProxy$VirtualFilterChain.doFilter(FilterChainProxy.java:385)
	at org.springframework.security.web.authentication.logout.LogoutFilter.doFilter(LogoutFilter.java:110)
	at org.springframework.security.web.authentication.logout.LogoutFilter.doFilter(LogoutFilter.java:96)
	at org.springframework.security.web.FilterChainProxy$VirtualFilterChain.doFilter(FilterChainProxy.java:385)
	at org.springframework.web.filter.CorsFilter.doFilterInternal(CorsFilter.java:91)
	at org.springframework.web.filter.OncePerRequestFilter.doFilter(OncePerRequestFilter.java:116)
	at org.springframework.security.web.FilterChainProxy$VirtualFilterChain.doFilter(FilterChainProxy.java:385)
	at org.springframework.security.web.header.HeaderWriterFilter.doHeadersAfter(HeaderWriterFilter.java:90)
	at org.springframework.security.web.header.HeaderWriterFilter.doFilterInternal(HeaderWriterFilter.java:75)
	at org.springframework.web.filter.OncePerRequestFilter.doFilter(OncePerRequestFilter.java:116)
	at org.springframework.security.web.FilterChainProxy$VirtualFilterChain.doFilter(FilterChainProxy.java:385)
	at org.springframework.security.web.context.SecurityContextHolderFilter.doFilter(SecurityContextHolderFilter.java:82)
	at org.springframework.security.web.context.SecurityContextHolderFilter.doFilter(SecurityContextHolderFilter.java:69)
	at org.springframework.security.web.FilterChainProxy$VirtualFilterChain.doFilter(FilterChainProxy.java:385)
	at org.springframework.security.web.context.request.async.WebAsyncManagerIntegrationFilter.doFilterInternal(WebAsyncManagerIntegrationFilter.java:62)
	at org.springframework.web.filter.OncePerRequestFilter.doFilter(OncePerRequestFilter.java:116)
	at org.springframework.security.web.FilterChainProxy$VirtualFilterChain.doFilter(FilterChainProxy.java:385)
	at org.springframework.security.web.session.DisableEncodeUrlFilter.doFilterInternal(DisableEncodeUrlFilter.java:42)
	at org.springframework.web.filter.OncePerRequestFilter.doFilter(OncePerRequestFilter.java:116)
	at org.springframework.security.web.FilterChainProxy$VirtualFilterChain.doFilter(FilterChainProxy.java:385)
	at org.springframework.security.web.FilterChainProxy.doFilterInternal(FilterChainProxy.java:237)
	at org.springframework.security.web.FilterChainProxy.doFilter(FilterChainProxy.java:195)
	at org.springframework.web.filter.CompositeFilter$VirtualFilterChain.doFilter(CompositeFilter.java:113)
	at org.springframework.web.filter.ServletRequestPathFilter.doFilter(ServletRequestPathFilter.java:52)
	at org.springframework.web.filter.CompositeFilter$VirtualFilterChain.doFilter(CompositeFilter.java:113)
	at org.springframework.web.filter.CompositeFilter.doFilter(CompositeFilter.java:74)
	at org.springframework.security.config.annotation.web.configuration.WebSecurityConfiguration$CompositeFilterChainProxy.doFilter(WebSecurityConfiguration.java:317)
	at org.springframework.web.filter.DelegatingFilterProxy.invokeDelegate(DelegatingFilterProxy.java:355)
	at org.springframework.web.filter.DelegatingFilterProxy.doFilter(DelegatingFilterProxy.java:272)
	at org.apache.catalina.core.ApplicationFilterChain.doFilter(ApplicationFilterChain.java:111)
	at org.springframework.web.filter.RequestContextFilter.doFilterInternal(RequestContextFilter.java:100)
	at org.springframework.web.filter.OncePerRequestFilter.doFilter(OncePerRequestFilter.java:116)
	at org.apache.catalina.core.ApplicationFilterChain.doFilter(ApplicationFilterChain.java:111)
	at org.springframework.web.filter.FormContentFilter.doFilterInternal(FormContentFilter.java:93)
	at org.springframework.web.filter.OncePerRequestFilter.doFilter(OncePerRequestFilter.java:116)
	at org.apache.catalina.core.ApplicationFilterChain.doFilter(ApplicationFilterChain.java:111)
	at org.springframework.web.filter.CharacterEncodingFilter.doFilterInternal(CharacterEncodingFilter.java:199)
	at org.springframework.web.filter.OncePerRequestFilter.doFilter(OncePerRequestFilter.java:116)
	at org.apache.catalina.core.ApplicationFilterChain.doFilter(ApplicationFilterChain.java:111)
	at org.apache.catalina.core.StandardWrapperValve.invoke(StandardWrapperValve.java:165)
	at org.apache.catalina.core.StandardContextValve.invoke(StandardContextValve.java:77)
	at org.apache.catalina.authenticator.AuthenticatorBase.invoke(AuthenticatorBase.java:535)
	at org.apache.catalina.core.StandardHostValve.invoke(StandardHostValve.java:115)
	at org.apache.catalina.valves.ErrorReportValve.invoke(ErrorReportValve.java:86)
	at org.apache.catalina.core.StandardEngineValve.invoke(StandardEngineValve.java:71)
	at org.apache.catalina.connector.CoyoteAdapter.service(CoyoteAdapter.java:347)
	at org.apache.coyote.http11.Http11Processor.service(Http11Processor.java:406)
	at org.apache.coyote.AbstractProcessorLight.process(AbstractProcessorLight.java:71)
	at org.apache.coyote.AbstractProtocol$ConnectionHandler.process(AbstractProtocol.java:1307)
	at org.apache.tomcat.util.net.NioEndpoint$SocketProcessor.doRun(NioEndpoint.java:2036)
	at org.apache.tomcat.util.net.SocketProcessorBase.run(SocketProcessorBase.java:74)
	at org.apache.tomcat.util.threads.ThreadPoolExecutor.runWorker(ThreadPoolExecutor.java:949)
	at org.apache.tomcat.util.threads.ThreadPoolExecutor$Worker.run(ThreadPoolExecutor.java:483)
	at org.apache.tomcat.util.threads.TaskThread$WrappingRunnable.run(TaskThread.java:74)
	at java.base/java.lang.Thread.run(Thread.java:1474)
2026-09-17 16:54:59 [http-nio-8080-exec-6] WARN  org.springframework.web.servlet.mvc.method.annotation.ExceptionHandlerExceptionResolver - Resolved [java.lang.RuntimeException: Patient record not found for this user]
2026-09-17 16:55:13 [http-nio-8080-exec-7] INFO  com.patientmanagement.service.AuthService - Login attempt received for email: tanmay@gmail.com
2026-09-17 16:55:13 [http-nio-8080-exec-7] INFO  com.patientmanagement.security.JwtService - Generating JWT token for user: tanmay@gmail.com with role: PATIENT
2026-09-17 16:55:13 [http-nio-8080-exec-7] WARN  com.patientmanagement.service.AuthService - Patient record not found for user ID: 4
2026-09-17 16:55:13 [http-nio-8080-exec-7] ERROR com.patientmanagement.exception.GlobalExceptionHandler - Unexpected error on /api/auth/login
java.lang.RuntimeException: Patient record not found for this user
	at com.patientmanagement.service.AuthService.lambda$login$1(AuthService.java:143)
	at java.base/java.util.Optional.orElseThrow(Optional.java:403)
	at com.patientmanagement.service.AuthService.login(AuthService.java:136)
	at com.patientmanagement.controller.AuthController.login(AuthController.java:42)
	at java.base/jdk.internal.reflect.DirectMethodHandleAccessor.invoke(DirectMethodHandleAccessor.java:104)
	at java.base/java.lang.reflect.Method.invoke(Method.java:565)
	at org.springframework.web.method.support.InvocableHandlerMethod.doInvoke(InvocableHandlerMethod.java:252)
	at org.springframework.web.method.support.InvocableHandlerMethod.invokeForRequest(InvocableHandlerMethod.java:184)
	at org.springframework.web.servlet.mvc.method.annotation.ServletInvocableHandlerMethod.invokeAndHandle(ServletInvocableHandlerMethod.java:117)
	at org.springframework.web.servlet.mvc.method.annotation.RequestMappingHandlerAdapter.invokeHandlerMethod(RequestMappingHandlerAdapter.java:934)
	at org.springframework.web.servlet.mvc.method.annotation.RequestMappingHandlerAdapter.handleInternal(RequestMappingHandlerAdapter.java:853)
	at org.springframework.web.servlet.mvc.method.AbstractHandlerMethodAdapter.handle(AbstractHandlerMethodAdapter.java:86)
	at org.springframework.web.servlet.DispatcherServlet.doDispatch(DispatcherServlet.java:963)
	at org.springframework.web.servlet.DispatcherServlet.doService(DispatcherServlet.java:866)
	at org.springframework.web.servlet.FrameworkServlet.processRequest(FrameworkServlet.java:1000)
	at org.springframework.web.servlet.FrameworkServlet.doPost(FrameworkServlet.java:903)
	at jakarta.servlet.http.HttpServlet.service(HttpServlet.java:649)
	at org.springframework.web.servlet.FrameworkServlet.service(FrameworkServlet.java:874)
	at jakarta.servlet.http.HttpServlet.service(HttpServlet.java:710)
	at org.apache.catalina.core.ApplicationFilterChain.doFilter(ApplicationFilterChain.java:132)
	at org.apache.tomcat.websocket.server.WsFilter.doFilter(WsFilter.java:59)
	at org.apache.catalina.core.ApplicationFilterChain.doFilter(ApplicationFilterChain.java:111)
	at org.springframework.web.filter.OncePerRequestFilter.doFilter(OncePerRequestFilter.java:110)
	at org.apache.catalina.core.ApplicationFilterChain.doFilter(ApplicationFilterChain.java:111)
	at org.springframework.web.filter.CompositeFilter$VirtualFilterChain.doFilter(CompositeFilter.java:108)
	at org.springframework.security.web.FilterChainProxy.lambda$doFilterInternal$2(FilterChainProxy.java:235)
	at org.springframework.security.web.FilterChainProxy$VirtualFilterChain.doFilter(FilterChainProxy.java:376)
	at org.springframework.security.web.access.intercept.AuthorizationFilter.doFilter(AuthorizationFilter.java:101)
	at org.springframework.security.web.FilterChainProxy$VirtualFilterChain.doFilter(FilterChainProxy.java:385)
	at org.springframework.security.web.access.ExceptionTranslationFilter.doFilter(ExceptionTranslationFilter.java:126)
	at org.springframework.security.web.access.ExceptionTranslationFilter.doFilter(ExceptionTranslationFilter.java:120)
	at org.springframework.security.web.FilterChainProxy$VirtualFilterChain.doFilter(FilterChainProxy.java:385)
	at org.springframework.security.web.session.SessionManagementFilter.doFilter(SessionManagementFilter.java:132)
	at org.springframework.security.web.session.SessionManagementFilter.doFilter(SessionManagementFilter.java:86)
	at org.springframework.security.web.FilterChainProxy$VirtualFilterChain.doFilter(FilterChainProxy.java:385)
	at org.springframework.security.web.authentication.AnonymousAuthenticationFilter.doFilter(AnonymousAuthenticationFilter.java:100)
	at org.springframework.security.web.FilterChainProxy$VirtualFilterChain.doFilter(FilterChainProxy.java:385)
	at org.springframework.security.web.servletapi.SecurityContextHolderAwareRequestFilter.doFilter(SecurityContextHolderAwareRequestFilter.java:181)
	at org.springframework.security.web.FilterChainProxy$VirtualFilterChain.doFilter(FilterChainProxy.java:385)
	at org.springframework.security.web.savedrequest.RequestCacheAwareFilter.doFilter(RequestCacheAwareFilter.java:63)
	at org.springframework.security.web.FilterChainProxy$VirtualFilterChain.doFilter(FilterChainProxy.java:385)
	at com.patientmanagement.security.JwtAuthenticationFilter.doFilterInternal(JwtAuthenticationFilter.java:56)
	at org.springframework.web.filter.OncePerRequestFilter.doFilter(OncePerRequestFilter.java:116)
	at org.springframework.security.web.FilterChainProxy$VirtualFilterChain.doFilter(FilterChainProxy.java:385)
	at org.springframework.security.web.authentication.logout.LogoutFilter.doFilter(LogoutFilter.java:110)
	at org.springframework.security.web.authentication.logout.LogoutFilter.doFilter(LogoutFilter.java:96)
	at org.springframework.security.web.FilterChainProxy$VirtualFilterChain.doFilter(FilterChainProxy.java:385)
	at org.springframework.web.filter.CorsFilter.doFilterInternal(CorsFilter.java:91)
	at org.springframework.web.filter.OncePerRequestFilter.doFilter(OncePerRequestFilter.java:116)
	at org.springframework.security.web.FilterChainProxy$VirtualFilterChain.doFilter(FilterChainProxy.java:385)
	at org.springframework.security.web.header.HeaderWriterFilter.doHeadersAfter(HeaderWriterFilter.java:90)
	at org.springframework.security.web.header.HeaderWriterFilter.doFilterInternal(HeaderWriterFilter.java:75)
	at org.springframework.web.filter.OncePerRequestFilter.doFilter(OncePerRequestFilter.java:116)
	at org.springframework.security.web.FilterChainProxy$VirtualFilterChain.doFilter(FilterChainProxy.java:385)
	at org.springframework.security.web.context.SecurityContextHolderFilter.doFilter(SecurityContextHolderFilter.java:82)
	at org.springframework.security.web.context.SecurityContextHolderFilter.doFilter(SecurityContextHolderFilter.java:69)
	at org.springframework.security.web.FilterChainProxy$VirtualFilterChain.doFilter(FilterChainProxy.java:385)
	at org.springframework.security.web.context.request.async.WebAsyncManagerIntegrationFilter.doFilterInternal(WebAsyncManagerIntegrationFilter.java:62)
	at org.springframework.web.filter.OncePerRequestFilter.doFilter(OncePerRequestFilter.java:116)
	at org.springframework.security.web.FilterChainProxy$VirtualFilterChain.doFilter(FilterChainProxy.java:385)
	at org.springframework.security.web.session.DisableEncodeUrlFilter.doFilterInternal(DisableEncodeUrlFilter.java:42)
	at org.springframework.web.filter.OncePerRequestFilter.doFilter(OncePerRequestFilter.java:116)
	at org.springframework.security.web.FilterChainProxy$VirtualFilterChain.doFilter(FilterChainProxy.java:385)
	at org.springframework.security.web.FilterChainProxy.doFilterInternal(FilterChainProxy.java:237)
	at org.springframework.security.web.FilterChainProxy.doFilter(FilterChainProxy.java:195)
	at org.springframework.web.filter.CompositeFilter$VirtualFilterChain.doFilter(CompositeFilter.java:113)
	at org.springframework.web.filter.ServletRequestPathFilter.doFilter(ServletRequestPathFilter.java:52)
	at org.springframework.web.filter.CompositeFilter$VirtualFilterChain.doFilter(CompositeFilter.java:113)
	at org.springframework.web.filter.CompositeFilter.doFilter(CompositeFilter.java:74)
	at org.springframework.security.config.annotation.web.configuration.WebSecurityConfiguration$CompositeFilterChainProxy.doFilter(WebSecurityConfiguration.java:317)
	at org.springframework.web.filter.DelegatingFilterProxy.invokeDelegate(DelegatingFilterProxy.java:355)
	at org.springframework.web.filter.DelegatingFilterProxy.doFilter(DelegatingFilterProxy.java:272)
	at org.apache.catalina.core.ApplicationFilterChain.doFilter(ApplicationFilterChain.java:111)
	at org.springframework.web.filter.RequestContextFilter.doFilterInternal(RequestContextFilter.java:100)
	at org.springframework.web.filter.OncePerRequestFilter.doFilter(OncePerRequestFilter.java:116)
	at org.apache.catalina.core.ApplicationFilterChain.doFilter(ApplicationFilterChain.java:111)
	at org.springframework.web.filter.FormContentFilter.doFilterInternal(FormContentFilter.java:93)
	at org.springframework.web.filter.OncePerRequestFilter.doFilter(OncePerRequestFilter.java:116)
	at org.apache.catalina.core.ApplicationFilterChain.doFilter(ApplicationFilterChain.java:111)
	at org.springframework.web.filter.CharacterEncodingFilter.doFilterInternal(CharacterEncodingFilter.java:199)
	at org.springframework.web.filter.OncePerRequestFilter.doFilter(OncePerRequestFilter.java:116)
	at org.apache.catalina.core.ApplicationFilterChain.doFilter(ApplicationFilterChain.java:111)
	at org.apache.catalina.core.StandardWrapperValve.invoke(StandardWrapperValve.java:165)
	at org.apache.catalina.core.StandardContextValve.invoke(StandardContextValve.java:77)
	at org.apache.catalina.authenticator.AuthenticatorBase.invoke(AuthenticatorBase.java:535)
	at org.apache.catalina.core.StandardHostValve.invoke(StandardHostValve.java:115)
	at org.apache.catalina.valves.ErrorReportValve.invoke(ErrorReportValve.java:86)
	at org.apache.catalina.core.StandardEngineValve.invoke(StandardEngineValve.java:71)
	at org.apache.catalina.connector.CoyoteAdapter.service(CoyoteAdapter.java:347)
	at org.apache.coyote.http11.Http11Processor.service(Http11Processor.java:406)
	at org.apache.coyote.AbstractProcessorLight.process(AbstractProcessorLight.java:71)
	at org.apache.coyote.AbstractProtocol$ConnectionHandler.process(AbstractProtocol.java:1307)
	at org.apache.tomcat.util.net.NioEndpoint$SocketProcessor.doRun(NioEndpoint.java:2036)
	at org.apache.tomcat.util.net.SocketProcessorBase.run(SocketProcessorBase.java:74)
	at org.apache.tomcat.util.threads.ThreadPoolExecutor.runWorker(ThreadPoolExecutor.java:949)
	at org.apache.tomcat.util.threads.ThreadPoolExecutor$Worker.run(ThreadPoolExecutor.java:483)
	at org.apache.tomcat.util.threads.TaskThread$WrappingRunnable.run(TaskThread.java:74)
	at java.base/java.lang.Thread.run(Thread.java:1474)
2026-09-17 16:55:13 [http-nio-8080-exec-7] WARN  org.springframework.web.servlet.mvc.method.annotation.ExceptionHandlerExceptionResolver - Resolved [java.lang.RuntimeException: Patient record not found for this user]
2026-09-17 16:55:15 [http-nio-8080-exec-2] INFO  com.patientmanagement.service.AuthService - Login attempt received for email: tanmay@gmail.com
2026-09-17 16:55:15 [http-nio-8080-exec-2] INFO  com.patientmanagement.security.JwtService - Generating JWT token for user: tanmay@gmail.com with role: PATIENT
2026-09-17 16:55:15 [http-nio-8080-exec-2] WARN  com.patientmanagement.service.AuthService - Patient record not found for user ID: 4
2026-09-17 16:55:15 [http-nio-8080-exec-2] ERROR com.patientmanagement.exception.GlobalExceptionHandler - Unexpected error on /api/auth/login
java.lang.RuntimeException: Patient record not found for this user
	at com.patientmanagement.service.AuthService.lambda$login$1(AuthService.java:143)
	at java.base/java.util.Optional.orElseThrow(Optional.java:403)
	at com.patientmanagement.service.AuthService.login(AuthService.java:136)
	at com.patientmanagement.controller.AuthController.login(AuthController.java:42)
	at java.base/jdk.internal.reflect.DirectMethodHandleAccessor.invoke(DirectMethodHandleAccessor.java:104)
	at java.base/java.lang.reflect.Method.invoke(Method.java:565)
	at org.springframework.web.method.support.InvocableHandlerMethod.doInvoke(InvocableHandlerMethod.java:252)
	at org.springframework.web.method.support.InvocableHandlerMethod.invokeForRequest(InvocableHandlerMethod.java:184)
	at org.springframework.web.servlet.mvc.method.annotation.ServletInvocableHandlerMethod.invokeAndHandle(ServletInvocableHandlerMethod.java:117)
	at org.springframework.web.servlet.mvc.method.annotation.RequestMappingHandlerAdapter.invokeHandlerMethod(RequestMappingHandlerAdapter.java:934)
	at org.springframework.web.servlet.mvc.method.annotation.RequestMappingHandlerAdapter.handleInternal(RequestMappingHandlerAdapter.java:853)
	at org.springframework.web.servlet.mvc.method.AbstractHandlerMethodAdapter.handle(AbstractHandlerMethodAdapter.java:86)
	at org.springframework.web.servlet.DispatcherServlet.doDispatch(DispatcherServlet.java:963)
	at org.springframework.web.servlet.DispatcherServlet.doService(DispatcherServlet.java:866)
	at org.springframework.web.servlet.FrameworkServlet.processRequest(FrameworkServlet.java:1000)
	at org.springframework.web.servlet.FrameworkServlet.doPost(FrameworkServlet.java:903)
	at jakarta.servlet.http.HttpServlet.service(HttpServlet.java:649)
	at org.springframework.web.servlet.FrameworkServlet.service(FrameworkServlet.java:874)
	at jakarta.servlet.http.HttpServlet.service(HttpServlet.java:710)
	at org.apache.catalina.core.ApplicationFilterChain.doFilter(ApplicationFilterChain.java:132)
	at org.apache.tomcat.websocket.server.WsFilter.doFilter(WsFilter.java:59)
	at org.apache.catalina.core.ApplicationFilterChain.doFilter(ApplicationFilterChain.java:111)
	at org.springframework.web.filter.OncePerRequestFilter.doFilter(OncePerRequestFilter.java:110)
	at org.apache.catalina.core.ApplicationFilterChain.doFilter(ApplicationFilterChain.java:111)
	at org.springframework.web.filter.CompositeFilter$VirtualFilterChain.doFilter(CompositeFilter.java:108)
	at org.springframework.security.web.FilterChainProxy.lambda$doFilterInternal$2(FilterChainProxy.java:235)
	at org.springframework.security.web.FilterChainProxy$VirtualFilterChain.doFilter(FilterChainProxy.java:376)
	at org.springframework.security.web.access.intercept.AuthorizationFilter.doFilter(AuthorizationFilter.java:101)
	at org.springframework.security.web.FilterChainProxy$VirtualFilterChain.doFilter(FilterChainProxy.java:385)
	at org.springframework.security.web.access.ExceptionTranslationFilter.doFilter(ExceptionTranslationFilter.java:126)
	at org.springframework.security.web.access.ExceptionTranslationFilter.doFilter(ExceptionTranslationFilter.java:120)
	at org.springframework.security.web.FilterChainProxy$VirtualFilterChain.doFilter(FilterChainProxy.java:385)
	at org.springframework.security.web.session.SessionManagementFilter.doFilter(SessionManagementFilter.java:132)
	at org.springframework.security.web.session.SessionManagementFilter.doFilter(SessionManagementFilter.java:86)
	at org.springframework.security.web.FilterChainProxy$VirtualFilterChain.doFilter(FilterChainProxy.java:385)
	at org.springframework.security.web.authentication.AnonymousAuthenticationFilter.doFilter(AnonymousAuthenticationFilter.java:100)
	at org.springframework.security.web.FilterChainProxy$VirtualFilterChain.doFilter(FilterChainProxy.java:385)
	at org.springframework.security.web.servletapi.SecurityContextHolderAwareRequestFilter.doFilter(SecurityContextHolderAwareRequestFilter.java:181)
	at org.springframework.security.web.FilterChainProxy$VirtualFilterChain.doFilter(FilterChainProxy.java:385)
	at org.springframework.security.web.savedrequest.RequestCacheAwareFilter.doFilter(RequestCacheAwareFilter.java:63)
	at org.springframework.security.web.FilterChainProxy$VirtualFilterChain.doFilter(FilterChainProxy.java:385)
	at com.patientmanagement.security.JwtAuthenticationFilter.doFilterInternal(JwtAuthenticationFilter.java:56)
	at org.springframework.web.filter.OncePerRequestFilter.doFilter(OncePerRequestFilter.java:116)
	at org.springframework.security.web.FilterChainProxy$VirtualFilterChain.doFilter(FilterChainProxy.java:385)
	at org.springframework.security.web.authentication.logout.LogoutFilter.doFilter(LogoutFilter.java:110)
	at org.springframework.security.web.authentication.logout.LogoutFilter.doFilter(LogoutFilter.java:96)
	at org.springframework.security.web.FilterChainProxy$VirtualFilterChain.doFilter(FilterChainProxy.java:385)
	at org.springframework.web.filter.CorsFilter.doFilterInternal(CorsFilter.java:91)
	at org.springframework.web.filter.OncePerRequestFilter.doFilter(OncePerRequestFilter.java:116)
	at org.springframework.security.web.FilterChainProxy$VirtualFilterChain.doFilter(FilterChainProxy.java:385)
	at org.springframework.security.web.header.HeaderWriterFilter.doHeadersAfter(HeaderWriterFilter.java:90)
	at org.springframework.security.web.header.HeaderWriterFilter.doFilterInternal(HeaderWriterFilter.java:75)
	at org.springframework.web.filter.OncePerRequestFilter.doFilter(OncePerRequestFilter.java:116)
	at org.springframework.security.web.FilterChainProxy$VirtualFilterChain.doFilter(FilterChainProxy.java:385)
	at org.springframework.security.web.context.SecurityContextHolderFilter.doFilter(SecurityContextHolderFilter.java:82)
	at org.springframework.security.web.context.SecurityContextHolderFilter.doFilter(SecurityContextHolderFilter.java:69)
	at org.springframework.security.web.FilterChainProxy$VirtualFilterChain.doFilter(FilterChainProxy.java:385)
	at org.springframework.security.web.context.request.async.WebAsyncManagerIntegrationFilter.doFilterInternal(WebAsyncManagerIntegrationFilter.java:62)
	at org.springframework.web.filter.OncePerRequestFilter.doFilter(OncePerRequestFilter.java:116)
	at org.springframework.security.web.FilterChainProxy$VirtualFilterChain.doFilter(FilterChainProxy.java:385)
	at org.springframework.security.web.session.DisableEncodeUrlFilter.doFilterInternal(DisableEncodeUrlFilter.java:42)
	at org.springframework.web.filter.OncePerRequestFilter.doFilter(OncePerRequestFilter.java:116)
	at org.springframework.security.web.FilterChainProxy$VirtualFilterChain.doFilter(FilterChainProxy.java:385)
	at org.springframework.security.web.FilterChainProxy.doFilterInternal(FilterChainProxy.java:237)
	at org.springframework.security.web.FilterChainProxy.doFilter(FilterChainProxy.java:195)
	at org.springframework.web.filter.CompositeFilter$VirtualFilterChain.doFilter(CompositeFilter.java:113)
	at org.springframework.web.filter.ServletRequestPathFilter.doFilter(ServletRequestPathFilter.java:52)
	at org.springframework.web.filter.CompositeFilter$VirtualFilterChain.doFilter(CompositeFilter.java:113)
	at org.springframework.web.filter.CompositeFilter.doFilter(CompositeFilter.java:74)
	at org.springframework.security.config.annotation.web.configuration.WebSecurityConfiguration$CompositeFilterChainProxy.doFilter(WebSecurityConfiguration.java:317)
	at org.springframework.web.filter.DelegatingFilterProxy.invokeDelegate(DelegatingFilterProxy.java:355)
	at org.springframework.web.filter.DelegatingFilterProxy.doFilter(DelegatingFilterProxy.java:272)
	at org.apache.catalina.core.ApplicationFilterChain.doFilter(ApplicationFilterChain.java:111)
	at org.springframework.web.filter.RequestContextFilter.doFilterInternal(RequestContextFilter.java:100)
	at org.springframework.web.filter.OncePerRequestFilter.doFilter(OncePerRequestFilter.java:116)
	at org.apache.catalina.core.ApplicationFilterChain.doFilter(ApplicationFilterChain.java:111)
	at org.springframework.web.filter.FormContentFilter.doFilterInternal(FormContentFilter.java:93)
	at org.springframework.web.filter.OncePerRequestFilter.doFilter(OncePerRequestFilter.java:116)
	at org.apache.catalina.core.ApplicationFilterChain.doFilter(ApplicationFilterChain.java:111)
	at org.springframework.web.filter.CharacterEncodingFilter.doFilterInternal(CharacterEncodingFilter.java:199)
	at org.springframework.web.filter.OncePerRequestFilter.doFilter(OncePerRequestFilter.java:116)
	at org.apache.catalina.core.ApplicationFilterChain.doFilter(ApplicationFilterChain.java:111)
	at org.apache.catalina.core.StandardWrapperValve.invoke(StandardWrapperValve.java:165)
	at org.apache.catalina.core.StandardContextValve.invoke(StandardContextValve.java:77)
	at org.apache.catalina.authenticator.AuthenticatorBase.invoke(AuthenticatorBase.java:535)
	at org.apache.catalina.core.StandardHostValve.invoke(StandardHostValve.java:115)
	at org.apache.catalina.valves.ErrorReportValve.invoke(ErrorReportValve.java:86)
	at org.apache.catalina.core.StandardEngineValve.invoke(StandardEngineValve.java:71)
	at org.apache.catalina.connector.CoyoteAdapter.service(CoyoteAdapter.java:347)
	at org.apache.coyote.http11.Http11Processor.service(Http11Processor.java:406)
	at org.apache.coyote.AbstractProcessorLight.process(AbstractProcessorLight.java:71)
	at org.apache.coyote.AbstractProtocol$ConnectionHandler.process(AbstractProtocol.java:1307)
	at org.apache.tomcat.util.net.NioEndpoint$SocketProcessor.doRun(NioEndpoint.java:2036)
	at org.apache.tomcat.util.net.SocketProcessorBase.run(SocketProcessorBase.java:74)
	at org.apache.tomcat.util.threads.ThreadPoolExecutor.runWorker(ThreadPoolExecutor.java:949)
	at org.apache.tomcat.util.threads.ThreadPoolExecutor$Worker.run(ThreadPoolExecutor.java:483)
	at org.apache.tomcat.util.threads.TaskThread$WrappingRunnable.run(TaskThread.java:74)
	at java.base/java.lang.Thread.run(Thread.java:1474)
2026-09-17 16:55:15 [http-nio-8080-exec-2] WARN  org.springframework.web.servlet.mvc.method.annotation.ExceptionHandlerExceptionResolver - Resolved [java.lang.RuntimeException: Patient record not found for this user]
2026-09-17 16:55:15 [http-nio-8080-exec-3] INFO  com.patientmanagement.service.AuthService - Login attempt received for email: tanmay@gmail.com
2026-09-17 16:55:15 [http-nio-8080-exec-3] INFO  com.patientmanagement.security.JwtService - Generating JWT token for user: tanmay@gmail.com with role: PATIENT
2026-09-17 16:55:15 [http-nio-8080-exec-3] WARN  com.patientmanagement.service.AuthService - Patient record not found for user ID: 4
2026-09-17 16:55:15 [http-nio-8080-exec-3] ERROR com.patientmanagement.exception.GlobalExceptionHandler - Unexpected error on /api/auth/login
java.lang.RuntimeException: Patient record not found for this user
	at com.patientmanagement.service.AuthService.lambda$login$1(AuthService.java:143)
	at java.base/java.util.Optional.orElseThrow(Optional.java:403)
	at com.patientmanagement.service.AuthService.login(AuthService.java:136)
	at com.patientmanagement.controller.AuthController.login(AuthController.java:42)
	at java.base/jdk.internal.reflect.DirectMethodHandleAccessor.invoke(DirectMethodHandleAccessor.java:104)
	at java.base/java.lang.reflect.Method.invoke(Method.java:565)
	at org.springframework.web.method.support.InvocableHandlerMethod.doInvoke(InvocableHandlerMethod.java:252)
	at org.springframework.web.method.support.InvocableHandlerMethod.invokeForRequest(InvocableHandlerMethod.java:184)
	at org.springframework.web.servlet.mvc.method.annotation.ServletInvocableHandlerMethod.invokeAndHandle(ServletInvocableHandlerMethod.java:117)
	at org.springframework.web.servlet.mvc.method.annotation.RequestMappingHandlerAdapter.invokeHandlerMethod(RequestMappingHandlerAdapter.java:934)
	at org.springframework.web.servlet.mvc.method.annotation.RequestMappingHandlerAdapter.handleInternal(RequestMappingHandlerAdapter.java:853)
	at org.springframework.web.servlet.mvc.method.AbstractHandlerMethodAdapter.handle(AbstractHandlerMethodAdapter.java:86)
	at org.springframework.web.servlet.DispatcherServlet.doDispatch(DispatcherServlet.java:963)
	at org.springframework.web.servlet.DispatcherServlet.doService(DispatcherServlet.java:866)
	at org.springframework.web.servlet.FrameworkServlet.processRequest(FrameworkServlet.java:1000)
	at org.springframework.web.servlet.FrameworkServlet.doPost(FrameworkServlet.java:903)
	at jakarta.servlet.http.HttpServlet.service(HttpServlet.java:649)
	at org.springframework.web.servlet.FrameworkServlet.service(FrameworkServlet.java:874)
	at jakarta.servlet.http.HttpServlet.service(HttpServlet.java:710)
	at org.apache.catalina.core.ApplicationFilterChain.doFilter(ApplicationFilterChain.java:132)
	at org.apache.tomcat.websocket.server.WsFilter.doFilter(WsFilter.java:59)
	at org.apache.catalina.core.ApplicationFilterChain.doFilter(ApplicationFilterChain.java:111)
	at org.springframework.web.filter.OncePerRequestFilter.doFilter(OncePerRequestFilter.java:110)
	at org.apache.catalina.core.ApplicationFilterChain.doFilter(ApplicationFilterChain.java:111)
	at org.springframework.web.filter.CompositeFilter$VirtualFilterChain.doFilter(CompositeFilter.java:108)
	at org.springframework.security.web.FilterChainProxy.lambda$doFilterInternal$2(FilterChainProxy.java:235)
	at org.springframework.security.web.FilterChainProxy$VirtualFilterChain.doFilter(FilterChainProxy.java:376)
	at org.springframework.security.web.access.intercept.AuthorizationFilter.doFilter(AuthorizationFilter.java:101)
	at org.springframework.security.web.FilterChainProxy$VirtualFilterChain.doFilter(FilterChainProxy.java:385)
	at org.springframework.security.web.access.ExceptionTranslationFilter.doFilter(ExceptionTranslationFilter.java:126)
	at org.springframework.security.web.access.ExceptionTranslationFilter.doFilter(ExceptionTranslationFilter.java:120)
	at org.springframework.security.web.FilterChainProxy$VirtualFilterChain.doFilter(FilterChainProxy.java:385)
	at org.springframework.security.web.session.SessionManagementFilter.doFilter(SessionManagementFilter.java:132)
	at org.springframework.security.web.session.SessionManagementFilter.doFilter(SessionManagementFilter.java:86)
	at org.springframework.security.web.FilterChainProxy$VirtualFilterChain.doFilter(FilterChainProxy.java:385)
	at org.springframework.security.web.authentication.AnonymousAuthenticationFilter.doFilter(AnonymousAuthenticationFilter.java:100)
	at org.springframework.security.web.FilterChainProxy$VirtualFilterChain.doFilter(FilterChainProxy.java:385)
	at org.springframework.security.web.servletapi.SecurityContextHolderAwareRequestFilter.doFilter(SecurityContextHolderAwareRequestFilter.java:181)
	at org.springframework.security.web.FilterChainProxy$VirtualFilterChain.doFilter(FilterChainProxy.java:385)
	at org.springframework.security.web.savedrequest.RequestCacheAwareFilter.doFilter(RequestCacheAwareFilter.java:63)
	at org.springframework.security.web.FilterChainProxy$VirtualFilterChain.doFilter(FilterChainProxy.java:385)
	at com.patientmanagement.security.JwtAuthenticationFilter.doFilterInternal(JwtAuthenticationFilter.java:56)
	at org.springframework.web.filter.OncePerRequestFilter.doFilter(OncePerRequestFilter.java:116)
	at org.springframework.security.web.FilterChainProxy$VirtualFilterChain.doFilter(FilterChainProxy.java:385)
	at org.springframework.security.web.authentication.logout.LogoutFilter.doFilter(LogoutFilter.java:110)
	at org.springframework.security.web.authentication.logout.LogoutFilter.doFilter(LogoutFilter.java:96)
	at org.springframework.security.web.FilterChainProxy$VirtualFilterChain.doFilter(FilterChainProxy.java:385)
	at org.springframework.web.filter.CorsFilter.doFilterInternal(CorsFilter.java:91)
	at org.springframework.web.filter.OncePerRequestFilter.doFilter(OncePerRequestFilter.java:116)
	at org.springframework.security.web.FilterChainProxy$VirtualFilterChain.doFilter(FilterChainProxy.java:385)
	at org.springframework.security.web.header.HeaderWriterFilter.doHeadersAfter(HeaderWriterFilter.java:90)
	at org.springframework.security.web.header.HeaderWriterFilter.doFilterInternal(HeaderWriterFilter.java:75)
	at org.springframework.web.filter.OncePerRequestFilter.doFilter(OncePerRequestFilter.java:116)
	at org.springframework.security.web.FilterChainProxy$VirtualFilterChain.doFilter(FilterChainProxy.java:385)
	at org.springframework.security.web.context.SecurityContextHolderFilter.doFilter(SecurityContextHolderFilter.java:82)
	at org.springframework.security.web.context.SecurityContextHolderFilter.doFilter(SecurityContextHolderFilter.java:69)
	at org.springframework.security.web.FilterChainProxy$VirtualFilterChain.doFilter(FilterChainProxy.java:385)
	at org.springframework.security.web.context.request.async.WebAsyncManagerIntegrationFilter.doFilterInternal(WebAsyncManagerIntegrationFilter.java:62)
	at org.springframework.web.filter.OncePerRequestFilter.doFilter(OncePerRequestFilter.java:116)
	at org.springframework.security.web.FilterChainProxy$VirtualFilterChain.doFilter(FilterChainProxy.java:385)
	at org.springframework.security.web.session.DisableEncodeUrlFilter.doFilterInternal(DisableEncodeUrlFilter.java:42)
	at org.springframework.web.filter.OncePerRequestFilter.doFilter(OncePerRequestFilter.java:116)
	at org.springframework.security.web.FilterChainProxy$VirtualFilterChain.doFilter(FilterChainProxy.java:385)
	at org.springframework.security.web.FilterChainProxy.doFilterInternal(FilterChainProxy.java:237)
	at org.springframework.security.web.FilterChainProxy.doFilter(FilterChainProxy.java:195)
	at org.springframework.web.filter.CompositeFilter$VirtualFilterChain.doFilter(CompositeFilter.java:113)
	at org.springframework.web.filter.ServletRequestPathFilter.doFilter(ServletRequestPathFilter.java:52)
	at org.springframework.web.filter.CompositeFilter$VirtualFilterChain.doFilter(CompositeFilter.java:113)
	at org.springframework.web.filter.CompositeFilter.doFilter(CompositeFilter.java:74)
	at org.springframework.security.config.annotation.web.configuration.WebSecurityConfiguration$CompositeFilterChainProxy.doFilter(WebSecurityConfiguration.java:317)
	at org.springframework.web.filter.DelegatingFilterProxy.invokeDelegate(DelegatingFilterProxy.java:355)
	at org.springframework.web.filter.DelegatingFilterProxy.doFilter(DelegatingFilterProxy.java:272)
	at org.apache.catalina.core.ApplicationFilterChain.doFilter(ApplicationFilterChain.java:111)
	at org.springframework.web.filter.RequestContextFilter.doFilterInternal(RequestContextFilter.java:100)
	at org.springframework.web.filter.OncePerRequestFilter.doFilter(OncePerRequestFilter.java:116)
	at org.apache.catalina.core.ApplicationFilterChain.doFilter(ApplicationFilterChain.java:111)
	at org.springframework.web.filter.FormContentFilter.doFilterInternal(FormContentFilter.java:93)
	at org.springframework.web.filter.OncePerRequestFilter.doFilter(OncePerRequestFilter.java:116)
	at org.apache.catalina.core.ApplicationFilterChain.doFilter(ApplicationFilterChain.java:111)
	at org.springframework.web.filter.CharacterEncodingFilter.doFilterInternal(CharacterEncodingFilter.java:199)
	at org.springframework.web.filter.OncePerRequestFilter.doFilter(OncePerRequestFilter.java:116)
	at org.apache.catalina.core.ApplicationFilterChain.doFilter(ApplicationFilterChain.java:111)
	at org.apache.catalina.core.StandardWrapperValve.invoke(StandardWrapperValve.java:165)
	at org.apache.catalina.core.StandardContextValve.invoke(StandardContextValve.java:77)
	at org.apache.catalina.authenticator.AuthenticatorBase.invoke(AuthenticatorBase.java:535)
	at org.apache.catalina.core.StandardHostValve.invoke(StandardHostValve.java:115)
	at org.apache.catalina.valves.ErrorReportValve.invoke(ErrorReportValve.java:86)
	at org.apache.catalina.core.StandardEngineValve.invoke(StandardEngineValve.java:71)
	at org.apache.catalina.connector.CoyoteAdapter.service(CoyoteAdapter.java:347)
	at org.apache.coyote.http11.Http11Processor.service(Http11Processor.java:406)
	at org.apache.coyote.AbstractProcessorLight.process(AbstractProcessorLight.java:71)
	at org.apache.coyote.AbstractProtocol$ConnectionHandler.process(AbstractProtocol.java:1307)
	at org.apache.tomcat.util.net.NioEndpoint$SocketProcessor.doRun(NioEndpoint.java:2036)
	at org.apache.tomcat.util.net.SocketProcessorBase.run(SocketProcessorBase.java:74)
	at org.apache.tomcat.util.threads.ThreadPoolExecutor.runWorker(ThreadPoolExecutor.java:949)
	at org.apache.tomcat.util.threads.ThreadPoolExecutor$Worker.run(ThreadPoolExecutor.java:483)
	at org.apache.tomcat.util.threads.TaskThread$WrappingRunnable.run(TaskThread.java:74)
	at java.base/java.lang.Thread.run(Thread.java:1474)
2026-09-17 16:55:15 [http-nio-8080-exec-3] WARN  org.springframework.web.servlet.mvc.method.annotation.ExceptionHandlerExceptionResolver - Resolved [java.lang.RuntimeException: Patient record not found for this user]
2026-09-17 16:55:35 [http-nio-8080-exec-8] INFO  com.patientmanagement.service.AuthService - Login attempt received for email: avdhut@gmail.com
2026-09-17 16:55:35 [http-nio-8080-exec-8] INFO  com.patientmanagement.security.JwtService - Generating JWT token for user: avdhut@gmail.com with role: PATIENT
2026-09-17 16:55:35 [http-nio-8080-exec-8] INFO  com.patientmanagement.service.AuthService - Patient ID 16 found for user ID 6
2026-09-17 16:55:35 [http-nio-8080-exec-8] INFO  com.patientmanagement.service.AuthService - User logged in successfully with email: avdhut@gmail.com and role: PATIENT
2026-09-17 16:55:43 [http-nio-8080-exec-4] INFO  com.patientmanagement.controller.DoctorController - GET /api/doctors - Fetching all active doctors
2026-09-17 16:55:43 [http-nio-8080-exec-4] INFO  com.patientmanagement.service.DoctorService - Fetching all active doctors
2026-09-17 16:55:43 [http-nio-8080-exec-4] INFO  com.patientmanagement.service.DoctorService - Found 5 active doctors
2026-09-17 16:56:34 [http-nio-8080-exec-7] INFO  com.patientmanagement.service.AuthService - Login attempt received for email: rohit@gmail.com
2026-09-17 16:56:34 [http-nio-8080-exec-7] INFO  com.patientmanagement.security.JwtService - Generating JWT token for user: rohit@gmail.com with role: DOCTOR
2026-09-17 16:56:34 [http-nio-8080-exec-7] INFO  com.patientmanagement.service.AuthService - User logged in successfully with email: rohit@gmail.com and role: DOCTOR
2026-09-17 16:56:34 [http-nio-8080-exec-6] INFO  com.patientmanagement.controller.PatientController - GET /api/patients - Fetching active patients
2026-09-17 16:56:34 [http-nio-8080-exec-6] INFO  com.patientmanagement.service.PatientService - Fetching all active patients
2026-09-17 16:56:34 [http-nio-8080-exec-4] INFO  com.patientmanagement.controller.AppointmentController - GET /api/appointments - Fetching all appointments
2026-09-17 16:56:34 [http-nio-8080-exec-4] INFO  com.patientmanagement.service.AppointmentService - Fetching all appointments
2026-09-17 16:56:34 [http-nio-8080-exec-10] INFO  com.patientmanagement.controller.DoctorController - GET /api/doctors - Fetching all active doctors
2026-09-17 16:56:34 [http-nio-8080-exec-10] INFO  com.patientmanagement.service.DoctorService - Fetching all active doctors
2026-09-17 16:56:34 [http-nio-8080-exec-6] INFO  com.patientmanagement.service.PatientService - Found 7 active patients
2026-09-17 16:56:34 [http-nio-8080-exec-10] INFO  com.patientmanagement.service.DoctorService - Found 5 active doctors
2026-09-17 16:56:34 [http-nio-8080-exec-4] INFO  com.patientmanagement.service.AppointmentService - Found 8 appointments
2026-09-17 16:56:34 [http-nio-8080-exec-7] INFO  com.patientmanagement.controller.PatientController - GET /api/patients - Fetching active patients
2026-09-17 16:56:34 [http-nio-8080-exec-7] INFO  com.patientmanagement.service.PatientService - Fetching all active patients
2026-09-17 16:56:34 [http-nio-8080-exec-7] INFO  com.patientmanagement.service.PatientService - Found 7 active patients
2026-09-17 16:56:34 [http-nio-8080-exec-5] INFO  com.patientmanagement.controller.AppointmentController - GET /api/appointments - Fetching all appointments
2026-09-17 16:56:34 [http-nio-8080-exec-5] INFO  com.patientmanagement.service.AppointmentService - Fetching all appointments
2026-09-17 16:56:34 [http-nio-8080-exec-5] INFO  com.patientmanagement.service.AppointmentService - Found 8 appointments
2026-09-17 16:56:34 [http-nio-8080-exec-8] INFO  com.patientmanagement.controller.AppointmentController - GET /api/appointments - Fetching all appointments
2026-09-17 16:56:34 [http-nio-8080-exec-8] INFO  com.patientmanagement.service.AppointmentService - Fetching all appointments
2026-09-17 16:56:34 [http-nio-8080-exec-8] INFO  com.patientmanagement.service.AppointmentService - Found 8 appointments
2026-09-17 16:56:34 [http-nio-8080-exec-1] INFO  com.patientmanagement.controller.AppointmentController - GET /api/appointments - Fetching all appointments
2026-09-17 16:56:34 [http-nio-8080-exec-1] INFO  com.patientmanagement.service.AppointmentService - Fetching all appointments
2026-09-17 16:56:34 [http-nio-8080-exec-1] INFO  com.patientmanagement.service.AppointmentService - Found 8 appointments
2026-09-17 16:56:56 [http-nio-8080-exec-6] INFO  com.patientmanagement.service.AuthService - Login attempt received for email: admin@gmail.com
2026-09-17 16:56:56 [http-nio-8080-exec-6] INFO  com.patientmanagement.security.JwtService - Generating JWT token for user: admin@gmail.com with role: ADMIN
2026-09-17 16:56:56 [http-nio-8080-exec-6] INFO  com.patientmanagement.service.AuthService - User logged in successfully with email: admin@gmail.com and role: ADMIN
2026-09-17 16:56:59 [http-nio-8080-exec-3] INFO  com.patientmanagement.controller.PatientController - GET /api/patients - Fetching active patients
2026-09-17 16:56:59 [http-nio-8080-exec-7] INFO  com.patientmanagement.controller.DoctorController - GET /api/doctors - Fetching all active doctors
2026-09-17 16:56:59 [http-nio-8080-exec-3] INFO  com.patientmanagement.service.PatientService - Fetching all active patients
2026-09-17 16:56:59 [http-nio-8080-exec-7] INFO  com.patientmanagement.service.DoctorService - Fetching all active doctors
2026-09-17 16:56:59 [http-nio-8080-exec-5] INFO  com.patientmanagement.controller.AppointmentController - GET /api/appointments - Fetching all appointments
2026-09-17 16:56:59 [http-nio-8080-exec-5] INFO  com.patientmanagement.service.AppointmentService - Fetching all appointments
2026-09-17 16:56:59 [http-nio-8080-exec-7] INFO  com.patientmanagement.service.DoctorService - Found 5 active doctors
2026-09-17 16:56:59 [http-nio-8080-exec-3] INFO  com.patientmanagement.service.PatientService - Found 7 active patients
2026-09-17 16:56:59 [http-nio-8080-exec-5] INFO  com.patientmanagement.service.AppointmentService - Found 8 appointments
2026-09-17 16:57:12 [http-nio-8080-exec-1] INFO  com.patientmanagement.controller.DoctorController - GET /api/doctors - Fetching all active doctors
2026-09-17 16:57:12 [http-nio-8080-exec-1] INFO  com.patientmanagement.service.DoctorService - Fetching all active doctors
2026-09-17 16:57:12 [http-nio-8080-exec-1] INFO  com.patientmanagement.service.DoctorService - Found 5 active doctors
2026-09-17 16:57:13 [http-nio-8080-exec-6] INFO  com.patientmanagement.controller.PatientController - GET /api/patients - Fetching active patients
2026-09-17 16:57:13 [http-nio-8080-exec-6] INFO  com.patientmanagement.service.PatientService - Fetching all active patients
2026-09-17 16:57:13 [http-nio-8080-exec-6] INFO  com.patientmanagement.service.PatientService - Found 7 active patients
2026-09-17 16:57:16 [http-nio-8080-exec-2] INFO  com.patientmanagement.controller.PatientController - GET /api/patients - Fetching active patients
2026-09-17 16:57:16 [http-nio-8080-exec-2] INFO  com.patientmanagement.service.PatientService - Fetching all active patients
2026-09-17 16:57:16 [http-nio-8080-exec-2] INFO  com.patientmanagement.service.PatientService - Found 7 active patients
2026-09-17 16:57:16 [http-nio-8080-exec-7] INFO  com.patientmanagement.controller.DoctorController - GET /api/doctors - Fetching all active doctors
2026-09-17 16:57:16 [http-nio-8080-exec-7] INFO  com.patientmanagement.service.DoctorService - Fetching all active doctors
2026-09-17 16:57:16 [http-nio-8080-exec-7] INFO  com.patientmanagement.service.DoctorService - Found 5 active doctors
2026-09-17 16:57:16 [http-nio-8080-exec-5] INFO  com.patientmanagement.controller.AppointmentController - GET /api/appointments - Fetching all appointments
2026-09-17 16:57:16 [http-nio-8080-exec-5] INFO  com.patientmanagement.service.AppointmentService - Fetching all appointments
2026-09-17 16:57:16 [http-nio-8080-exec-5] INFO  com.patientmanagement.service.AppointmentService - Found 8 appointments
2026-09-17 16:57:51 [http-nio-8080-exec-6] INFO  com.patientmanagement.service.AuthService - Login attempt received for email: avdhut@gmail.com
2026-09-17 16:57:52 [http-nio-8080-exec-6] INFO  com.patientmanagement.security.JwtService - Generating JWT token for user: avdhut@gmail.com with role: PATIENT
2026-09-17 16:57:52 [http-nio-8080-exec-6] INFO  com.patientmanagement.service.AuthService - Patient ID 16 found for user ID 6
2026-09-17 16:57:52 [http-nio-8080-exec-6] INFO  com.patientmanagement.service.AuthService - User logged in successfully with email: avdhut@gmail.com and role: PATIENT
2026-09-17 16:58:10 [http-nio-8080-exec-4] INFO  com.patientmanagement.service.AuthService - Login attempt received for email: rohit@gmail.com
2026-09-17 16:58:10 [http-nio-8080-exec-4] INFO  com.patientmanagement.security.JwtService - Generating JWT token for user: rohit@gmail.com with role: DOCTOR
2026-09-17 16:58:10 [http-nio-8080-exec-4] INFO  com.patientmanagement.service.AuthService - User logged in successfully with email: rohit@gmail.com and role: DOCTOR
2026-09-17 16:58:10 [http-nio-8080-exec-8] INFO  com.patientmanagement.controller.PatientController - GET /api/patients - Fetching active patients
2026-09-17 16:58:10 [http-nio-8080-exec-8] INFO  com.patientmanagement.service.PatientService - Fetching all active patients
2026-09-17 16:58:10 [http-nio-8080-exec-6] INFO  com.patientmanagement.controller.AppointmentController - GET /api/appointments - Fetching all appointments
2026-09-17 16:58:10 [http-nio-8080-exec-6] INFO  com.patientmanagement.service.AppointmentService - Fetching all appointments
2026-09-17 16:58:10 [http-nio-8080-exec-8] INFO  com.patientmanagement.service.PatientService - Found 7 active patients
2026-09-17 16:58:10 [http-nio-8080-exec-10] INFO  com.patientmanagement.controller.DoctorController - GET /api/doctors - Fetching all active doctors
2026-09-17 16:58:10 [http-nio-8080-exec-10] INFO  com.patientmanagement.service.DoctorService - Fetching all active doctors
2026-09-17 16:58:10 [http-nio-8080-exec-10] INFO  com.patientmanagement.service.DoctorService - Found 5 active doctors
2026-09-17 16:58:10 [http-nio-8080-exec-3] INFO  com.patientmanagement.controller.PatientController - GET /api/patients - Fetching active patients
2026-09-17 16:58:10 [http-nio-8080-exec-3] INFO  com.patientmanagement.service.PatientService - Fetching all active patients
2026-09-17 16:58:11 [http-nio-8080-exec-3] INFO  com.patientmanagement.service.PatientService - Found 7 active patients
2026-09-17 16:58:11 [http-nio-8080-exec-6] INFO  com.patientmanagement.service.AppointmentService - Found 8 appointments
2026-09-17 16:58:11 [http-nio-8080-exec-7] INFO  com.patientmanagement.controller.AppointmentController - GET /api/appointments - Fetching all appointments
2026-09-17 16:58:11 [http-nio-8080-exec-7] INFO  com.patientmanagement.service.AppointmentService - Fetching all appointments
2026-09-17 16:58:11 [http-nio-8080-exec-7] INFO  com.patientmanagement.service.AppointmentService - Found 8 appointments
2026-09-17 16:58:11 [http-nio-8080-exec-5] INFO  com.patientmanagement.controller.AppointmentController - GET /api/appointments - Fetching all appointments
2026-09-17 16:58:11 [http-nio-8080-exec-5] INFO  com.patientmanagement.service.AppointmentService - Fetching all appointments
2026-09-17 16:58:11 [http-nio-8080-exec-5] INFO  com.patientmanagement.service.AppointmentService - Found 8 appointments
2026-09-17 16:58:11 [http-nio-8080-exec-1] INFO  com.patientmanagement.controller.AppointmentController - GET /api/appointments - Fetching all appointments
2026-09-17 16:58:11 [http-nio-8080-exec-1] INFO  com.patientmanagement.service.AppointmentService - Fetching all appointments
2026-09-17 16:58:11 [http-nio-8080-exec-1] INFO  com.patientmanagement.service.AppointmentService - Found 8 appointments
2026-09-17 17:02:54 [http-nio-8080-exec-6] INFO  com.patientmanagement.service.AuthService - Login attempt received for email: avdhut@gmail.com
2026-09-17 17:02:54 [http-nio-8080-exec-6] INFO  com.patientmanagement.security.JwtService - Generating JWT token for user: avdhut@gmail.com with role: PATIENT
2026-09-17 17:02:54 [http-nio-8080-exec-6] INFO  com.patientmanagement.service.AuthService - Patient ID 16 found for user ID 6
2026-09-17 17:02:54 [http-nio-8080-exec-6] INFO  com.patientmanagement.service.AuthService - User logged in successfully with email: avdhut@gmail.com and role: PATIENT
2026-09-17 17:03:02 [http-nio-8080-exec-5] INFO  com.patientmanagement.controller.AppointmentController - GET /api/appointments - Fetching all appointments
2026-09-17 17:03:02 [http-nio-8080-exec-5] INFO  com.patientmanagement.service.AppointmentService - Fetching all appointments
2026-09-17 17:03:02 [http-nio-8080-exec-5] INFO  com.patientmanagement.service.AppointmentService - Found 8 appointments
2026-09-17 17:07:29 [SpringApplicationShutdownHook] INFO  org.springframework.boot.tomcat.GracefulShutdown - Commencing graceful shutdown. Waiting for active requests to complete
2026-09-17 17:07:29 [tomcat-shutdown] INFO  org.springframework.boot.tomcat.GracefulShutdown - Graceful shutdown complete
2026-09-17 17:07:29 [SpringApplicationShutdownHook] INFO  org.springframework.orm.jpa.LocalContainerEntityManagerFactoryBean - Closing JPA EntityManagerFactory for persistence unit 'default'
2026-09-17 17:07:29 [SpringApplicationShutdownHook] INFO  com.zaxxer.hikari.HikariDataSource - HikariPool-1 - Shutdown initiated...
2026-09-17 17:07:29 [SpringApplicationShutdownHook] INFO  com.zaxxer.hikari.HikariDataSource - HikariPool-1 - Shutdown completed.
2026-09-17 17:07:48 [restartedMain] INFO  com.patientmanagement.BackendApplication - Starting BackendApplication using Java 25.0.3 with PID 6504 (C:\Users\Vishal\Desktop\Full Project\PatientDoctorManagement\backend\target\classes started by Vishal in C:\Users\Vishal\Desktop\Full Project\PatientDoctorManagement\backend)
2026-09-17 17:07:48 [restartedMain] INFO  com.patientmanagement.BackendApplication - No active profile set, falling back to 1 default profile: "default"
2026-09-17 17:07:48 [restartedMain] INFO  org.springframework.boot.devtools.env.DevToolsPropertyDefaultsPostProcessor - Devtools property defaults active! Set 'spring.devtools.add-properties' to 'false' to disable
2026-09-17 17:07:48 [restartedMain] INFO  org.springframework.boot.devtools.env.DevToolsPropertyDefaultsPostProcessor - For additional web related logging consider setting the 'logging.level.web' property to 'DEBUG'
2026-09-17 17:07:49 [background-preinit] INFO  org.hibernate.validator.internal.util.Version - HV000001: Hibernate Validator 9.1.3.Final
2026-09-17 17:07:50 [restartedMain] INFO  org.springframework.data.repository.config.RepositoryConfigurationDelegate - Bootstrapping Spring Data JPA repositories in DEFAULT mode.
2026-09-17 17:07:50 [restartedMain] INFO  org.springframework.data.repository.config.RepositoryConfigurationDelegate - Finished Spring Data repository scanning in 69 ms. Found 5 JPA repository interfaces.
2026-09-17 17:07:50 [restartedMain] INFO  org.springframework.boot.tomcat.TomcatWebServer - Tomcat initialized with port 8080 (http)
2026-09-17 17:07:50 [restartedMain] INFO  org.apache.coyote.http11.Http11NioProtocol - Initializing ProtocolHandler ["http-nio-8080"]
2026-09-17 17:07:50 [restartedMain] INFO  org.apache.catalina.core.StandardService - Starting service [Tomcat]
2026-09-17 17:07:50 [restartedMain] INFO  org.apache.catalina.core.StandardEngine - Starting Servlet engine: [Apache Tomcat/11.0.24]
2026-09-17 17:07:50 [restartedMain] INFO  org.springframework.boot.web.context.servlet.WebApplicationContextInitializer - Root WebApplicationContext: initialization completed in 2036 ms
2026-09-17 17:07:51 [restartedMain] INFO  org.hibernate.orm.jpa - HHH008540: Processing PersistenceUnitInfo [name: default]
2026-09-17 17:07:51 [restartedMain] INFO  org.hibernate.orm.core - HHH000001: Hibernate ORM core version 7.4.5.Final
2026-09-17 17:07:51 [restartedMain] INFO  org.springframework.orm.jpa.persistenceunit.SpringPersistenceUnitInfo - No LoadTimeWeaver setup: ignoring JPA class transformer
2026-09-17 17:07:51 [restartedMain] INFO  com.zaxxer.hikari.HikariDataSource - HikariPool-1 - Starting...
2026-09-17 17:07:51 [restartedMain] INFO  com.zaxxer.hikari.pool.HikariPool - HikariPool-1 - Added connection ConnectionID:1 ClientConnectionId: 64b14be5-1b04-412a-86ca-4472dbb7b026
2026-09-17 17:07:51 [restartedMain] INFO  com.zaxxer.hikari.HikariDataSource - HikariPool-1 - Start completed.
2026-09-17 17:07:52 [restartedMain] WARN  org.hibernate.orm.deprecation - HHH90000025: SQLServerDialect does not need to be specified explicitly using 'hibernate.dialect' (remove the property setting and it will be selected by default)
2026-09-17 17:07:52 [restartedMain] INFO  org.hibernate.orm.connections.pooling - HHH10001005: Database info:
	Database JDBC URL [jdbc:sqlserver://localhost:1433;concatNullYieldsNull=ON;quotedIdentifier=ON;connectRetryInterval=10;connectRetryCount=1;maxResultBuffer=-1;sendTemporalDataTypesAsStringForBulkCopy=true;delayLoadingLobs=true;useFmtOnly=false;vectorTypeSupport=v1;cacheBulkCopyMetadata=false;bulkCopyForBatchInsertAllowEncryptedValueModifications=false;bulkCopyForBatchInsertTableLock=false;bulkCopyForBatchInsertKeepNulls=false;bulkCopyForBatchInsertKeepIdentity=false;bulkCopyForBatchInsertFireTriggers=false;bulkCopyForBatchInsertCheckConstraints=false;bulkCopyForBatchInsertBatchSize=0;useBulkCopyForBatchInsert=false;cancelQueryTimeout=-1;sslProtocol=TLS;calcBigDecimalPrecision=false;useDefaultJaasConfig=false;jaasConfigurationName=SQLJDBCDriver;statementPoolingCacheSize=0;serverPreparedStatementDiscardThreshold=10;enablePrepareOnFirstPreparedStatementCall=false;fips=false;socketTimeout=0;authentication=NotSpecified;authenticationScheme=nativeAuthentication;xopenStates=false;datetimeParameterType=datetime2;sendTimeAsDatetime=false;replication=false;trustStoreType=JKS;trustServerCertificate=true;TransparentNetworkIPResolution=true;iPAddressPreference=IPv4First;serverNameAsACE=false;sendStringParametersAsUnicode=true;selectMethod=direct;responseBuffering=adaptive;queryTimeout=-1;packetSize=8000;multiSubnetFailover=false;loginTimeout=30;lockTimeout=-1;lastUpdateCount=true;useDefaultGSSCredential=false;prepareMethod=prepexec;encrypt=true;disableStatementPooling=true;databaseName=PatientManagementDB;columnEncryptionSetting=Disabled;applicationName=Microsoft JDBC Driver for SQL Server;applicationIntent=readwrite;]
	Database driver: Microsoft JDBC Driver 13.4 for SQL Server
	Database dialect: SQLServerDialect
	Database version: 17.0
	Default catalog/schema: PatientManagementDB/dbo
	Autocommit mode: undefined/unknown
	Isolation level: READ_COMMITTED [default READ_COMMITTED]
	JDBC fetch size: 128
	Pool: DataSourceConnectionProvider
	Minimum pool size: undefined/unknown
	Maximum pool size: undefined/unknown
2026-09-17 17:07:53 [restartedMain] INFO  org.hibernate.orm.core - HHH000489: No JTA platform available (set 'hibernate.transaction.jta.platform' to enable JTA platform integration)
2026-09-17 17:07:53 [restartedMain] INFO  org.springframework.orm.jpa.LocalContainerEntityManagerFactoryBean - Initialized JPA EntityManagerFactory for persistence unit 'default'
2026-09-17 17:07:53 [restartedMain] INFO  org.springframework.data.jpa.repository.query.QueryEnhancerFactories - Hibernate is in classpath; If applicable, HQL parser will be used.
2026-09-17 17:07:54 [restartedMain] INFO  org.springframework.security.config.annotation.authentication.configuration.InitializeAuthenticationProviderBeanManagerConfigurer$InitializeAuthenticationProviderManagerConfigurer - Global AuthenticationManager configured with AuthenticationProvider bean with name authenticationProvider
2026-09-17 17:07:54 [restartedMain] WARN  org.springframework.security.config.annotation.authentication.configuration.InitializeUserDetailsBeanManagerConfigurer$InitializeUserDetailsManagerConfigurer - Global AuthenticationManager configured with an AuthenticationProvider bean. UserDetailsService beans will not be used by Spring Security for automatically configuring username/password login. Consider removing the AuthenticationProvider bean. Alternatively, consider using the UserDetailsService in a manually instantiated DaoAuthenticationProvider. If the current configuration is intentional, to turn off this warning, increase the logging level of 'org.springframework.security.config.annotation.authentication.configuration.InitializeUserDetailsBeanManagerConfigurer' to ERROR
2026-09-17 17:07:54 [restartedMain] WARN  org.springframework.boot.jpa.autoconfigure.JpaBaseConfiguration$JpaWebConfiguration - spring.jpa.open-in-view is enabled by default. Therefore, database queries may be performed during view rendering. Explicitly configure spring.jpa.open-in-view to disable this warning
2026-09-17 17:07:55 [restartedMain] INFO  org.apache.coyote.http11.Http11NioProtocol - Starting ProtocolHandler ["http-nio-8080"]
2026-09-17 17:07:55 [restartedMain] INFO  org.springframework.boot.tomcat.TomcatWebServer - Tomcat started on port 8080 (http) with context path '/'
2026-09-17 17:07:55 [restartedMain] INFO  com.patientmanagement.BackendApplication - Started BackendApplication in 7.145 seconds (process running for 8.112)
2026-09-17 17:07:55 [restartedMain] WARN  org.springdoc.core.events.SpringDocAppInitializer - SpringDoc /v3/api-docs endpoint is enabled by default. To disable it in production, set the property 'springdoc.api-docs.enabled=false'
2026-09-17 17:07:55 [restartedMain] WARN  org.springdoc.core.events.SpringDocAppInitializer - SpringDoc /swagger-ui.html endpoint is enabled by default. To disable it in production, set the property 'springdoc.swagger-ui.enabled=false'
2026-09-17 17:08:21 [http-nio-8080-exec-2] INFO  org.apache.catalina.core.ContainerBase.[Tomcat].[localhost].[/] - Initializing Spring DispatcherServlet 'dispatcherServlet'
2026-09-17 17:08:21 [http-nio-8080-exec-2] INFO  org.springframework.web.servlet.DispatcherServlet - Initializing Servlet 'dispatcherServlet'
2026-09-17 17:08:21 [http-nio-8080-exec-2] INFO  org.springframework.web.servlet.DispatcherServlet - Completed initialization in 2 ms
2026-09-17 17:08:21 [http-nio-8080-exec-1] INFO  com.patientmanagement.service.AuthService - Login attempt received for email: rohit@gmail.com
2026-09-17 17:08:22 [http-nio-8080-exec-1] INFO  com.patientmanagement.security.JwtService - Generating JWT token for user: rohit@gmail.com with role: DOCTOR
2026-09-17 17:08:22 [http-nio-8080-exec-1] INFO  com.patientmanagement.service.AuthService - User logged in successfully with email: rohit@gmail.com and role: DOCTOR
2026-09-17 17:08:22 [http-nio-8080-exec-9] INFO  com.patientmanagement.controller.PatientController - GET /api/patients - Fetching active patients
2026-09-17 17:08:22 [http-nio-8080-exec-9] INFO  com.patientmanagement.service.PatientService - Fetching all active patients
2026-09-17 17:08:22 [http-nio-8080-exec-2] INFO  com.patientmanagement.controller.DoctorController - GET /api/doctors - Fetching all active doctors
2026-09-17 17:08:22 [http-nio-8080-exec-10] INFO  com.patientmanagement.controller.AppointmentController - GET /api/appointments - Fetching all appointments
2026-09-17 17:08:22 [http-nio-8080-exec-2] INFO  com.patientmanagement.service.DoctorService - Fetching all active doctors
2026-09-17 17:08:22 [http-nio-8080-exec-10] INFO  com.patientmanagement.service.AppointmentService - Fetching all appointments
2026-09-17 17:08:22 [http-nio-8080-exec-9] INFO  com.patientmanagement.service.PatientService - Found 7 active patients
2026-09-17 17:08:22 [http-nio-8080-exec-2] INFO  com.patientmanagement.service.DoctorService - Found 5 active doctors
2026-09-17 17:08:22 [http-nio-8080-exec-1] INFO  com.patientmanagement.controller.PatientController - GET /api/patients - Fetching active patients
2026-09-17 17:08:22 [http-nio-8080-exec-1] INFO  com.patientmanagement.service.PatientService - Fetching all active patients
2026-09-17 17:08:22 [http-nio-8080-exec-1] INFO  com.patientmanagement.service.PatientService - Found 7 active patients
2026-09-17 17:08:22 [http-nio-8080-exec-10] INFO  com.patientmanagement.service.AppointmentService - Found 8 appointments
2026-09-17 17:08:22 [http-nio-8080-exec-4] INFO  com.patientmanagement.controller.AppointmentController - GET /api/appointments - Fetching all appointments
2026-09-17 17:08:22 [http-nio-8080-exec-4] INFO  com.patientmanagement.service.AppointmentService - Fetching all appointments
2026-09-17 17:08:22 [http-nio-8080-exec-4] INFO  com.patientmanagement.service.AppointmentService - Found 8 appointments
2026-09-17 17:08:22 [http-nio-8080-exec-7] INFO  com.patientmanagement.controller.AppointmentController - GET /api/appointments - Fetching all appointments
2026-09-17 17:08:22 [http-nio-8080-exec-7] INFO  com.patientmanagement.service.AppointmentService - Fetching all appointments
2026-09-17 17:08:22 [http-nio-8080-exec-7] INFO  com.patientmanagement.service.AppointmentService - Found 8 appointments
2026-09-17 17:08:22 [http-nio-8080-exec-6] INFO  com.patientmanagement.controller.AppointmentController - GET /api/appointments - Fetching all appointments
2026-09-17 17:08:22 [http-nio-8080-exec-6] INFO  com.patientmanagement.service.AppointmentService - Fetching all appointments
2026-09-17 17:08:22 [http-nio-8080-exec-6] INFO  com.patientmanagement.service.AppointmentService - Found 8 appointments
2026-09-17 17:08:53 [http-nio-8080-exec-2] INFO  com.patientmanagement.service.AuthService - Login attempt received for email: avdhut@gmail.com
2026-09-17 17:08:53 [http-nio-8080-exec-2] INFO  com.patientmanagement.security.JwtService - Generating JWT token for user: avdhut@gmail.com with role: PATIENT
2026-09-17 17:08:53 [http-nio-8080-exec-2] INFO  com.patientmanagement.service.AuthService - Patient ID 16 found for user ID 6
2026-09-17 17:08:53 [http-nio-8080-exec-2] INFO  com.patientmanagement.service.AuthService - User logged in successfully with email: avdhut@gmail.com and role: PATIENT
2026-09-17 17:08:58 [http-nio-8080-exec-5] INFO  com.patientmanagement.controller.DoctorController - GET /api/doctors - Fetching all active doctors
2026-09-17 17:08:58 [http-nio-8080-exec-5] INFO  com.patientmanagement.service.DoctorService - Fetching all active doctors
2026-09-17 17:08:58 [http-nio-8080-exec-5] INFO  com.patientmanagement.service.DoctorService - Found 5 active doctors
2026-09-17 17:09:02 [http-nio-8080-exec-1] INFO  com.patientmanagement.controller.DoctorController - GET /api/doctors - Fetching all active doctors
2026-09-17 17:09:02 [http-nio-8080-exec-1] INFO  com.patientmanagement.service.DoctorService - Fetching all active doctors
2026-09-17 17:09:02 [http-nio-8080-exec-1] INFO  com.patientmanagement.service.DoctorService - Found 5 active doctors
2026-09-17 17:09:06 [http-nio-8080-exec-10] INFO  com.patientmanagement.controller.AppointmentController - GET /api/appointments - Fetching all appointments
2026-09-17 17:09:06 [http-nio-8080-exec-10] INFO  com.patientmanagement.service.AppointmentService - Fetching all appointments
2026-09-17 17:09:06 [http-nio-8080-exec-10] INFO  com.patientmanagement.service.AppointmentService - Found 8 appointments
2026-09-17 17:09:37 [http-nio-8080-exec-1] INFO  com.patientmanagement.service.AuthService - Login attempt received for email: admin@gmail.com
2026-09-17 17:09:37 [http-nio-8080-exec-1] INFO  com.patientmanagement.security.JwtService - Generating JWT token for user: admin@gmail.com with role: ADMIN
2026-09-17 17:09:37 [http-nio-8080-exec-1] INFO  com.patientmanagement.service.AuthService - User logged in successfully with email: admin@gmail.com and role: ADMIN
2026-09-17 17:09:40 [http-nio-8080-exec-10] INFO  com.patientmanagement.controller.DoctorController - GET /api/doctors - Fetching all active doctors
2026-09-17 17:09:40 [http-nio-8080-exec-10] INFO  com.patientmanagement.service.DoctorService - Fetching all active doctors
2026-09-17 17:09:40 [http-nio-8080-exec-10] INFO  com.patientmanagement.service.DoctorService - Found 5 active doctors
2026-09-17 17:09:44 [http-nio-8080-exec-7] INFO  com.patientmanagement.controller.PatientController - GET /api/patients - Fetching active patients
2026-09-17 17:09:44 [http-nio-8080-exec-7] INFO  com.patientmanagement.service.PatientService - Fetching all active patients
2026-09-17 17:09:44 [http-nio-8080-exec-7] INFO  com.patientmanagement.service.PatientService - Found 7 active patients
2026-09-17 17:09:51 [http-nio-8080-exec-2] INFO  com.patientmanagement.controller.PatientController - GET /api/patients - Fetching active patients
2026-09-17 17:09:51 [http-nio-8080-exec-10] INFO  com.patientmanagement.controller.AppointmentController - GET /api/appointments - Fetching all appointments
2026-09-17 17:09:51 [http-nio-8080-exec-2] INFO  com.patientmanagement.service.PatientService - Fetching all active patients
2026-09-17 17:09:51 [http-nio-8080-exec-10] INFO  com.patientmanagement.service.AppointmentService - Fetching all appointments
2026-09-17 17:09:51 [http-nio-8080-exec-3] INFO  com.patientmanagement.controller.DoctorController - GET /api/doctors - Fetching all active doctors
2026-09-17 17:09:51 [http-nio-8080-exec-3] INFO  com.patientmanagement.service.DoctorService - Fetching all active doctors
2026-09-17 17:09:51 [http-nio-8080-exec-3] INFO  com.patientmanagement.service.DoctorService - Found 5 active doctors
2026-09-17 17:09:51 [http-nio-8080-exec-2] INFO  com.patientmanagement.service.PatientService - Found 7 active patients
2026-09-17 17:09:51 [http-nio-8080-exec-10] INFO  com.patientmanagement.service.AppointmentService - Found 8 appointments
2026-09-17 17:11:23 [SpringApplicationShutdownHook] INFO  org.springframework.boot.tomcat.GracefulShutdown - Commencing graceful shutdown. Waiting for active requests to complete
2026-09-17 17:11:23 [tomcat-shutdown] INFO  org.springframework.boot.tomcat.GracefulShutdown - Graceful shutdown complete
2026-09-17 17:11:23 [SpringApplicationShutdownHook] INFO  org.springframework.orm.jpa.LocalContainerEntityManagerFactoryBean - Closing JPA EntityManagerFactory for persistence unit 'default'
2026-09-17 17:11:23 [SpringApplicationShutdownHook] INFO  com.zaxxer.hikari.HikariDataSource - HikariPool-1 - Shutdown initiated...
2026-09-17 17:11:23 [SpringApplicationShutdownHook] INFO  com.zaxxer.hikari.HikariDataSource - HikariPool-1 - Shutdown completed.
2026-09-17 21:50:28 [restartedMain] INFO  com.patientmanagement.BackendApplication - Starting BackendApplication using Java 25.0.3 with PID 10764 (C:\Users\Vishal\Desktop\Full Project\PatientDoctorManagement\backend\target\classes started by Vishal in C:\Users\Vishal\Desktop\Full Project\PatientDoctorManagement\backend)
2026-09-17 21:50:28 [restartedMain] INFO  com.patientmanagement.BackendApplication - No active profile set, falling back to 1 default profile: "default"
2026-09-17 21:50:29 [restartedMain] INFO  org.springframework.boot.devtools.env.DevToolsPropertyDefaultsPostProcessor - Devtools property defaults active! Set 'spring.devtools.add-properties' to 'false' to disable
2026-09-17 21:50:29 [restartedMain] INFO  org.springframework.boot.devtools.env.DevToolsPropertyDefaultsPostProcessor - For additional web related logging consider setting the 'logging.level.web' property to 'DEBUG'
2026-09-17 21:50:29 [background-preinit] INFO  org.hibernate.validator.internal.util.Version - HV000001: Hibernate Validator 9.1.3.Final
2026-09-17 21:50:30 [restartedMain] INFO  org.springframework.data.repository.config.RepositoryConfigurationDelegate - Bootstrapping Spring Data JPA repositories in DEFAULT mode.
2026-09-17 21:50:31 [restartedMain] INFO  org.springframework.data.repository.config.RepositoryConfigurationDelegate - Finished Spring Data repository scanning in 192 ms. Found 5 JPA repository interfaces.
2026-09-17 21:50:33 [restartedMain] INFO  org.springframework.boot.tomcat.TomcatWebServer - Tomcat initialized with port 8080 (http)
2026-09-17 21:50:33 [restartedMain] INFO  org.apache.coyote.http11.Http11NioProtocol - Initializing ProtocolHandler ["http-nio-8080"]
2026-09-17 21:50:33 [restartedMain] INFO  org.apache.catalina.core.StandardService - Starting service [Tomcat]
2026-09-17 21:50:33 [restartedMain] INFO  org.apache.catalina.core.StandardEngine - Starting Servlet engine: [Apache Tomcat/11.0.24]
2026-09-17 21:50:33 [restartedMain] INFO  org.springframework.boot.web.context.servlet.WebApplicationContextInitializer - Root WebApplicationContext: initialization completed in 4508 ms
2026-09-17 21:50:34 [restartedMain] INFO  org.hibernate.orm.jpa - HHH008540: Processing PersistenceUnitInfo [name: default]
2026-09-17 21:50:34 [restartedMain] INFO  org.hibernate.orm.core - HHH000001: Hibernate ORM core version 7.4.5.Final
2026-09-17 21:50:35 [restartedMain] INFO  org.springframework.orm.jpa.persistenceunit.SpringPersistenceUnitInfo - No LoadTimeWeaver setup: ignoring JPA class transformer
2026-09-17 21:50:35 [restartedMain] INFO  com.zaxxer.hikari.HikariDataSource - HikariPool-1 - Starting...
2026-09-17 21:50:36 [restartedMain] INFO  com.zaxxer.hikari.pool.HikariPool - HikariPool-1 - Added connection ConnectionID:1 ClientConnectionId: 8cce2e96-ad28-46e6-b883-46aca8c6222c
2026-09-17 21:50:36 [restartedMain] INFO  com.zaxxer.hikari.HikariDataSource - HikariPool-1 - Start completed.
2026-09-17 21:50:36 [restartedMain] WARN  org.hibernate.orm.deprecation - HHH90000025: SQLServerDialect does not need to be specified explicitly using 'hibernate.dialect' (remove the property setting and it will be selected by default)
2026-09-17 21:50:36 [restartedMain] INFO  org.hibernate.orm.connections.pooling - HHH10001005: Database info:
	Database JDBC URL [jdbc:sqlserver://localhost:1433;concatNullYieldsNull=ON;quotedIdentifier=ON;connectRetryInterval=10;connectRetryCount=1;maxResultBuffer=-1;sendTemporalDataTypesAsStringForBulkCopy=true;delayLoadingLobs=true;useFmtOnly=false;vectorTypeSupport=v1;cacheBulkCopyMetadata=false;bulkCopyForBatchInsertAllowEncryptedValueModifications=false;bulkCopyForBatchInsertTableLock=false;bulkCopyForBatchInsertKeepNulls=false;bulkCopyForBatchInsertKeepIdentity=false;bulkCopyForBatchInsertFireTriggers=false;bulkCopyForBatchInsertCheckConstraints=false;bulkCopyForBatchInsertBatchSize=0;useBulkCopyForBatchInsert=false;cancelQueryTimeout=-1;sslProtocol=TLS;calcBigDecimalPrecision=false;useDefaultJaasConfig=false;jaasConfigurationName=SQLJDBCDriver;statementPoolingCacheSize=0;serverPreparedStatementDiscardThreshold=10;enablePrepareOnFirstPreparedStatementCall=false;fips=false;socketTimeout=0;authentication=NotSpecified;authenticationScheme=nativeAuthentication;xopenStates=false;datetimeParameterType=datetime2;sendTimeAsDatetime=false;replication=false;trustStoreType=JKS;trustServerCertificate=true;TransparentNetworkIPResolution=true;iPAddressPreference=IPv4First;serverNameAsACE=false;sendStringParametersAsUnicode=true;selectMethod=direct;responseBuffering=adaptive;queryTimeout=-1;packetSize=8000;multiSubnetFailover=false;loginTimeout=30;lockTimeout=-1;lastUpdateCount=true;useDefaultGSSCredential=false;prepareMethod=prepexec;encrypt=true;disableStatementPooling=true;databaseName=PatientManagementDB;columnEncryptionSetting=Disabled;applicationName=Microsoft JDBC Driver for SQL Server;applicationIntent=readwrite;]
	Database driver: Microsoft JDBC Driver 13.4 for SQL Server
	Database dialect: SQLServerDialect
	Database version: 17.0
	Default catalog/schema: PatientManagementDB/dbo
	Autocommit mode: undefined/unknown
	Isolation level: READ_COMMITTED [default READ_COMMITTED]
	JDBC fetch size: 128
	Pool: DataSourceConnectionProvider
	Minimum pool size: undefined/unknown
	Maximum pool size: undefined/unknown
2026-09-17 21:50:38 [restartedMain] INFO  org.hibernate.orm.core - HHH000489: No JTA platform available (set 'hibernate.transaction.jta.platform' to enable JTA platform integration)
2026-09-17 21:50:39 [restartedMain] INFO  org.springframework.orm.jpa.LocalContainerEntityManagerFactoryBean - Initialized JPA EntityManagerFactory for persistence unit 'default'
2026-09-17 21:50:39 [restartedMain] INFO  org.springframework.data.jpa.repository.query.QueryEnhancerFactories - Hibernate is in classpath; If applicable, HQL parser will be used.
2026-09-17 21:50:40 [restartedMain] INFO  org.springframework.security.config.annotation.authentication.configuration.InitializeAuthenticationProviderBeanManagerConfigurer$InitializeAuthenticationProviderManagerConfigurer - Global AuthenticationManager configured with AuthenticationProvider bean with name authenticationProvider
2026-09-17 21:50:40 [restartedMain] WARN  org.springframework.security.config.annotation.authentication.configuration.InitializeUserDetailsBeanManagerConfigurer$InitializeUserDetailsManagerConfigurer - Global AuthenticationManager configured with an AuthenticationProvider bean. UserDetailsService beans will not be used by Spring Security for automatically configuring username/password login. Consider removing the AuthenticationProvider bean. Alternatively, consider using the UserDetailsService in a manually instantiated DaoAuthenticationProvider. If the current configuration is intentional, to turn off this warning, increase the logging level of 'org.springframework.security.config.annotation.authentication.configuration.InitializeUserDetailsBeanManagerConfigurer' to ERROR
2026-09-17 21:50:40 [restartedMain] WARN  org.springframework.boot.jpa.autoconfigure.JpaBaseConfiguration$JpaWebConfiguration - spring.jpa.open-in-view is enabled by default. Therefore, database queries may be performed during view rendering. Explicitly configure spring.jpa.open-in-view to disable this warning
2026-09-17 21:50:41 [restartedMain] INFO  org.apache.coyote.http11.Http11NioProtocol - Starting ProtocolHandler ["http-nio-8080"]
2026-09-17 21:50:41 [restartedMain] INFO  org.springframework.boot.tomcat.TomcatWebServer - Tomcat started on port 8080 (http) with context path '/'
2026-09-17 21:50:41 [restartedMain] INFO  com.patientmanagement.BackendApplication - Started BackendApplication in 14.849 seconds (process running for 16.679)
2026-09-17 21:50:41 [restartedMain] WARN  org.springdoc.core.events.SpringDocAppInitializer - SpringDoc /v3/api-docs endpoint is enabled by default. To disable it in production, set the property 'springdoc.api-docs.enabled=false'
2026-09-17 21:50:41 [restartedMain] WARN  org.springdoc.core.events.SpringDocAppInitializer - SpringDoc /swagger-ui.html endpoint is enabled by default. To disable it in production, set the property 'springdoc.swagger-ui.enabled=false'
2026-09-17 21:50:58 [http-nio-8080-exec-1] INFO  org.apache.catalina.core.ContainerBase.[Tomcat].[localhost].[/] - Initializing Spring DispatcherServlet 'dispatcherServlet'
2026-09-17 21:50:58 [http-nio-8080-exec-1] INFO  org.springframework.web.servlet.DispatcherServlet - Initializing Servlet 'dispatcherServlet'
2026-09-17 21:50:58 [http-nio-8080-exec-1] INFO  org.springframework.web.servlet.DispatcherServlet - Completed initialization in 7 ms
2026-09-17 21:50:59 [http-nio-8080-exec-2] INFO  com.patientmanagement.service.AuthService - Login attempt received for email: admin@gmail.com
2026-09-17 21:51:01 [http-nio-8080-exec-2] INFO  com.patientmanagement.security.JwtService - Generating JWT token for user: admin@gmail.com with role: ADMIN
2026-09-17 21:51:02 [http-nio-8080-exec-2] INFO  com.patientmanagement.service.AuthService - User logged in successfully with email: admin@gmail.com and role: ADMIN
2026-09-17 21:51:07 [http-nio-8080-exec-4] INFO  com.patientmanagement.controller.DoctorController - GET /api/doctors - Fetching all active doctors
2026-09-17 21:51:07 [http-nio-8080-exec-4] INFO  com.patientmanagement.service.DoctorService - Fetching all active doctors
2026-09-17 21:51:07 [http-nio-8080-exec-4] INFO  com.patientmanagement.service.DoctorService - Found 5 active doctors
2026-09-17 21:51:09 [http-nio-8080-exec-8] INFO  com.patientmanagement.controller.PatientController - GET /api/patients - Fetching active patients
2026-09-17 21:51:09 [http-nio-8080-exec-8] INFO  com.patientmanagement.service.PatientService - Fetching all active patients
2026-09-17 21:51:09 [http-nio-8080-exec-8] INFO  com.patientmanagement.service.PatientService - Found 8 active patients
2026-09-17 21:51:16 [http-nio-8080-exec-2] INFO  com.patientmanagement.controller.PatientController - GET /api/patients - Fetching active patients
2026-09-17 21:51:16 [http-nio-8080-exec-2] INFO  com.patientmanagement.service.PatientService - Fetching all active patients
2026-09-17 21:51:16 [http-nio-8080-exec-2] INFO  com.patientmanagement.service.PatientService - Found 8 active patients
2026-09-17 21:51:16 [http-nio-8080-exec-3] INFO  com.patientmanagement.controller.DoctorController - GET /api/doctors - Fetching all active doctors
2026-09-17 21:51:16 [http-nio-8080-exec-4] INFO  com.patientmanagement.controller.AppointmentController - GET /api/appointments - Fetching all appointments
2026-09-17 21:51:16 [http-nio-8080-exec-3] INFO  com.patientmanagement.service.DoctorService - Fetching all active doctors
2026-09-17 21:51:16 [http-nio-8080-exec-4] INFO  com.patientmanagement.service.AppointmentService - Fetching all appointments
2026-09-17 21:51:16 [http-nio-8080-exec-3] INFO  com.patientmanagement.service.DoctorService - Found 5 active doctors
2026-09-17 21:51:16 [http-nio-8080-exec-4] INFO  com.patientmanagement.service.AppointmentService - Found 9 appointments
2026-09-17 21:51:31 [http-nio-8080-exec-8] INFO  com.patientmanagement.service.AuthService - Login attempt received for email: rohit@gmail.com
2026-09-17 21:51:31 [http-nio-8080-exec-8] INFO  com.patientmanagement.security.JwtService - Generating JWT token for user: rohit@gmail.com with role: DOCTOR
2026-09-17 21:51:31 [http-nio-8080-exec-8] INFO  com.patientmanagement.service.AuthService - User logged in successfully with email: rohit@gmail.com and role: DOCTOR
2026-09-17 21:51:31 [http-nio-8080-exec-4] INFO  com.patientmanagement.controller.AppointmentController - GET /api/appointments - Fetching all appointments
2026-09-17 21:51:31 [http-nio-8080-exec-3] INFO  com.patientmanagement.controller.PatientController - GET /api/patients - Fetching active patients
2026-09-17 21:51:31 [http-nio-8080-exec-4] INFO  com.patientmanagement.service.AppointmentService - Fetching all appointments
2026-09-17 21:51:31 [http-nio-8080-exec-3] INFO  com.patientmanagement.service.PatientService - Fetching all active patients
2026-09-17 21:51:31 [http-nio-8080-exec-5] INFO  com.patientmanagement.controller.DoctorController - GET /api/doctors - Fetching all active doctors
2026-09-17 21:51:31 [http-nio-8080-exec-5] INFO  com.patientmanagement.service.DoctorService - Fetching all active doctors
2026-09-17 21:51:31 [http-nio-8080-exec-3] INFO  com.patientmanagement.service.PatientService - Found 8 active patients
2026-09-17 21:51:31 [http-nio-8080-exec-5] INFO  com.patientmanagement.service.DoctorService - Found 5 active doctors
2026-09-17 21:51:31 [http-nio-8080-exec-4] INFO  com.patientmanagement.service.AppointmentService - Found 9 appointments
2026-09-17 21:51:31 [http-nio-8080-exec-8] INFO  com.patientmanagement.controller.AppointmentController - GET /api/appointments - Fetching all appointments
2026-09-17 21:51:31 [http-nio-8080-exec-8] INFO  com.patientmanagement.service.AppointmentService - Fetching all appointments
2026-09-17 21:51:31 [http-nio-8080-exec-6] INFO  com.patientmanagement.controller.PatientController - GET /api/patients - Fetching active patients
2026-09-17 21:51:31 [http-nio-8080-exec-6] INFO  com.patientmanagement.service.PatientService - Fetching all active patients
2026-09-17 21:51:31 [http-nio-8080-exec-6] INFO  com.patientmanagement.service.PatientService - Found 8 active patients
2026-09-17 21:51:31 [http-nio-8080-exec-8] INFO  com.patientmanagement.service.AppointmentService - Found 9 appointments
2026-09-17 21:51:31 [http-nio-8080-exec-10] INFO  com.patientmanagement.controller.AppointmentController - GET /api/appointments - Fetching all appointments
2026-09-17 21:51:31 [http-nio-8080-exec-10] INFO  com.patientmanagement.service.AppointmentService - Fetching all appointments
2026-09-17 21:51:31 [http-nio-8080-exec-10] INFO  com.patientmanagement.service.AppointmentService - Found 9 appointments
2026-09-17 21:51:31 [http-nio-8080-exec-10] INFO  com.patientmanagement.controller.AppointmentController - GET /api/appointments - Fetching all appointments
2026-09-17 21:51:31 [http-nio-8080-exec-10] INFO  com.patientmanagement.service.AppointmentService - Fetching all appointments
2026-09-17 21:51:32 [http-nio-8080-exec-10] INFO  com.patientmanagement.service.AppointmentService - Found 9 appointments
2026-09-17 21:52:16 [SpringApplicationShutdownHook] INFO  org.springframework.boot.tomcat.GracefulShutdown - Commencing graceful shutdown. Waiting for active requests to complete
2026-09-17 21:52:16 [tomcat-shutdown] INFO  org.springframework.boot.tomcat.GracefulShutdown - Graceful shutdown complete
2026-09-17 21:52:16 [SpringApplicationShutdownHook] INFO  org.springframework.orm.jpa.LocalContainerEntityManagerFactoryBean - Closing JPA EntityManagerFactory for persistence unit 'default'
2026-09-17 21:52:16 [SpringApplicationShutdownHook] INFO  com.zaxxer.hikari.HikariDataSource - HikariPool-1 - Shutdown initiated...
2026-09-17 21:52:16 [SpringApplicationShutdownHook] INFO  com.zaxxer.hikari.HikariDataSource - HikariPool-1 - Shutdown completed.
2026-09-17 22:21:54 [restartedMain] INFO  com.patientmanagement.BackendApplication - Starting BackendApplication using Java 25.0.3 with PID 27880 (C:\Users\Vishal\Desktop\Full Project\PatientDoctorManagement\backend\target\classes started by Vishal in C:\Users\Vishal\Desktop\Full Project\PatientDoctorManagement\backend)
2026-09-17 22:21:54 [restartedMain] INFO  com.patientmanagement.BackendApplication - No active profile set, falling back to 1 default profile: "default"
2026-09-17 22:21:54 [restartedMain] INFO  org.springframework.boot.devtools.env.DevToolsPropertyDefaultsPostProcessor - Devtools property defaults active! Set 'spring.devtools.add-properties' to 'false' to disable
2026-09-17 22:21:54 [restartedMain] INFO  org.springframework.boot.devtools.env.DevToolsPropertyDefaultsPostProcessor - For additional web related logging consider setting the 'logging.level.web' property to 'DEBUG'
2026-09-17 22:21:54 [background-preinit] INFO  org.hibernate.validator.internal.util.Version - HV000001: Hibernate Validator 9.1.3.Final
2026-09-17 22:21:56 [restartedMain] INFO  org.springframework.data.repository.config.RepositoryConfigurationDelegate - Bootstrapping Spring Data JPA repositories in DEFAULT mode.
2026-09-17 22:21:57 [restartedMain] INFO  org.springframework.data.repository.config.RepositoryConfigurationDelegate - Finished Spring Data repository scanning in 128 ms. Found 5 JPA repository interfaces.
2026-09-17 22:21:58 [restartedMain] INFO  org.springframework.boot.tomcat.TomcatWebServer - Tomcat initialized with port 8080 (http)
2026-09-17 22:21:58 [restartedMain] INFO  org.apache.coyote.http11.Http11NioProtocol - Initializing ProtocolHandler ["http-nio-8080"]
2026-09-17 22:21:58 [restartedMain] INFO  org.apache.catalina.core.StandardService - Starting service [Tomcat]
2026-09-17 22:21:58 [restartedMain] INFO  org.apache.catalina.core.StandardEngine - Starting Servlet engine: [Apache Tomcat/11.0.24]
2026-09-17 22:21:58 [restartedMain] INFO  org.springframework.boot.web.context.servlet.WebApplicationContextInitializer - Root WebApplicationContext: initialization completed in 4027 ms
2026-09-17 22:21:58 [restartedMain] INFO  org.hibernate.orm.jpa - HHH008540: Processing PersistenceUnitInfo [name: default]
2026-09-17 22:21:59 [restartedMain] INFO  org.hibernate.orm.core - HHH000001: Hibernate ORM core version 7.4.5.Final
2026-09-17 22:21:59 [restartedMain] INFO  org.springframework.orm.jpa.persistenceunit.SpringPersistenceUnitInfo - No LoadTimeWeaver setup: ignoring JPA class transformer
2026-09-17 22:22:00 [restartedMain] INFO  com.zaxxer.hikari.HikariDataSource - HikariPool-1 - Starting...
2026-09-17 22:22:01 [restartedMain] INFO  com.zaxxer.hikari.pool.HikariPool - HikariPool-1 - Added connection ConnectionID:1 ClientConnectionId: f7069127-3548-427c-93c1-0b92db71964d
2026-09-17 22:22:01 [restartedMain] INFO  com.zaxxer.hikari.HikariDataSource - HikariPool-1 - Start completed.
2026-09-17 22:22:01 [restartedMain] WARN  org.hibernate.orm.deprecation - HHH90000025: SQLServerDialect does not need to be specified explicitly using 'hibernate.dialect' (remove the property setting and it will be selected by default)
2026-09-17 22:22:01 [restartedMain] INFO  org.hibernate.orm.connections.pooling - HHH10001005: Database info:
	Database JDBC URL [jdbc:sqlserver://localhost:1433;concatNullYieldsNull=ON;quotedIdentifier=ON;connectRetryInterval=10;connectRetryCount=1;maxResultBuffer=-1;sendTemporalDataTypesAsStringForBulkCopy=true;delayLoadingLobs=true;useFmtOnly=false;vectorTypeSupport=v1;cacheBulkCopyMetadata=false;bulkCopyForBatchInsertAllowEncryptedValueModifications=false;bulkCopyForBatchInsertTableLock=false;bulkCopyForBatchInsertKeepNulls=false;bulkCopyForBatchInsertKeepIdentity=false;bulkCopyForBatchInsertFireTriggers=false;bulkCopyForBatchInsertCheckConstraints=false;bulkCopyForBatchInsertBatchSize=0;useBulkCopyForBatchInsert=false;cancelQueryTimeout=-1;sslProtocol=TLS;calcBigDecimalPrecision=false;useDefaultJaasConfig=false;jaasConfigurationName=SQLJDBCDriver;statementPoolingCacheSize=0;serverPreparedStatementDiscardThreshold=10;enablePrepareOnFirstPreparedStatementCall=false;fips=false;socketTimeout=0;authentication=NotSpecified;authenticationScheme=nativeAuthentication;xopenStates=false;datetimeParameterType=datetime2;sendTimeAsDatetime=false;replication=false;trustStoreType=JKS;trustServerCertificate=true;TransparentNetworkIPResolution=true;iPAddressPreference=IPv4First;serverNameAsACE=false;sendStringParametersAsUnicode=true;selectMethod=direct;responseBuffering=adaptive;queryTimeout=-1;packetSize=8000;multiSubnetFailover=false;loginTimeout=30;lockTimeout=-1;lastUpdateCount=true;useDefaultGSSCredential=false;prepareMethod=prepexec;encrypt=true;disableStatementPooling=true;databaseName=PatientManagementDB;columnEncryptionSetting=Disabled;applicationName=Microsoft JDBC Driver for SQL Server;applicationIntent=readwrite;]
	Database driver: Microsoft JDBC Driver 13.4 for SQL Server
	Database dialect: SQLServerDialect
	Database version: 17.0
	Default catalog/schema: PatientManagementDB/dbo
	Autocommit mode: undefined/unknown
	Isolation level: READ_COMMITTED [default READ_COMMITTED]
	JDBC fetch size: 128
	Pool: DataSourceConnectionProvider
	Minimum pool size: undefined/unknown
	Maximum pool size: undefined/unknown
2026-09-17 22:22:03 [restartedMain] INFO  org.hibernate.orm.core - HHH000489: No JTA platform available (set 'hibernate.transaction.jta.platform' to enable JTA platform integration)
2026-09-17 22:22:04 [restartedMain] INFO  org.springframework.orm.jpa.LocalContainerEntityManagerFactoryBean - Initialized JPA EntityManagerFactory for persistence unit 'default'
2026-09-17 22:22:04 [restartedMain] INFO  org.springframework.data.jpa.repository.query.QueryEnhancerFactories - Hibernate is in classpath; If applicable, HQL parser will be used.
2026-09-17 22:22:05 [restartedMain] INFO  org.springframework.security.config.annotation.authentication.configuration.InitializeAuthenticationProviderBeanManagerConfigurer$InitializeAuthenticationProviderManagerConfigurer - Global AuthenticationManager configured with AuthenticationProvider bean with name authenticationProvider
2026-09-17 22:22:05 [restartedMain] WARN  org.springframework.security.config.annotation.authentication.configuration.InitializeUserDetailsBeanManagerConfigurer$InitializeUserDetailsManagerConfigurer - Global AuthenticationManager configured with an AuthenticationProvider bean. UserDetailsService beans will not be used by Spring Security for automatically configuring username/password login. Consider removing the AuthenticationProvider bean. Alternatively, consider using the UserDetailsService in a manually instantiated DaoAuthenticationProvider. If the current configuration is intentional, to turn off this warning, increase the logging level of 'org.springframework.security.config.annotation.authentication.configuration.InitializeUserDetailsBeanManagerConfigurer' to ERROR
2026-09-17 22:22:05 [restartedMain] WARN  org.springframework.boot.jpa.autoconfigure.JpaBaseConfiguration$JpaWebConfiguration - spring.jpa.open-in-view is enabled by default. Therefore, database queries may be performed during view rendering. Explicitly configure spring.jpa.open-in-view to disable this warning
2026-09-17 22:22:06 [restartedMain] INFO  org.apache.coyote.http11.Http11NioProtocol - Starting ProtocolHandler ["http-nio-8080"]
2026-09-17 22:22:06 [restartedMain] INFO  org.springframework.boot.tomcat.TomcatWebServer - Tomcat started on port 8080 (http) with context path '/'
2026-09-17 22:22:06 [restartedMain] INFO  com.patientmanagement.BackendApplication - Started BackendApplication in 13.471 seconds (process running for 15.523)
2026-09-17 22:22:06 [restartedMain] WARN  org.springdoc.core.events.SpringDocAppInitializer - SpringDoc /v3/api-docs endpoint is enabled by default. To disable it in production, set the property 'springdoc.api-docs.enabled=false'
2026-09-17 22:22:06 [restartedMain] WARN  org.springdoc.core.events.SpringDocAppInitializer - SpringDoc /swagger-ui.html endpoint is enabled by default. To disable it in production, set the property 'springdoc.swagger-ui.enabled=false'
2026-09-17 22:22:20 [http-nio-8080-exec-1] INFO  org.apache.catalina.core.ContainerBase.[Tomcat].[localhost].[/] - Initializing Spring DispatcherServlet 'dispatcherServlet'
2026-09-17 22:22:20 [http-nio-8080-exec-1] INFO  org.springframework.web.servlet.DispatcherServlet - Initializing Servlet 'dispatcherServlet'
2026-09-17 22:22:20 [http-nio-8080-exec-1] INFO  org.springframework.web.servlet.DispatcherServlet - Completed initialization in 5 ms
2026-09-17 22:22:21 [http-nio-8080-exec-2] INFO  com.patientmanagement.service.AuthService - Login attempt received for email: admin@gmail.com
2026-09-17 22:22:22 [http-nio-8080-exec-2] INFO  com.patientmanagement.security.JwtService - Generating JWT token for user: admin@gmail.com with role: ADMIN
2026-09-17 22:22:23 [http-nio-8080-exec-2] INFO  com.patientmanagement.service.AuthService - User logged in successfully with email: admin@gmail.com and role: ADMIN
2026-09-17 22:22:33 [http-nio-8080-exec-4] INFO  com.patientmanagement.service.AuthService - Login attempt received for email: admin@gmail.com
2026-09-17 22:22:33 [http-nio-8080-exec-4] INFO  com.patientmanagement.security.JwtService - Generating JWT token for user: admin@gmail.com with role: ADMIN
2026-09-17 22:22:33 [http-nio-8080-exec-4] INFO  com.patientmanagement.service.AuthService - User logged in successfully with email: admin@gmail.com and role: ADMIN
2026-09-17 22:22:48 [http-nio-8080-exec-9] INFO  com.patientmanagement.controller.DoctorController - GET /api/doctors - Fetching all active doctors
2026-09-17 22:22:48 [http-nio-8080-exec-9] INFO  com.patientmanagement.service.DoctorService - Fetching all active doctors
2026-09-17 22:22:48 [http-nio-8080-exec-9] INFO  com.patientmanagement.service.DoctorService - Found 5 active doctors
2026-09-17 22:22:55 [http-nio-8080-exec-8] INFO  com.patientmanagement.controller.PatientController - GET /api/patients - Fetching active patients
2026-09-17 22:22:55 [http-nio-8080-exec-8] INFO  com.patientmanagement.service.PatientService - Fetching all active patients
2026-09-17 22:22:55 [http-nio-8080-exec-8] INFO  com.patientmanagement.service.PatientService - Found 8 active patients
2026-09-17 22:23:06 [http-nio-8080-exec-4] INFO  com.patientmanagement.controller.PatientController - GET /api/patients - Fetching active patients
2026-09-17 22:23:06 [http-nio-8080-exec-4] INFO  com.patientmanagement.service.PatientService - Fetching all active patients
2026-09-17 22:23:06 [http-nio-8080-exec-5] INFO  com.patientmanagement.controller.DoctorController - GET /api/doctors - Fetching all active doctors
2026-09-17 22:23:06 [http-nio-8080-exec-5] INFO  com.patientmanagement.service.DoctorService - Fetching all active doctors
2026-09-17 22:23:06 [http-nio-8080-exec-9] INFO  com.patientmanagement.controller.AppointmentController - GET /api/appointments - Fetching all appointments
2026-09-17 22:23:06 [http-nio-8080-exec-9] INFO  com.patientmanagement.service.AppointmentService - Fetching all appointments
2026-09-17 22:23:06 [http-nio-8080-exec-4] INFO  com.patientmanagement.service.PatientService - Found 8 active patients
2026-09-17 22:23:06 [http-nio-8080-exec-5] INFO  com.patientmanagement.service.DoctorService - Found 5 active doctors
2026-09-17 22:23:06 [http-nio-8080-exec-9] INFO  com.patientmanagement.service.AppointmentService - Found 9 appointments
2026-09-17 22:26:24 [http-nio-8080-exec-1] INFO  com.patientmanagement.controller.DoctorController - GET /api/doctors - Fetching all active doctors
2026-09-17 22:26:24 [http-nio-8080-exec-1] INFO  com.patientmanagement.service.DoctorService - Fetching all active doctors
2026-09-17 22:26:24 [http-nio-8080-exec-1] INFO  com.patientmanagement.service.DoctorService - Found 5 active doctors
2026-09-17 22:26:31 [http-nio-8080-exec-3] INFO  com.patientmanagement.controller.DoctorController - GET /api/doctors - Fetching all active doctors
2026-09-17 22:26:31 [http-nio-8080-exec-3] INFO  com.patientmanagement.service.DoctorService - Fetching all active doctors
2026-09-17 22:26:31 [http-nio-8080-exec-3] INFO  com.patientmanagement.service.DoctorService - Found 5 active doctors
2026-09-17 22:26:32 [http-nio-8080-exec-5] INFO  com.patientmanagement.controller.PatientController - GET /api/patients - Fetching active patients
2026-09-17 22:26:32 [http-nio-8080-exec-5] INFO  com.patientmanagement.service.PatientService - Fetching all active patients
2026-09-17 22:26:32 [http-nio-8080-exec-5] INFO  com.patientmanagement.service.PatientService - Found 8 active patients
2026-09-17 22:26:34 [http-nio-8080-exec-7] INFO  com.patientmanagement.controller.DoctorController - GET /api/doctors - Fetching all active doctors
2026-09-17 22:26:34 [http-nio-8080-exec-6] INFO  com.patientmanagement.controller.PatientController - GET /api/patients - Fetching active patients
2026-09-17 22:26:34 [http-nio-8080-exec-7] INFO  com.patientmanagement.service.DoctorService - Fetching all active doctors
2026-09-17 22:26:34 [http-nio-8080-exec-6] INFO  com.patientmanagement.service.PatientService - Fetching all active patients
2026-09-17 22:26:34 [http-nio-8080-exec-1] INFO  com.patientmanagement.controller.AppointmentController - GET /api/appointments - Fetching all appointments
2026-09-17 22:26:34 [http-nio-8080-exec-1] INFO  com.patientmanagement.service.AppointmentService - Fetching all appointments
2026-09-17 22:26:34 [http-nio-8080-exec-7] INFO  com.patientmanagement.service.DoctorService - Found 5 active doctors
2026-09-17 22:26:34 [http-nio-8080-exec-6] INFO  com.patientmanagement.service.PatientService - Found 8 active patients
2026-09-17 22:26:34 [http-nio-8080-exec-1] INFO  com.patientmanagement.service.AppointmentService - Found 9 appointments
2026-09-17 22:34:23 [http-nio-8080-exec-9] INFO  com.patientmanagement.controller.DoctorController - GET /api/doctors - Fetching all active doctors
2026-09-17 22:34:23 [http-nio-8080-exec-9] INFO  com.patientmanagement.service.DoctorService - Fetching all active doctors
2026-09-17 22:34:24 [http-nio-8080-exec-9] INFO  com.patientmanagement.service.DoctorService - Found 5 active doctors
2026-09-17 22:43:28 [http-nio-8080-exec-7] INFO  com.patientmanagement.controller.DoctorController - GET /api/doctors - Fetching all active doctors
2026-09-17 22:43:28 [http-nio-8080-exec-7] INFO  com.patientmanagement.service.DoctorService - Fetching all active doctors
2026-09-17 22:43:28 [http-nio-8080-exec-7] INFO  com.patientmanagement.service.DoctorService - Found 5 active doctors
2026-09-17 22:43:41 [http-nio-8080-exec-1] INFO  com.patientmanagement.controller.DoctorController - GET /api/doctors - Fetching all active doctors
2026-09-17 22:43:41 [http-nio-8080-exec-1] INFO  com.patientmanagement.service.DoctorService - Fetching all active doctors
2026-09-17 22:43:41 [http-nio-8080-exec-1] INFO  com.patientmanagement.service.DoctorService - Found 5 active doctors
2026-09-17 22:43:44 [http-nio-8080-exec-4] INFO  com.patientmanagement.controller.PatientController - GET /api/patients - Fetching active patients
2026-09-17 22:43:44 [http-nio-8080-exec-4] INFO  com.patientmanagement.service.PatientService - Fetching all active patients
2026-09-17 22:43:44 [http-nio-8080-exec-4] INFO  com.patientmanagement.service.PatientService - Found 8 active patients
2026-09-17 22:43:46 [http-nio-8080-exec-9] INFO  com.patientmanagement.controller.PatientController - GET /api/patients - Fetching active patients
2026-09-17 22:43:46 [http-nio-8080-exec-8] INFO  com.patientmanagement.controller.DoctorController - GET /api/doctors - Fetching all active doctors
2026-09-17 22:43:46 [http-nio-8080-exec-9] INFO  com.patientmanagement.service.PatientService - Fetching all active patients
2026-09-17 22:43:46 [http-nio-8080-exec-7] INFO  com.patientmanagement.controller.AppointmentController - GET /api/appointments - Fetching all appointments
2026-09-17 22:43:46 [http-nio-8080-exec-8] INFO  com.patientmanagement.service.DoctorService - Fetching all active doctors
2026-09-17 22:43:46 [http-nio-8080-exec-7] INFO  com.patientmanagement.service.AppointmentService - Fetching all appointments
2026-09-17 22:43:46 [http-nio-8080-exec-8] INFO  com.patientmanagement.service.DoctorService - Found 5 active doctors
2026-09-17 22:43:46 [http-nio-8080-exec-9] INFO  com.patientmanagement.service.PatientService - Found 8 active patients
2026-09-17 22:43:46 [http-nio-8080-exec-7] INFO  com.patientmanagement.service.AppointmentService - Found 9 appointments
2026-09-17 22:43:57 [http-nio-8080-exec-1] INFO  com.patientmanagement.service.AuthService - Login attempt received for email: rohit@gmail.com
2026-09-17 22:43:57 [http-nio-8080-exec-1] INFO  com.patientmanagement.security.JwtService - Generating JWT token for user: rohit@gmail.com with role: DOCTOR
2026-09-17 22:43:57 [http-nio-8080-exec-1] INFO  com.patientmanagement.service.AuthService - User logged in successfully with email: rohit@gmail.com and role: DOCTOR
2026-09-17 22:43:57 [http-nio-8080-exec-9] INFO  com.patientmanagement.controller.PatientController - GET /api/patients - Fetching active patients
2026-09-17 22:43:57 [http-nio-8080-exec-9] INFO  com.patientmanagement.service.PatientService - Fetching all active patients
2026-09-17 22:43:57 [http-nio-8080-exec-8] INFO  com.patientmanagement.controller.AppointmentController - GET /api/appointments - Fetching all appointments
2026-09-17 22:43:57 [http-nio-8080-exec-8] INFO  com.patientmanagement.service.AppointmentService - Fetching all appointments
2026-09-17 22:43:57 [http-nio-8080-exec-9] INFO  com.patientmanagement.service.PatientService - Found 8 active patients
2026-09-17 22:43:57 [http-nio-8080-exec-8] INFO  com.patientmanagement.service.AppointmentService - Found 9 appointments
2026-09-17 22:43:57 [http-nio-8080-exec-7] INFO  com.patientmanagement.controller.AppointmentController - GET /api/appointments - Fetching all appointments
2026-09-17 22:43:57 [http-nio-8080-exec-7] INFO  com.patientmanagement.service.AppointmentService - Fetching all appointments
2026-09-17 22:43:57 [http-nio-8080-exec-7] INFO  com.patientmanagement.service.AppointmentService - Found 9 appointments
2026-09-17 22:55:08 [http-nio-8080-exec-5] INFO  com.patientmanagement.controller.DoctorController - GET /api/doctors - Fetching all active doctors
2026-09-17 22:55:08 [http-nio-8080-exec-5] INFO  com.patientmanagement.service.DoctorService - Fetching all active doctors
2026-09-17 22:55:08 [http-nio-8080-exec-5] INFO  com.patientmanagement.service.DoctorService - Found 5 active doctors
2026-09-17 22:55:08 [http-nio-8080-exec-4] INFO  com.patientmanagement.controller.PatientController - GET /api/patients - Fetching active patients
2026-09-17 22:55:08 [http-nio-8080-exec-4] INFO  com.patientmanagement.service.PatientService - Fetching all active patients
2026-09-17 22:55:08 [http-nio-8080-exec-1] INFO  com.patientmanagement.controller.AppointmentController - GET /api/appointments - Fetching all appointments
2026-09-17 22:55:08 [http-nio-8080-exec-1] INFO  com.patientmanagement.service.AppointmentService - Fetching all appointments
2026-09-17 22:55:08 [http-nio-8080-exec-4] INFO  com.patientmanagement.service.PatientService - Found 8 active patients
2026-09-17 22:55:08 [http-nio-8080-exec-1] INFO  com.patientmanagement.service.AppointmentService - Found 9 appointments
2026-09-17 22:55:08 [http-nio-8080-exec-2] INFO  com.patientmanagement.controller.AppointmentController - GET /api/appointments - Fetching all appointments
2026-09-17 22:55:08 [http-nio-8080-exec-2] INFO  com.patientmanagement.service.AppointmentService - Fetching all appointments
2026-09-17 22:55:08 [http-nio-8080-exec-2] INFO  com.patientmanagement.service.AppointmentService - Found 9 appointments
2026-09-17 22:55:11 [http-nio-8080-exec-3] INFO  com.patientmanagement.controller.AppointmentController - GET /api/appointments - Fetching all appointments
2026-09-17 22:55:11 [http-nio-8080-exec-3] INFO  com.patientmanagement.service.AppointmentService - Fetching all appointments
2026-09-17 22:55:11 [http-nio-8080-exec-3] INFO  com.patientmanagement.service.AppointmentService - Found 9 appointments
2026-09-17 22:55:20 [http-nio-8080-exec-4] INFO  com.patientmanagement.controller.PatientController - GET /api/patients - Fetching active patients
2026-09-17 22:55:20 [http-nio-8080-exec-4] INFO  com.patientmanagement.service.PatientService - Fetching all active patients
2026-09-17 22:55:20 [http-nio-8080-exec-7] INFO  com.patientmanagement.controller.AppointmentController - GET /api/appointments - Fetching all appointments
2026-09-17 22:55:20 [http-nio-8080-exec-7] INFO  com.patientmanagement.service.AppointmentService - Fetching all appointments
2026-09-17 22:55:20 [http-nio-8080-exec-4] INFO  com.patientmanagement.service.PatientService - Found 8 active patients
2026-09-17 22:55:20 [http-nio-8080-exec-7] INFO  com.patientmanagement.service.AppointmentService - Found 9 appointments
2026-09-17 22:55:25 [http-nio-8080-exec-2] INFO  com.patientmanagement.controller.AppointmentController - GET /api/appointments - Fetching all appointments
2026-09-17 22:55:25 [http-nio-8080-exec-2] INFO  com.patientmanagement.service.AppointmentService - Fetching all appointments
2026-09-17 22:55:25 [http-nio-8080-exec-1] INFO  com.patientmanagement.controller.PatientController - GET /api/patients - Fetching active patients
2026-09-17 22:55:25 [http-nio-8080-exec-1] INFO  com.patientmanagement.service.PatientService - Fetching all active patients
2026-09-17 22:55:25 [http-nio-8080-exec-1] INFO  com.patientmanagement.service.PatientService - Found 8 active patients
2026-09-17 22:55:25 [http-nio-8080-exec-2] INFO  com.patientmanagement.service.AppointmentService - Found 9 appointments
2026-09-17 22:55:26 [http-nio-8080-exec-5] INFO  com.patientmanagement.controller.AppointmentController - GET /api/appointments - Fetching all appointments
2026-09-17 22:55:26 [http-nio-8080-exec-5] INFO  com.patientmanagement.service.AppointmentService - Fetching all appointments
2026-09-17 22:55:27 [http-nio-8080-exec-5] INFO  com.patientmanagement.service.AppointmentService - Found 9 appointments
2026-09-17 22:55:50 [http-nio-8080-exec-8] INFO  com.patientmanagement.service.AuthService - Login attempt received for email: rohit@gmail.com
2026-09-17 22:55:50 [http-nio-8080-exec-8] INFO  com.patientmanagement.security.JwtService - Generating JWT token for user: rohit@gmail.com with role: DOCTOR
2026-09-17 22:55:50 [http-nio-8080-exec-8] INFO  com.patientmanagement.service.AuthService - User logged in successfully with email: rohit@gmail.com and role: DOCTOR
2026-09-17 22:55:50 [http-nio-8080-exec-10] INFO  com.patientmanagement.controller.DoctorController - GET /api/doctors - Fetching all active doctors
2026-09-17 22:55:50 [http-nio-8080-exec-10] INFO  com.patientmanagement.service.DoctorService - Fetching all active doctors
2026-09-17 22:55:50 [http-nio-8080-exec-10] INFO  com.patientmanagement.service.DoctorService - Found 5 active doctors
2026-09-17 22:55:50 [http-nio-8080-exec-5] INFO  com.patientmanagement.controller.PatientController - GET /api/patients - Fetching active patients
2026-09-17 22:55:50 [http-nio-8080-exec-5] INFO  com.patientmanagement.service.PatientService - Fetching all active patients
2026-09-17 22:55:50 [http-nio-8080-exec-5] INFO  com.patientmanagement.service.PatientService - Found 8 active patients
2026-09-17 22:55:50 [http-nio-8080-exec-9] INFO  com.patientmanagement.controller.AppointmentController - GET /api/appointments - Fetching all appointments
2026-09-17 22:55:50 [http-nio-8080-exec-9] INFO  com.patientmanagement.service.AppointmentService - Fetching all appointments
2026-09-17 22:55:50 [http-nio-8080-exec-9] INFO  com.patientmanagement.service.AppointmentService - Found 9 appointments
2026-09-17 22:55:50 [http-nio-8080-exec-8] INFO  com.patientmanagement.controller.AppointmentController - GET /api/appointments - Fetching all appointments
2026-09-17 22:55:50 [http-nio-8080-exec-8] INFO  com.patientmanagement.service.AppointmentService - Fetching all appointments
2026-09-17 22:55:50 [http-nio-8080-exec-8] INFO  com.patientmanagement.service.AppointmentService - Found 9 appointments
2026-09-17 22:55:56 [http-nio-8080-exec-6] INFO  com.patientmanagement.controller.PatientController - GET /api/patients - Fetching active patients
2026-09-17 22:55:56 [http-nio-8080-exec-2] INFO  com.patientmanagement.controller.AppointmentController - GET /api/appointments - Fetching all appointments
2026-09-17 22:55:56 [http-nio-8080-exec-6] INFO  com.patientmanagement.service.PatientService - Fetching all active patients
2026-09-17 22:55:56 [http-nio-8080-exec-2] INFO  com.patientmanagement.service.AppointmentService - Fetching all appointments
2026-09-17 22:55:56 [http-nio-8080-exec-6] INFO  com.patientmanagement.service.PatientService - Found 8 active patients
2026-09-17 22:55:56 [http-nio-8080-exec-2] INFO  com.patientmanagement.service.AppointmentService - Found 9 appointments
2026-09-17 22:55:57 [http-nio-8080-exec-5] INFO  com.patientmanagement.controller.AppointmentController - GET /api/appointments - Fetching all appointments
2026-09-17 22:55:57 [http-nio-8080-exec-5] INFO  com.patientmanagement.service.AppointmentService - Fetching all appointments
2026-09-17 22:55:57 [http-nio-8080-exec-5] INFO  com.patientmanagement.service.AppointmentService - Found 9 appointments
2026-09-17 22:55:59 [http-nio-8080-exec-3] INFO  com.patientmanagement.controller.AppointmentController - GET /api/appointments - Fetching all appointments
2026-09-17 22:55:59 [http-nio-8080-exec-3] INFO  com.patientmanagement.service.AppointmentService - Fetching all appointments
2026-09-17 22:55:59 [http-nio-8080-exec-3] INFO  com.patientmanagement.service.AppointmentService - Found 9 appointments
2026-09-17 22:56:00 [http-nio-8080-exec-9] INFO  com.patientmanagement.controller.AppointmentController - GET /api/appointments - Fetching all appointments
2026-09-17 22:56:00 [http-nio-8080-exec-9] INFO  com.patientmanagement.service.AppointmentService - Fetching all appointments
2026-09-17 22:56:00 [http-nio-8080-exec-9] INFO  com.patientmanagement.service.AppointmentService - Found 9 appointments
2026-09-17 22:56:00 [http-nio-8080-exec-8] INFO  com.patientmanagement.controller.AppointmentController - GET /api/appointments - Fetching all appointments
2026-09-17 22:56:00 [http-nio-8080-exec-8] INFO  com.patientmanagement.service.AppointmentService - Fetching all appointments
2026-09-17 22:56:00 [http-nio-8080-exec-8] INFO  com.patientmanagement.service.AppointmentService - Found 9 appointments
2026-09-17 22:56:04 [http-nio-8080-exec-2] INFO  com.patientmanagement.controller.AppointmentController - GET /api/appointments - Fetching all appointments
2026-09-17 22:56:04 [http-nio-8080-exec-1] INFO  com.patientmanagement.controller.PatientController - GET /api/patients - Fetching active patients
2026-09-17 22:56:04 [http-nio-8080-exec-2] INFO  com.patientmanagement.service.AppointmentService - Fetching all appointments
2026-09-17 22:56:04 [http-nio-8080-exec-1] INFO  com.patientmanagement.service.PatientService - Fetching all active patients
2026-09-17 22:56:04 [http-nio-8080-exec-1] INFO  com.patientmanagement.service.PatientService - Found 8 active patients
2026-09-17 22:56:04 [http-nio-8080-exec-2] INFO  com.patientmanagement.service.AppointmentService - Found 9 appointments
2026-09-17 22:56:08 [http-nio-8080-exec-5] INFO  com.patientmanagement.controller.AppointmentController - GET /api/appointments - Fetching all appointments
2026-09-17 22:56:08 [http-nio-8080-exec-5] INFO  com.patientmanagement.service.AppointmentService - Fetching all appointments
2026-09-17 22:56:08 [http-nio-8080-exec-5] INFO  com.patientmanagement.service.AppointmentService - Found 9 appointments
2026-09-17 22:58:23 [http-nio-8080-exec-3] INFO  com.patientmanagement.controller.AppointmentController - GET /api/appointments - Fetching all appointments
2026-09-17 22:58:23 [http-nio-8080-exec-3] INFO  com.patientmanagement.service.AppointmentService - Fetching all appointments
2026-09-17 22:58:23 [http-nio-8080-exec-5] INFO  com.patientmanagement.controller.PatientController - GET /api/patients - Fetching active patients
2026-09-17 22:58:23 [http-nio-8080-exec-5] INFO  com.patientmanagement.service.PatientService - Fetching all active patients
2026-09-17 22:58:23 [http-nio-8080-exec-9] INFO  com.patientmanagement.controller.DoctorController - GET /api/doctors - Fetching all active doctors
2026-09-17 22:58:23 [http-nio-8080-exec-9] INFO  com.patientmanagement.service.DoctorService - Fetching all active doctors
2026-09-17 22:58:23 [http-nio-8080-exec-9] INFO  com.patientmanagement.service.DoctorService - Found 5 active doctors
2026-09-17 22:58:23 [http-nio-8080-exec-5] INFO  com.patientmanagement.service.PatientService - Found 8 active patients
2026-09-17 22:58:23 [http-nio-8080-exec-3] INFO  com.patientmanagement.service.AppointmentService - Found 9 appointments
2026-09-17 22:58:23 [http-nio-8080-exec-10] INFO  com.patientmanagement.controller.PatientController - GET /api/patients - Fetching active patients
2026-09-17 22:58:23 [http-nio-8080-exec-10] INFO  com.patientmanagement.service.PatientService - Fetching all active patients
2026-09-17 22:58:23 [http-nio-8080-exec-10] INFO  com.patientmanagement.service.PatientService - Found 8 active patients
2026-09-17 22:58:23 [http-nio-8080-exec-7] INFO  com.patientmanagement.controller.AppointmentController - GET /api/appointments - Fetching all appointments
2026-09-17 22:58:23 [http-nio-8080-exec-7] INFO  com.patientmanagement.service.AppointmentService - Fetching all appointments
2026-09-17 22:58:23 [http-nio-8080-exec-7] INFO  com.patientmanagement.service.AppointmentService - Found 9 appointments
2026-09-17 22:58:23 [http-nio-8080-exec-1] INFO  com.patientmanagement.controller.AppointmentController - GET /api/appointments - Fetching all appointments
2026-09-17 22:58:23 [http-nio-8080-exec-1] INFO  com.patientmanagement.service.AppointmentService - Fetching all appointments
2026-09-17 22:58:23 [http-nio-8080-exec-1] INFO  com.patientmanagement.service.AppointmentService - Found 9 appointments
2026-09-17 22:58:23 [http-nio-8080-exec-6] INFO  com.patientmanagement.controller.AppointmentController - GET /api/appointments - Fetching all appointments
2026-09-17 22:58:23 [http-nio-8080-exec-6] INFO  com.patientmanagement.service.AppointmentService - Fetching all appointments
2026-09-17 22:58:23 [http-nio-8080-exec-6] INFO  com.patientmanagement.service.AppointmentService - Found 9 appointments
2026-09-17 23:05:52 [http-nio-8080-exec-9] INFO  com.patientmanagement.controller.AppointmentController - GET /api/appointments - Fetching all appointments
2026-09-17 23:05:52 [http-nio-8080-exec-8] INFO  com.patientmanagement.controller.DoctorController - GET /api/doctors - Fetching all active doctors
2026-09-17 23:05:52 [http-nio-8080-exec-9] INFO  com.patientmanagement.service.AppointmentService - Fetching all appointments
2026-09-17 23:05:52 [http-nio-8080-exec-8] INFO  com.patientmanagement.service.DoctorService - Fetching all active doctors
2026-09-17 23:05:52 [http-nio-8080-exec-1] INFO  com.patientmanagement.controller.PatientController - GET /api/patients - Fetching active patients
2026-09-17 23:05:52 [http-nio-8080-exec-1] INFO  com.patientmanagement.service.PatientService - Fetching all active patients
2026-09-17 23:05:52 [http-nio-8080-exec-8] INFO  com.patientmanagement.service.DoctorService - Found 5 active doctors
2026-09-17 23:05:52 [http-nio-8080-exec-1] INFO  com.patientmanagement.service.PatientService - Found 8 active patients
2026-09-17 23:05:52 [http-nio-8080-exec-2] INFO  com.patientmanagement.controller.PatientController - GET /api/patients - Fetching active patients
2026-09-17 23:05:52 [http-nio-8080-exec-2] INFO  com.patientmanagement.service.PatientService - Fetching all active patients
2026-09-17 23:05:52 [http-nio-8080-exec-2] INFO  com.patientmanagement.service.PatientService - Found 8 active patients
2026-09-17 23:05:52 [http-nio-8080-exec-9] INFO  com.patientmanagement.service.AppointmentService - Found 9 appointments
2026-09-17 23:05:52 [http-nio-8080-exec-4] INFO  com.patientmanagement.controller.AppointmentController - GET /api/appointments - Fetching all appointments
2026-09-17 23:05:52 [http-nio-8080-exec-4] INFO  com.patientmanagement.service.AppointmentService - Fetching all appointments
2026-09-17 23:05:52 [http-nio-8080-exec-4] INFO  com.patientmanagement.service.AppointmentService - Found 9 appointments
2026-09-17 23:05:52 [http-nio-8080-exec-7] INFO  com.patientmanagement.controller.AppointmentController - GET /api/appointments - Fetching all appointments
2026-09-17 23:05:52 [http-nio-8080-exec-7] INFO  com.patientmanagement.service.AppointmentService - Fetching all appointments
2026-09-17 23:05:52 [http-nio-8080-exec-7] INFO  com.patientmanagement.service.AppointmentService - Found 9 appointments
2026-09-17 23:05:52 [http-nio-8080-exec-10] INFO  com.patientmanagement.controller.AppointmentController - GET /api/appointments - Fetching all appointments
2026-09-17 23:05:52 [http-nio-8080-exec-10] INFO  com.patientmanagement.service.AppointmentService - Fetching all appointments
2026-09-17 23:05:52 [http-nio-8080-exec-10] INFO  com.patientmanagement.service.AppointmentService - Found 9 appointments
2026-09-17 23:09:38 [http-nio-8080-exec-8] INFO  com.patientmanagement.controller.DoctorController - GET /api/doctors - Fetching all active doctors
2026-09-17 23:09:38 [http-nio-8080-exec-10] INFO  com.patientmanagement.controller.AppointmentController - GET /api/appointments - Fetching all appointments
2026-09-17 23:09:38 [http-nio-8080-exec-7] INFO  com.patientmanagement.controller.PatientController - GET /api/patients - Fetching active patients
2026-09-17 23:09:38 [http-nio-8080-exec-8] INFO  com.patientmanagement.service.DoctorService - Fetching all active doctors
2026-09-17 23:09:38 [http-nio-8080-exec-10] INFO  com.patientmanagement.service.AppointmentService - Fetching all appointments
2026-09-17 23:09:38 [http-nio-8080-exec-7] INFO  com.patientmanagement.service.PatientService - Fetching all active patients
2026-09-17 23:09:38 [http-nio-8080-exec-8] INFO  com.patientmanagement.service.DoctorService - Found 5 active doctors
2026-09-17 23:09:38 [http-nio-8080-exec-7] INFO  com.patientmanagement.service.PatientService - Found 8 active patients
2026-09-17 23:09:38 [http-nio-8080-exec-6] INFO  com.patientmanagement.controller.PatientController - GET /api/patients - Fetching active patients
2026-09-17 23:09:38 [http-nio-8080-exec-6] INFO  com.patientmanagement.service.PatientService - Fetching all active patients
2026-09-17 23:09:38 [http-nio-8080-exec-6] INFO  com.patientmanagement.service.PatientService - Found 8 active patients
2026-09-17 23:09:38 [http-nio-8080-exec-10] INFO  com.patientmanagement.service.AppointmentService - Found 9 appointments
2026-09-17 23:09:38 [http-nio-8080-exec-3] INFO  com.patientmanagement.controller.AppointmentController - GET /api/appointments - Fetching all appointments
2026-09-17 23:09:38 [http-nio-8080-exec-3] INFO  com.patientmanagement.service.AppointmentService - Fetching all appointments
2026-09-17 23:09:38 [http-nio-8080-exec-3] INFO  com.patientmanagement.service.AppointmentService - Found 9 appointments
2026-09-17 23:09:38 [http-nio-8080-exec-2] INFO  com.patientmanagement.controller.AppointmentController - GET /api/appointments - Fetching all appointments
2026-09-17 23:09:38 [http-nio-8080-exec-2] INFO  com.patientmanagement.service.AppointmentService - Fetching all appointments
2026-09-17 23:09:38 [http-nio-8080-exec-2] INFO  com.patientmanagement.service.AppointmentService - Found 9 appointments
2026-09-17 23:09:38 [http-nio-8080-exec-9] INFO  com.patientmanagement.controller.AppointmentController - GET /api/appointments - Fetching all appointments
2026-09-17 23:09:38 [http-nio-8080-exec-9] INFO  com.patientmanagement.service.AppointmentService - Fetching all appointments
2026-09-17 23:09:38 [http-nio-8080-exec-9] INFO  com.patientmanagement.service.AppointmentService - Found 9 appointments
2026-09-17 23:10:25 [http-nio-8080-exec-7] INFO  com.patientmanagement.service.AuthService - Login attempt received for email: rohit@gmail.com
2026-09-17 23:10:25 [http-nio-8080-exec-7] INFO  com.patientmanagement.security.JwtService - Generating JWT token for user: rohit@gmail.com with role: DOCTOR
2026-09-17 23:10:25 [http-nio-8080-exec-7] INFO  com.patientmanagement.service.AuthService - User logged in successfully with email: rohit@gmail.com and role: DOCTOR
2026-09-17 23:10:25 [http-nio-8080-exec-3] INFO  com.patientmanagement.controller.PatientController - GET /api/patients - Fetching active patients
2026-09-17 23:10:25 [http-nio-8080-exec-3] INFO  com.patientmanagement.service.PatientService - Fetching all active patients
2026-09-17 23:10:25 [http-nio-8080-exec-3] INFO  com.patientmanagement.service.PatientService - Found 8 active patients
2026-09-17 23:10:25 [http-nio-8080-exec-2] INFO  com.patientmanagement.controller.AppointmentController - GET /api/appointments - Fetching all appointments
2026-09-17 23:10:25 [http-nio-8080-exec-2] INFO  com.patientmanagement.service.AppointmentService - Fetching all appointments
2026-09-17 23:10:25 [http-nio-8080-exec-5] INFO  com.patientmanagement.controller.DoctorController - GET /api/doctors - Fetching all active doctors
2026-09-17 23:10:25 [http-nio-8080-exec-5] INFO  com.patientmanagement.service.DoctorService - Fetching all active doctors
2026-09-17 23:10:25 [http-nio-8080-exec-5] INFO  com.patientmanagement.service.DoctorService - Found 5 active doctors
2026-09-17 23:10:25 [http-nio-8080-exec-6] INFO  com.patientmanagement.controller.PatientController - GET /api/patients - Fetching active patients
2026-09-17 23:10:25 [http-nio-8080-exec-6] INFO  com.patientmanagement.service.PatientService - Fetching all active patients
2026-09-17 23:10:25 [http-nio-8080-exec-6] INFO  com.patientmanagement.service.PatientService - Found 8 active patients
2026-09-17 23:10:25 [http-nio-8080-exec-2] INFO  com.patientmanagement.service.AppointmentService - Found 9 appointments
2026-09-17 23:10:25 [http-nio-8080-exec-1] INFO  com.patientmanagement.controller.AppointmentController - GET /api/appointments - Fetching all appointments
2026-09-17 23:10:25 [http-nio-8080-exec-1] INFO  com.patientmanagement.service.AppointmentService - Fetching all appointments
2026-09-17 23:10:25 [http-nio-8080-exec-1] INFO  com.patientmanagement.service.AppointmentService - Found 9 appointments
2026-09-17 23:10:25 [http-nio-8080-exec-4] INFO  com.patientmanagement.controller.AppointmentController - GET /api/appointments - Fetching all appointments
2026-09-17 23:10:25 [http-nio-8080-exec-4] INFO  com.patientmanagement.service.AppointmentService - Fetching all appointments
2026-09-17 23:10:25 [http-nio-8080-exec-4] INFO  com.patientmanagement.service.AppointmentService - Found 9 appointments
2026-09-17 23:10:25 [http-nio-8080-exec-8] INFO  com.patientmanagement.controller.AppointmentController - GET /api/appointments - Fetching all appointments
2026-09-17 23:10:25 [http-nio-8080-exec-8] INFO  com.patientmanagement.service.AppointmentService - Fetching all appointments
2026-09-17 23:10:25 [http-nio-8080-exec-8] INFO  com.patientmanagement.service.AppointmentService - Found 9 appointments
2026-09-17 23:10:59 [http-nio-8080-exec-3] INFO  com.patientmanagement.service.AuthService - Login attempt received for email: admin@gmail.com
2026-09-17 23:10:59 [http-nio-8080-exec-3] INFO  com.patientmanagement.security.JwtService - Generating JWT token for user: admin@gmail.com with role: ADMIN
2026-09-17 23:10:59 [http-nio-8080-exec-3] INFO  com.patientmanagement.service.AuthService - User logged in successfully with email: admin@gmail.com and role: ADMIN
2026-09-17 23:11:03 [http-nio-8080-exec-10] INFO  com.patientmanagement.controller.DoctorController - GET /api/doctors - Fetching all active doctors
2026-09-17 23:11:03 [http-nio-8080-exec-10] INFO  com.patientmanagement.service.DoctorService - Fetching all active doctors
2026-09-17 23:11:03 [http-nio-8080-exec-10] INFO  com.patientmanagement.service.DoctorService - Found 5 active doctors
2026-09-17 23:11:21 [http-nio-8080-exec-7] INFO  com.patientmanagement.service.AuthService - Login attempt received for email: avdhut@gmail.com
2026-09-17 23:11:21 [http-nio-8080-exec-7] INFO  com.patientmanagement.security.JwtService - Generating JWT token for user: avdhut@gmail.com with role: PATIENT
2026-09-17 23:11:21 [http-nio-8080-exec-7] INFO  com.patientmanagement.service.AuthService - Patient ID 16 found for user ID 6
2026-09-17 23:11:21 [http-nio-8080-exec-7] INFO  com.patientmanagement.service.AuthService - User logged in successfully with email: avdhut@gmail.com and role: PATIENT
2026-09-17 23:27:37 [http-nio-8080-exec-3] INFO  com.patientmanagement.service.AuthService - Login attempt received for email: avdhut@gmail.com
2026-09-17 23:27:38 [http-nio-8080-exec-3] INFO  com.patientmanagement.security.JwtService - Generating JWT token for user: avdhut@gmail.com with role: PATIENT
2026-09-17 23:27:38 [http-nio-8080-exec-3] INFO  com.patientmanagement.service.AuthService - Patient ID 16 found for user ID 6
2026-09-17 23:27:38 [http-nio-8080-exec-3] INFO  com.patientmanagement.service.AuthService - User logged in successfully with email: avdhut@gmail.com and role: PATIENT
2026-09-17 23:27:42 [http-nio-8080-exec-10] INFO  com.patientmanagement.controller.DoctorController - GET /api/doctors - Fetching all active doctors
2026-09-17 23:27:42 [http-nio-8080-exec-10] INFO  com.patientmanagement.service.DoctorService - Fetching all active doctors
2026-09-17 23:27:42 [http-nio-8080-exec-10] INFO  com.patientmanagement.service.DoctorService - Found 5 active doctors
2026-09-17 23:27:46 [http-nio-8080-exec-6] INFO  com.patientmanagement.controller.DoctorController - GET /api/doctors - Fetching all active doctors
2026-09-17 23:27:46 [http-nio-8080-exec-6] INFO  com.patientmanagement.service.DoctorService - Fetching all active doctors
2026-09-17 23:27:46 [http-nio-8080-exec-6] INFO  com.patientmanagement.service.DoctorService - Found 5 active doctors
2026-09-17 23:27:50 [http-nio-8080-exec-2] INFO  com.patientmanagement.controller.AppointmentController - GET /api/appointments - Fetching all appointments
2026-09-17 23:27:50 [http-nio-8080-exec-2] INFO  com.patientmanagement.service.AppointmentService - Fetching all appointments
2026-09-17 23:27:50 [http-nio-8080-exec-2] INFO  com.patientmanagement.service.AppointmentService - Found 9 appointments
2026-09-17 23:28:26 [http-nio-8080-exec-9] INFO  com.patientmanagement.service.AuthService - Login attempt received for email: admin@gmail.com
2026-09-17 23:28:26 [http-nio-8080-exec-9] INFO  com.patientmanagement.security.JwtService - Generating JWT token for user: admin@gmail.com with role: ADMIN
2026-09-17 23:28:26 [http-nio-8080-exec-9] INFO  com.patientmanagement.service.AuthService - User logged in successfully with email: admin@gmail.com and role: ADMIN
2026-09-17 23:28:30 [http-nio-8080-exec-5] INFO  com.patientmanagement.controller.PatientController - GET /api/patients - Fetching active patients
2026-09-17 23:28:30 [http-nio-8080-exec-5] INFO  com.patientmanagement.service.PatientService - Fetching all active patients
2026-09-17 23:28:30 [http-nio-8080-exec-5] INFO  com.patientmanagement.service.PatientService - Found 8 active patients
2026-09-17 23:28:58 [http-nio-8080-exec-6] INFO  com.patientmanagement.service.AuthService - Login attempt received for email: avdhut@gmail.com
2026-09-17 23:28:58 [http-nio-8080-exec-6] INFO  com.patientmanagement.security.JwtService - Generating JWT token for user: avdhut@gmail.com with role: PATIENT
2026-09-17 23:28:58 [http-nio-8080-exec-6] INFO  com.patientmanagement.service.AuthService - Patient ID 16 found for user ID 6
2026-09-17 23:28:58 [http-nio-8080-exec-6] INFO  com.patientmanagement.service.AuthService - User logged in successfully with email: avdhut@gmail.com and role: PATIENT
2026-09-17 23:37:11 [http-nio-8080-exec-4] INFO  com.patientmanagement.service.AuthService - Login attempt received for email: rohit@gmail.com
2026-09-17 23:37:11 [http-nio-8080-exec-4] INFO  com.patientmanagement.security.JwtService - Generating JWT token for user: rohit@gmail.com with role: DOCTOR
2026-09-17 23:37:11 [http-nio-8080-exec-4] INFO  com.patientmanagement.service.AuthService - User logged in successfully with email: rohit@gmail.com and role: DOCTOR
2026-09-17 23:37:11 [http-nio-8080-exec-5] INFO  com.patientmanagement.controller.PatientController - GET /api/patients - Fetching active patients
2026-09-17 23:37:11 [http-nio-8080-exec-5] INFO  com.patientmanagement.service.PatientService - Fetching all active patients
2026-09-17 23:37:11 [http-nio-8080-exec-6] INFO  com.patientmanagement.controller.AppointmentController - GET /api/appointments - Fetching all appointments
2026-09-17 23:37:11 [http-nio-8080-exec-6] INFO  com.patientmanagement.service.AppointmentService - Fetching all appointments
2026-09-17 23:37:11 [http-nio-8080-exec-5] INFO  com.patientmanagement.service.PatientService - Found 8 active patients
2026-09-17 23:37:11 [http-nio-8080-exec-2] INFO  com.patientmanagement.controller.DoctorController - GET /api/doctors - Fetching all active doctors
2026-09-17 23:37:11 [http-nio-8080-exec-2] INFO  com.patientmanagement.service.DoctorService - Fetching all active doctors
2026-09-17 23:37:11 [http-nio-8080-exec-2] INFO  com.patientmanagement.service.DoctorService - Found 5 active doctors
2026-09-17 23:37:11 [http-nio-8080-exec-6] INFO  com.patientmanagement.service.AppointmentService - Found 9 appointments
2026-09-17 23:37:11 [http-nio-8080-exec-4] INFO  com.patientmanagement.controller.AppointmentController - GET /api/appointments - Fetching all appointments
2026-09-17 23:37:11 [http-nio-8080-exec-4] INFO  com.patientmanagement.service.AppointmentService - Fetching all appointments
2026-09-17 23:37:11 [http-nio-8080-exec-8] INFO  com.patientmanagement.controller.PatientController - GET /api/patients - Fetching active patients
2026-09-17 23:37:11 [http-nio-8080-exec-8] INFO  com.patientmanagement.service.PatientService - Fetching all active patients
2026-09-17 23:37:11 [http-nio-8080-exec-8] INFO  com.patientmanagement.service.PatientService - Found 8 active patients
2026-09-17 23:37:11 [http-nio-8080-exec-4] INFO  com.patientmanagement.service.AppointmentService - Found 9 appointments
2026-09-17 23:37:11 [http-nio-8080-exec-9] INFO  com.patientmanagement.controller.AppointmentController - GET /api/appointments - Fetching all appointments
2026-09-17 23:37:11 [http-nio-8080-exec-9] INFO  com.patientmanagement.service.AppointmentService - Fetching all appointments
2026-09-17 23:37:11 [http-nio-8080-exec-9] INFO  com.patientmanagement.service.AppointmentService - Found 9 appointments
2026-09-17 23:37:11 [http-nio-8080-exec-10] INFO  com.patientmanagement.controller.AppointmentController - GET /api/appointments - Fetching all appointments
2026-09-17 23:37:11 [http-nio-8080-exec-10] INFO  com.patientmanagement.service.AppointmentService - Fetching all appointments
2026-09-17 23:37:11 [http-nio-8080-exec-10] INFO  com.patientmanagement.service.AppointmentService - Found 9 appointments
2026-09-17 23:38:40 [SpringApplicationShutdownHook] INFO  org.springframework.boot.tomcat.GracefulShutdown - Commencing graceful shutdown. Waiting for active requests to complete
2026-09-17 23:38:40 [tomcat-shutdown] INFO  org.springframework.boot.tomcat.GracefulShutdown - Graceful shutdown complete
2026-09-17 23:38:40 [SpringApplicationShutdownHook] INFO  org.springframework.orm.jpa.LocalContainerEntityManagerFactoryBean - Closing JPA EntityManagerFactory for persistence unit 'default'
2026-09-17 23:38:40 [SpringApplicationShutdownHook] INFO  com.zaxxer.hikari.HikariDataSource - HikariPool-1 - Shutdown initiated...
2026-09-17 23:38:40 [SpringApplicationShutdownHook] INFO  com.zaxxer.hikari.HikariDataSource - HikariPool-1 - Shutdown completed.
