2026-09-17 10:27:22 [restartedMain] INFO  com.patientmanagement.BackendApplication - Starting BackendApplication using Java 21.0.12 with PID 14996 (C:\Users\Vishal\Desktop\PatientDoctorManagement\backend\target\classes started by Vishal in C:\Users\Vishal\Desktop\PatientDoctorManagement)
2026-09-17 10:27:22 [restartedMain] INFO  com.patientmanagement.BackendApplication - No active profile set, falling back to 1 default profile: "default"
2026-09-17 10:27:22 [restartedMain] INFO  org.springframework.boot.devtools.env.DevToolsPropertyDefaultsPostProcessor - Devtools property defaults active! Set 'spring.devtools.add-properties' to 'false' to disable
2026-09-17 10:27:22 [restartedMain] INFO  org.springframework.boot.devtools.env.DevToolsPropertyDefaultsPostProcessor - For additional web related logging consider setting the 'logging.level.web' property to 'DEBUG'
2026-09-17 10:27:23 [background-preinit] INFO  org.hibernate.validator.internal.util.Version - HV000001: Hibernate Validator 9.1.3.Final
2026-09-17 10:27:25 [restartedMain] INFO  org.springframework.data.repository.config.RepositoryConfigurationDelegate - Bootstrapping Spring Data JPA repositories in DEFAULT mode.
2026-09-17 10:27:25 [restartedMain] INFO  org.springframework.data.repository.config.RepositoryConfigurationDelegate - Finished Spring Data repository scanning in 162 ms. Found 4 JPA repository interfaces.
2026-09-17 10:27:28 [restartedMain] INFO  org.springframework.boot.tomcat.TomcatWebServer - Tomcat initialized with port 8080 (http)
2026-09-17 10:27:28 [restartedMain] INFO  org.apache.coyote.http11.Http11NioProtocol - Initializing ProtocolHandler ["http-nio-8080"]
2026-09-17 10:27:28 [restartedMain] INFO  org.apache.catalina.core.StandardService - Starting service [Tomcat]
2026-09-17 10:27:28 [restartedMain] INFO  org.apache.catalina.core.StandardEngine - Starting Servlet engine: [Apache Tomcat/11.0.24]
2026-09-17 10:27:28 [restartedMain] INFO  org.springframework.boot.web.context.servlet.WebApplicationContextInitializer - Root WebApplicationContext: initialization completed in 5580 ms
2026-09-17 10:27:29 [restartedMain] INFO  org.hibernate.orm.jpa - HHH008540: Processing PersistenceUnitInfo [name: default]
2026-09-17 10:27:29 [restartedMain] INFO  org.hibernate.orm.core - HHH000001: Hibernate ORM core version 7.4.5.Final
2026-09-17 10:27:30 [restartedMain] INFO  org.springframework.orm.jpa.persistenceunit.SpringPersistenceUnitInfo - No LoadTimeWeaver setup: ignoring JPA class transformer
2026-09-17 10:27:30 [restartedMain] INFO  com.zaxxer.hikari.HikariDataSource - HikariPool-1 - Starting...
2026-09-17 10:27:32 [restartedMain] INFO  com.zaxxer.hikari.pool.HikariPool - HikariPool-1 - Added connection ConnectionID:1 ClientConnectionId: b5931954-d99b-45b6-818d-d779eb8363ec
2026-09-17 10:27:32 [restartedMain] INFO  com.zaxxer.hikari.HikariDataSource - HikariPool-1 - Start completed.
2026-09-17 10:27:32 [restartedMain] WARN  org.hibernate.orm.deprecation - HHH90000025: SQLServerDialect does not need to be specified explicitly using 'hibernate.dialect' (remove the property setting and it will be selected by default)
2026-09-17 10:27:32 [restartedMain] INFO  org.hibernate.orm.connections.pooling - HHH10001005: Database info:
	Database JDBC URL [jdbc:sqlserver://localhost:1433;concatNullYieldsNull=ON;quotedIdentifier=ON;connectRetryInterval=10;connectRetryCount=1;maxResultBuffer=-1;sendTemporalDataTypesAsStringForBulkCopy=true;delayLoadingLobs=true;useFmtOnly=false;vectorTypeSupport=v1;cacheBulkCopyMetadata=false;bulkCopyForBatchInsertAllowEncryptedValueModifications=false;bulkCopyForBatchInsertTableLock=false;bulkCopyForBatchInsertKeepNulls=false;bulkCopyForBatchInsertKeepIdentity=false;bulkCopyForBatchInsertFireTriggers=false;bulkCopyForBatchInsertCheckConstraints=false;bulkCopyForBatchInsertBatchSize=0;useBulkCopyForBatchInsert=false;cancelQueryTimeout=-1;sslProtocol=TLS;calcBigDecimalPrecision=false;useDefaultJaasConfig=false;jaasConfigurationName=SQLJDBCDriver;statementPoolingCacheSize=0;serverPreparedStatementDiscardThreshold=10;enablePrepareOnFirstPreparedStatementCall=false;fips=false;socketTimeout=0;authentication=NotSpecified;authenticationScheme=nativeAuthentication;xopenStates=false;datetimeParameterType=datetime2;sendTimeAsDatetime=false;replication=false;trustStoreType=JKS;trustServerCertificate=true;TransparentNetworkIPResolution=true;iPAddressPreference=IPv4First;serverNameAsACE=false;sendStringParametersAsUnicode=true;selectMethod=direct;responseBuffering=adaptive;queryTimeout=-1;packetSize=8000;multiSubnetFailover=false;loginTimeout=30;lockTimeout=-1;lastUpdateCount=true;useDefaultGSSCredential=false;prepareMethod=prepexec;encrypt=true;disableStatementPooling=true;databaseName=PatientManagementDB;columnEncryptionSetting=Disabled;applicationName=Microsoft JDBC Driver for SQL Server;applicationIntent=readwrite;]
	Database driver: Microsoft JDBC Driver 13.4 for SQL Server
	Database dialect: SQLServerDialect
	Database version: 17.0
	Default catalog/schema: PatientManagementDB/dbo
	Autocommit mode: undefined/unknown
	Isolation level: READ_COMMITTED [default READ_COMMITTED]
	JDBC fetch size: 128
	Pool: DataSourceConnectionProvider
	Minimum pool size: undefined/unknown
	Maximum pool size: undefined/unknown
2026-09-17 10:27:34 [restartedMain] INFO  org.hibernate.orm.core - HHH000489: No JTA platform available (set 'hibernate.transaction.jta.platform' to enable JTA platform integration)
2026-09-17 10:27:35 [restartedMain] INFO  org.springframework.orm.jpa.LocalContainerEntityManagerFactoryBean - Initialized JPA EntityManagerFactory for persistence unit 'default'
2026-09-17 10:27:35 [restartedMain] INFO  org.springframework.data.jpa.repository.query.QueryEnhancerFactories - Hibernate is in classpath; If applicable, HQL parser will be used.
2026-09-17 10:27:36 [restartedMain] INFO  org.springframework.security.config.annotation.authentication.configuration.InitializeAuthenticationProviderBeanManagerConfigurer$InitializeAuthenticationProviderManagerConfigurer - Global AuthenticationManager configured with AuthenticationProvider bean with name authenticationProvider
2026-09-17 10:27:36 [restartedMain] WARN  org.springframework.security.config.annotation.authentication.configuration.InitializeUserDetailsBeanManagerConfigurer$InitializeUserDetailsManagerConfigurer - Global AuthenticationManager configured with an AuthenticationProvider bean. UserDetailsService beans will not be used by Spring Security for automatically configuring username/password login. Consider removing the AuthenticationProvider bean. Alternatively, consider using the UserDetailsService in a manually instantiated DaoAuthenticationProvider. If the current configuration is intentional, to turn off this warning, increase the logging level of 'org.springframework.security.config.annotation.authentication.configuration.InitializeUserDetailsBeanManagerConfigurer' to ERROR
2026-09-17 10:27:36 [restartedMain] WARN  org.springframework.boot.jpa.autoconfigure.JpaBaseConfiguration$JpaWebConfiguration - spring.jpa.open-in-view is enabled by default. Therefore, database queries may be performed during view rendering. Explicitly configure spring.jpa.open-in-view to disable this warning
2026-09-17 10:27:37 [restartedMain] INFO  org.apache.coyote.http11.Http11NioProtocol - Starting ProtocolHandler ["http-nio-8080"]
2026-09-17 10:27:38 [restartedMain] INFO  org.springframework.boot.tomcat.TomcatWebServer - Tomcat started on port 8080 (http) with context path '/'
2026-09-17 10:27:38 [restartedMain] INFO  com.patientmanagement.BackendApplication - Started BackendApplication in 16.664 seconds (process running for 18.351)
2026-09-17 10:27:38 [restartedMain] WARN  org.springdoc.core.events.SpringDocAppInitializer - SpringDoc /v3/api-docs endpoint is enabled by default. To disable it in production, set the property 'springdoc.api-docs.enabled=false'
2026-09-17 10:27:38 [restartedMain] WARN  org.springdoc.core.events.SpringDocAppInitializer - SpringDoc /swagger-ui.html endpoint is enabled by default. To disable it in production, set the property 'springdoc.swagger-ui.enabled=false'
2026-09-17 10:29:25 [http-nio-8080-exec-3] INFO  org.apache.catalina.core.ContainerBase.[Tomcat].[localhost].[/] - Initializing Spring DispatcherServlet 'dispatcherServlet'
2026-09-17 10:29:25 [http-nio-8080-exec-3] INFO  org.springframework.web.servlet.DispatcherServlet - Initializing Servlet 'dispatcherServlet'
2026-09-17 10:29:25 [http-nio-8080-exec-3] INFO  org.springframework.web.servlet.DispatcherServlet - Completed initialization in 2 ms
2026-09-17 10:29:25 [http-nio-8080-exec-4] INFO  com.patientmanagement.service.AuthService - Login attempt received for email: admin@gmail.com
2026-09-17 10:29:26 [http-nio-8080-exec-4] INFO  com.patientmanagement.security.JwtService - Generating JWT token for user: admin@gmail.com with role: ADMIN
2026-09-17 10:29:26 [http-nio-8080-exec-4] INFO  com.patientmanagement.service.AuthService - User logged in successfully with email: admin@gmail.com and role: ADMIN
2026-09-17 10:29:29 [http-nio-8080-exec-8] INFO  com.patientmanagement.controller.PatientController - GET /api/patients - Fetching active patients
2026-09-17 10:29:29 [http-nio-8080-exec-8] INFO  com.patientmanagement.service.PatientService - Fetching all active patients
2026-09-17 10:29:29 [http-nio-8080-exec-8] INFO  com.patientmanagement.service.PatientService - Found 7 active patients
2026-09-17 10:29:36 [http-nio-8080-exec-6] INFO  com.patientmanagement.controller.DoctorController - GET /api/doctors - Fetching all active doctors
2026-09-17 10:29:36 [http-nio-8080-exec-6] INFO  com.patientmanagement.service.DoctorService - Fetching all active doctors
2026-09-17 10:29:36 [http-nio-8080-exec-6] INFO  com.patientmanagement.service.DoctorService - Found 4 active doctors
2026-09-17 10:29:51 [http-nio-8080-exec-4] INFO  com.patientmanagement.controller.PatientController - GET /api/patients - Fetching active patients
2026-09-17 10:29:51 [http-nio-8080-exec-4] INFO  com.patientmanagement.service.PatientService - Fetching all active patients
2026-09-17 10:29:51 [http-nio-8080-exec-4] INFO  com.patientmanagement.service.PatientService - Found 7 active patients
2026-09-17 10:29:51 [http-nio-8080-exec-7] INFO  com.patientmanagement.controller.DoctorController - GET /api/doctors - Fetching all active doctors
2026-09-17 10:29:51 [http-nio-8080-exec-7] INFO  com.patientmanagement.service.DoctorService - Fetching all active doctors
2026-09-17 10:29:51 [http-nio-8080-exec-8] INFO  com.patientmanagement.controller.AppointmentController - GET /api/appointments - Fetching all appointments
2026-09-17 10:29:51 [http-nio-8080-exec-8] INFO  com.patientmanagement.service.AppointmentService - Fetching all appointments
2026-09-17 10:29:51 [http-nio-8080-exec-7] INFO  com.patientmanagement.service.DoctorService - Found 4 active doctors
2026-09-17 10:29:51 [http-nio-8080-exec-8] INFO  com.patientmanagement.service.AppointmentService - Found 5 appointments
2026-09-17 10:30:28 [http-nio-8080-exec-10] INFO  com.patientmanagement.service.AuthService - Login attempt received for email: avdhut@gmail.com
2026-09-17 10:30:28 [http-nio-8080-exec-10] INFO  com.patientmanagement.security.JwtService - Generating JWT token for user: avdhut@gmail.com with role: PATIENT
2026-09-17 10:30:28 [http-nio-8080-exec-10] INFO  com.patientmanagement.service.AuthService - Patient ID 16 found for user ID 6
2026-09-17 10:30:28 [http-nio-8080-exec-10] INFO  com.patientmanagement.service.AuthService - User logged in successfully with email: avdhut@gmail.com and role: PATIENT
2026-09-17 10:30:32 [http-nio-8080-exec-3] INFO  com.patientmanagement.controller.DoctorController - GET /api/doctors - Fetching all active doctors
2026-09-17 10:30:32 [http-nio-8080-exec-3] INFO  com.patientmanagement.service.DoctorService - Fetching all active doctors
2026-09-17 10:30:32 [http-nio-8080-exec-3] INFO  com.patientmanagement.service.DoctorService - Found 4 active doctors
2026-09-17 10:30:37 [http-nio-8080-exec-7] INFO  com.patientmanagement.controller.DoctorController - GET /api/doctors - Fetching all active doctors
2026-09-17 10:30:37 [http-nio-8080-exec-7] INFO  com.patientmanagement.service.DoctorService - Fetching all active doctors
2026-09-17 10:30:37 [http-nio-8080-exec-7] INFO  com.patientmanagement.service.DoctorService - Found 4 active doctors
2026-09-17 10:31:15 [http-nio-8080-exec-2] INFO  com.patientmanagement.controller.AppointmentController - POST /api/appointments - Creating appointment
2026-09-17 10:31:15 [http-nio-8080-exec-2] INFO  com.patientmanagement.service.AppointmentService - Creating appointment for patient id: 16 and doctor id: 5
2026-09-17 10:31:15 [http-nio-8080-exec-2] INFO  com.patientmanagement.service.AppointmentService - Appointment created successfully with id: 9
2026-09-17 10:31:15 [http-nio-8080-exec-5] INFO  com.patientmanagement.controller.AppointmentController - GET /api/appointments - Fetching all appointments
2026-09-17 10:31:15 [http-nio-8080-exec-5] INFO  com.patientmanagement.service.AppointmentService - Fetching all appointments
2026-09-17 10:31:15 [http-nio-8080-exec-5] INFO  com.patientmanagement.service.AppointmentService - Found 6 appointments
2026-09-17 10:31:41 [http-nio-8080-exec-9] INFO  com.patientmanagement.controller.AppointmentController - GET /api/appointments - Fetching all appointments
2026-09-17 10:31:41 [http-nio-8080-exec-9] INFO  com.patientmanagement.service.AppointmentService - Fetching all appointments
2026-09-17 10:31:41 [http-nio-8080-exec-9] INFO  com.patientmanagement.service.AppointmentService - Found 6 appointments
2026-09-17 10:31:53 [http-nio-8080-exec-1] INFO  com.patientmanagement.controller.AppointmentController - GET /api/appointments - Fetching all appointments
2026-09-17 10:31:53 [http-nio-8080-exec-1] INFO  com.patientmanagement.service.AppointmentService - Fetching all appointments
2026-09-17 10:31:53 [http-nio-8080-exec-1] INFO  com.patientmanagement.service.AppointmentService - Found 6 appointments
2026-09-17 10:39:48 [http-nio-8080-exec-7] INFO  com.patientmanagement.controller.AppointmentController - GET /api/appointments - Fetching all appointments
2026-09-17 10:39:48 [http-nio-8080-exec-7] INFO  com.patientmanagement.service.AppointmentService - Fetching all appointments
2026-09-17 10:39:48 [http-nio-8080-exec-7] INFO  com.patientmanagement.service.AppointmentService - Found 6 appointments
2026-09-17 10:46:08 [http-nio-8080-exec-5] INFO  com.patientmanagement.controller.AppointmentController - GET /api/appointments - Fetching all appointments
2026-09-17 10:46:08 [http-nio-8080-exec-5] INFO  com.patientmanagement.service.AppointmentService - Fetching all appointments
2026-09-17 10:46:08 [http-nio-8080-exec-5] INFO  com.patientmanagement.service.AppointmentService - Found 6 appointments
2026-09-17 10:46:15 [http-nio-8080-exec-9] INFO  com.patientmanagement.controller.DoctorController - GET /api/doctors - Fetching all active doctors
2026-09-17 10:46:15 [http-nio-8080-exec-9] INFO  com.patientmanagement.service.DoctorService - Fetching all active doctors
2026-09-17 10:46:15 [http-nio-8080-exec-9] INFO  com.patientmanagement.service.DoctorService - Found 4 active doctors
2026-09-17 10:46:22 [http-nio-8080-exec-1] INFO  com.patientmanagement.controller.DoctorController - GET /api/doctors - Fetching all active doctors
2026-09-17 10:46:22 [http-nio-8080-exec-1] INFO  com.patientmanagement.service.DoctorService - Fetching all active doctors
2026-09-17 10:46:22 [http-nio-8080-exec-1] INFO  com.patientmanagement.service.DoctorService - Found 4 active doctors
2026-09-17 10:46:35 [http-nio-8080-exec-4] INFO  com.patientmanagement.controller.AppointmentController - GET /api/appointments - Fetching all appointments
2026-09-17 10:46:35 [http-nio-8080-exec-4] INFO  com.patientmanagement.service.AppointmentService - Fetching all appointments
2026-09-17 10:46:35 [http-nio-8080-exec-4] INFO  com.patientmanagement.service.AppointmentService - Found 6 appointments
2026-09-17 10:49:35 [http-nio-8080-exec-2] INFO  com.patientmanagement.service.AuthService - Login attempt received for email: admin@gmail.com
2026-09-17 10:49:35 [http-nio-8080-exec-2] INFO  com.patientmanagement.security.JwtService - Generating JWT token for user: admin@gmail.com with role: ADMIN
2026-09-17 10:49:35 [http-nio-8080-exec-2] INFO  com.patientmanagement.service.AuthService - User logged in successfully with email: admin@gmail.com and role: ADMIN
2026-09-17 10:53:32 [http-nio-8080-exec-1] INFO  com.patientmanagement.controller.DoctorController - GET /api/doctors - Fetching all active doctors
2026-09-17 10:53:32 [http-nio-8080-exec-4] INFO  com.patientmanagement.controller.AppointmentController - GET /api/appointments - Fetching all appointments
2026-09-17 10:53:32 [http-nio-8080-exec-1] INFO  com.patientmanagement.service.DoctorService - Fetching all active doctors
2026-09-17 10:53:32 [http-nio-8080-exec-4] INFO  com.patientmanagement.service.AppointmentService - Fetching all appointments
2026-09-17 10:53:32 [http-nio-8080-exec-1] INFO  com.patientmanagement.service.DoctorService - Found 4 active doctors
2026-09-17 10:53:32 [http-nio-8080-exec-10] INFO  com.patientmanagement.controller.PatientController - GET /api/patients - Fetching active patients
2026-09-17 10:53:32 [http-nio-8080-exec-10] INFO  com.patientmanagement.service.PatientService - Fetching all active patients
2026-09-17 10:53:32 [http-nio-8080-exec-10] INFO  com.patientmanagement.service.PatientService - Found 7 active patients
2026-09-17 10:53:32 [http-nio-8080-exec-4] INFO  com.patientmanagement.service.AppointmentService - Found 6 appointments
2026-09-17 10:53:48 [http-nio-8080-exec-8] INFO  com.patientmanagement.controller.AppointmentController - PUT /api/appointments/8 - Updating appointment
2026-09-17 10:53:48 [http-nio-8080-exec-8] INFO  com.patientmanagement.service.AppointmentService - Updating appointment with id: 8
2026-09-17 10:53:48 [http-nio-8080-exec-8] INFO  com.patientmanagement.service.AppointmentService - Appointment updated successfully with id: 8
2026-09-17 10:54:15 [http-nio-8080-exec-9] INFO  com.patientmanagement.controller.PatientController - GET /api/patients - Fetching active patients
2026-09-17 10:54:15 [http-nio-8080-exec-9] INFO  com.patientmanagement.service.PatientService - Fetching all active patients
2026-09-17 10:54:15 [http-nio-8080-exec-9] INFO  com.patientmanagement.service.PatientService - Found 7 active patients
2026-09-17 10:54:18 [http-nio-8080-exec-1] INFO  com.patientmanagement.controller.DoctorController - GET /api/doctors - Fetching all active doctors
2026-09-17 10:54:18 [http-nio-8080-exec-1] INFO  com.patientmanagement.service.DoctorService - Fetching all active doctors
2026-09-17 10:54:18 [http-nio-8080-exec-1] INFO  com.patientmanagement.service.DoctorService - Found 4 active doctors
2026-09-17 10:58:23 [http-nio-8080-exec-2] INFO  com.patientmanagement.controller.DoctorController - GET /api/doctors - Fetching all active doctors
2026-09-17 10:58:23 [http-nio-8080-exec-2] INFO  com.patientmanagement.service.DoctorService - Fetching all active doctors
2026-09-17 10:58:23 [http-nio-8080-exec-2] INFO  com.patientmanagement.service.DoctorService - Found 4 active doctors
2026-09-17 10:58:24 [http-nio-8080-exec-6] INFO  com.patientmanagement.controller.PatientController - GET /api/patients - Fetching active patients
2026-09-17 10:58:24 [http-nio-8080-exec-6] INFO  com.patientmanagement.service.PatientService - Fetching all active patients
2026-09-17 10:58:24 [http-nio-8080-exec-6] INFO  com.patientmanagement.service.PatientService - Found 7 active patients
2026-09-17 10:58:26 [http-nio-8080-exec-1] INFO  com.patientmanagement.controller.PatientController - GET /api/patients - Fetching active patients
2026-09-17 10:58:26 [http-nio-8080-exec-1] INFO  com.patientmanagement.service.PatientService - Fetching all active patients
2026-09-17 10:58:26 [http-nio-8080-exec-10] INFO  com.patientmanagement.controller.DoctorController - GET /api/doctors - Fetching all active doctors
2026-09-17 10:58:26 [http-nio-8080-exec-10] INFO  com.patientmanagement.service.DoctorService - Fetching all active doctors
2026-09-17 10:58:26 [http-nio-8080-exec-1] INFO  com.patientmanagement.service.PatientService - Found 7 active patients
2026-09-17 10:58:26 [http-nio-8080-exec-7] INFO  com.patientmanagement.controller.AppointmentController - GET /api/appointments - Fetching all appointments
2026-09-17 10:58:26 [http-nio-8080-exec-7] INFO  com.patientmanagement.service.AppointmentService - Fetching all appointments
2026-09-17 10:58:26 [http-nio-8080-exec-10] INFO  com.patientmanagement.service.DoctorService - Found 4 active doctors
2026-09-17 10:58:26 [http-nio-8080-exec-7] INFO  com.patientmanagement.service.AppointmentService - Found 6 appointments
2026-09-17 10:58:45 [http-nio-8080-exec-6] INFO  com.patientmanagement.controller.PatientController - GET /api/patients - Fetching active patients
2026-09-17 10:58:45 [http-nio-8080-exec-6] INFO  com.patientmanagement.service.PatientService - Fetching all active patients
2026-09-17 10:58:45 [http-nio-8080-exec-6] INFO  com.patientmanagement.service.PatientService - Found 7 active patients
2026-09-17 10:58:51 [http-nio-8080-exec-3] INFO  com.patientmanagement.controller.DoctorController - GET /api/doctors - Fetching all active doctors
2026-09-17 10:58:51 [http-nio-8080-exec-3] INFO  com.patientmanagement.service.DoctorService - Fetching all active doctors
2026-09-17 10:58:51 [http-nio-8080-exec-3] INFO  com.patientmanagement.service.DoctorService - Found 4 active doctors
2026-09-17 11:02:39 [http-nio-8080-exec-8] INFO  com.patientmanagement.service.AuthService - Login attempt received for email: rohit@gmail.com
2026-09-17 11:02:40 [http-nio-8080-exec-8] INFO  com.patientmanagement.security.JwtService - Generating JWT token for user: rohit@gmail.com with role: DOCTOR
2026-09-17 11:02:40 [http-nio-8080-exec-8] INFO  com.patientmanagement.service.AuthService - User logged in successfully with email: rohit@gmail.com and role: DOCTOR
2026-09-17 11:03:05 [http-nio-8080-exec-5] INFO  com.patientmanagement.service.AuthService - Login attempt received for email: rohit@gmail.com
2026-09-17 11:03:05 [http-nio-8080-exec-5] INFO  com.patientmanagement.security.JwtService - Generating JWT token for user: rohit@gmail.com with role: DOCTOR
2026-09-17 11:03:05 [http-nio-8080-exec-5] INFO  com.patientmanagement.service.AuthService - User logged in successfully with email: rohit@gmail.com and role: DOCTOR
2026-09-17 11:03:22 [http-nio-8080-exec-9] INFO  com.patientmanagement.service.AuthService - Login attempt received for email: rohit@gmail.com
2026-09-17 11:03:22 [http-nio-8080-exec-9] INFO  com.patientmanagement.security.JwtService - Generating JWT token for user: rohit@gmail.com with role: DOCTOR
2026-09-17 11:03:22 [http-nio-8080-exec-9] INFO  com.patientmanagement.service.AuthService - User logged in successfully with email: rohit@gmail.com and role: DOCTOR
2026-09-17 11:03:38 [http-nio-8080-exec-4] INFO  com.patientmanagement.service.AuthService - Login attempt received for email: avdhut@gmail.com
2026-09-17 11:03:38 [http-nio-8080-exec-4] INFO  com.patientmanagement.security.JwtService - Generating JWT token for user: avdhut@gmail.com with role: PATIENT
2026-09-17 11:03:38 [http-nio-8080-exec-4] INFO  com.patientmanagement.service.AuthService - Patient ID 16 found for user ID 6
2026-09-17 11:03:38 [http-nio-8080-exec-4] INFO  com.patientmanagement.service.AuthService - User logged in successfully with email: avdhut@gmail.com and role: PATIENT
2026-09-17 11:03:48 [http-nio-8080-exec-10] INFO  com.patientmanagement.controller.DoctorController - GET /api/doctors - Fetching all active doctors
2026-09-17 11:03:48 [http-nio-8080-exec-10] INFO  com.patientmanagement.service.DoctorService - Fetching all active doctors
2026-09-17 11:03:48 [http-nio-8080-exec-10] INFO  com.patientmanagement.service.DoctorService - Found 4 active doctors
2026-09-17 11:03:54 [http-nio-8080-exec-8] INFO  com.patientmanagement.controller.AppointmentController - GET /api/appointments - Fetching all appointments
2026-09-17 11:03:54 [http-nio-8080-exec-8] INFO  com.patientmanagement.service.AppointmentService - Fetching all appointments
2026-09-17 11:03:54 [http-nio-8080-exec-8] INFO  com.patientmanagement.service.AppointmentService - Found 6 appointments
2026-09-17 11:13:39 [HikariPool-1:housekeeper] WARN  com.zaxxer.hikari.pool.HikariPool - HikariPool-1 - Thread starvation or clock leap detected (housekeeper delta=6m36s915ms490µs600ns).
2026-09-17 11:18:27 [http-nio-8080-exec-6] INFO  com.patientmanagement.service.AuthService - Login attempt received for email: admin@gmail.com
2026-09-17 11:18:27 [http-nio-8080-exec-6] INFO  com.patientmanagement.security.JwtService - Generating JWT token for user: admin@gmail.com with role: ADMIN
2026-09-17 11:18:27 [http-nio-8080-exec-6] INFO  com.patientmanagement.service.AuthService - User logged in successfully with email: admin@gmail.com and role: ADMIN
2026-09-17 11:18:34 [http-nio-8080-exec-3] INFO  com.patientmanagement.controller.DoctorController - GET /api/doctors - Fetching all active doctors
2026-09-17 11:18:34 [http-nio-8080-exec-3] INFO  com.patientmanagement.service.DoctorService - Fetching all active doctors
2026-09-17 11:18:34 [http-nio-8080-exec-3] INFO  com.patientmanagement.service.DoctorService - Found 4 active doctors
2026-09-17 11:18:38 [http-nio-8080-exec-1] INFO  com.patientmanagement.controller.PatientController - GET /api/patients - Fetching active patients
2026-09-17 11:18:38 [http-nio-8080-exec-1] INFO  com.patientmanagement.service.PatientService - Fetching all active patients
2026-09-17 11:18:38 [http-nio-8080-exec-1] INFO  com.patientmanagement.service.PatientService - Found 7 active patients
2026-09-17 11:18:46 [http-nio-8080-exec-2] INFO  com.patientmanagement.controller.PatientController - GET /api/patients - Fetching active patients
2026-09-17 11:18:46 [http-nio-8080-exec-2] INFO  com.patientmanagement.service.PatientService - Fetching all active patients
2026-09-17 11:18:46 [http-nio-8080-exec-9] INFO  com.patientmanagement.controller.DoctorController - GET /api/doctors - Fetching all active doctors
2026-09-17 11:18:46 [http-nio-8080-exec-9] INFO  com.patientmanagement.service.DoctorService - Fetching all active doctors
2026-09-17 11:18:46 [http-nio-8080-exec-3] INFO  com.patientmanagement.controller.AppointmentController - GET /api/appointments - Fetching all appointments
2026-09-17 11:18:46 [http-nio-8080-exec-3] INFO  com.patientmanagement.service.AppointmentService - Fetching all appointments
2026-09-17 11:18:46 [http-nio-8080-exec-2] INFO  com.patientmanagement.service.PatientService - Found 7 active patients
2026-09-17 11:18:46 [http-nio-8080-exec-9] INFO  com.patientmanagement.service.DoctorService - Found 4 active doctors
2026-09-17 11:18:46 [http-nio-8080-exec-3] INFO  com.patientmanagement.service.AppointmentService - Found 6 appointments
2026-09-17 11:19:34 [http-nio-8080-exec-8] INFO  com.patientmanagement.controller.PatientController - GET /api/patients - Fetching active patients
2026-09-17 11:19:34 [http-nio-8080-exec-2] INFO  com.patientmanagement.controller.AppointmentController - GET /api/appointments - Fetching all appointments
2026-09-17 11:19:34 [http-nio-8080-exec-6] INFO  com.patientmanagement.controller.DoctorController - GET /api/doctors - Fetching all active doctors
2026-09-17 11:19:34 [http-nio-8080-exec-8] INFO  com.patientmanagement.service.PatientService - Fetching all active patients
2026-09-17 11:19:34 [http-nio-8080-exec-2] INFO  com.patientmanagement.service.AppointmentService - Fetching all appointments
2026-09-17 11:19:34 [http-nio-8080-exec-6] INFO  com.patientmanagement.service.DoctorService - Fetching all active doctors
2026-09-17 11:19:34 [http-nio-8080-exec-6] INFO  com.patientmanagement.service.DoctorService - Found 4 active doctors
2026-09-17 11:19:34 [http-nio-8080-exec-8] INFO  com.patientmanagement.service.PatientService - Found 7 active patients
2026-09-17 11:19:34 [http-nio-8080-exec-2] INFO  com.patientmanagement.service.AppointmentService - Found 6 appointments
2026-09-17 11:23:22 [http-nio-8080-exec-10] INFO  com.patientmanagement.controller.PatientController - GET /api/patients - Fetching active patients
2026-09-17 11:23:22 [http-nio-8080-exec-10] INFO  com.patientmanagement.service.PatientService - Fetching all active patients
2026-09-17 11:23:22 [http-nio-8080-exec-10] INFO  com.patientmanagement.service.PatientService - Found 7 active patients
2026-09-17 11:23:40 [http-nio-8080-exec-5] INFO  com.patientmanagement.service.AuthService - Login attempt received for email: avdhut@gmail.com
2026-09-17 11:23:40 [http-nio-8080-exec-5] INFO  com.patientmanagement.security.JwtService - Generating JWT token for user: avdhut@gmail.com with role: PATIENT
2026-09-17 11:23:40 [http-nio-8080-exec-5] INFO  com.patientmanagement.service.AuthService - Patient ID 16 found for user ID 6
2026-09-17 11:23:40 [http-nio-8080-exec-5] INFO  com.patientmanagement.service.AuthService - User logged in successfully with email: avdhut@gmail.com and role: PATIENT
2026-09-17 11:23:45 [http-nio-8080-exec-8] INFO  com.patientmanagement.controller.DoctorController - GET /api/doctors - Fetching all active doctors
2026-09-17 11:23:45 [http-nio-8080-exec-8] INFO  com.patientmanagement.service.DoctorService - Fetching all active doctors
2026-09-17 11:23:45 [http-nio-8080-exec-8] INFO  com.patientmanagement.service.DoctorService - Found 4 active doctors
2026-09-17 11:23:49 [http-nio-8080-exec-2] INFO  com.patientmanagement.controller.DoctorController - GET /api/doctors - Fetching all active doctors
2026-09-17 11:23:49 [http-nio-8080-exec-2] INFO  com.patientmanagement.service.DoctorService - Fetching all active doctors
2026-09-17 11:23:49 [http-nio-8080-exec-2] INFO  com.patientmanagement.service.DoctorService - Found 4 active doctors
2026-09-17 11:23:57 [http-nio-8080-exec-9] INFO  com.patientmanagement.controller.AppointmentController - GET /api/appointments - Fetching all appointments
2026-09-17 11:23:57 [http-nio-8080-exec-9] INFO  com.patientmanagement.service.AppointmentService - Fetching all appointments
2026-09-17 11:23:57 [http-nio-8080-exec-9] INFO  com.patientmanagement.service.AppointmentService - Found 6 appointments
2026-09-17 11:25:33 [http-nio-8080-exec-10] INFO  com.patientmanagement.service.AuthService - Login attempt received for email: admin@gmail.com
2026-09-17 11:25:33 [http-nio-8080-exec-10] INFO  com.patientmanagement.security.JwtService - Generating JWT token for user: admin@gmail.com with role: ADMIN
2026-09-17 11:25:33 [http-nio-8080-exec-10] INFO  com.patientmanagement.service.AuthService - User logged in successfully with email: admin@gmail.com and role: ADMIN
2026-09-17 11:26:03 [http-nio-8080-exec-5] INFO  com.patientmanagement.controller.DoctorController - GET /api/doctors - Fetching all active doctors
2026-09-17 11:26:03 [http-nio-8080-exec-5] INFO  com.patientmanagement.service.DoctorService - Fetching all active doctors
2026-09-17 11:26:03 [http-nio-8080-exec-5] INFO  com.patientmanagement.service.DoctorService - Found 4 active doctors
2026-09-17 11:26:05 [http-nio-8080-exec-8] INFO  com.patientmanagement.controller.PatientController - GET /api/patients - Fetching active patients
2026-09-17 11:26:05 [http-nio-8080-exec-8] INFO  com.patientmanagement.service.PatientService - Fetching all active patients
2026-09-17 11:26:05 [http-nio-8080-exec-8] INFO  com.patientmanagement.service.PatientService - Found 7 active patients
2026-09-17 11:26:10 [http-nio-8080-exec-3] INFO  com.patientmanagement.controller.PatientController - GET /api/patients - Fetching active patients
2026-09-17 11:26:10 [http-nio-8080-exec-3] INFO  com.patientmanagement.service.PatientService - Fetching all active patients
2026-09-17 11:26:10 [http-nio-8080-exec-7] INFO  com.patientmanagement.controller.DoctorController - GET /api/doctors - Fetching all active doctors
2026-09-17 11:26:10 [http-nio-8080-exec-7] INFO  com.patientmanagement.service.DoctorService - Fetching all active doctors
2026-09-17 11:26:10 [http-nio-8080-exec-7] INFO  com.patientmanagement.service.DoctorService - Found 4 active doctors
2026-09-17 11:26:10 [http-nio-8080-exec-3] INFO  com.patientmanagement.service.PatientService - Found 7 active patients
2026-09-17 11:26:10 [http-nio-8080-exec-5] INFO  com.patientmanagement.controller.AppointmentController - GET /api/appointments - Fetching all appointments
2026-09-17 11:26:10 [http-nio-8080-exec-5] INFO  com.patientmanagement.service.AppointmentService - Fetching all appointments
2026-09-17 11:26:10 [http-nio-8080-exec-5] INFO  com.patientmanagement.service.AppointmentService - Found 6 appointments
2026-09-17 11:33:29 [SpringApplicationShutdownHook] INFO  org.springframework.boot.tomcat.GracefulShutdown - Commencing graceful shutdown. Waiting for active requests to complete
2026-09-17 11:33:29 [tomcat-shutdown] INFO  org.springframework.boot.tomcat.GracefulShutdown - Graceful shutdown complete
2026-09-17 11:33:29 [SpringApplicationShutdownHook] INFO  org.springframework.orm.jpa.LocalContainerEntityManagerFactoryBean - Closing JPA EntityManagerFactory for persistence unit 'default'
2026-09-17 11:33:29 [SpringApplicationShutdownHook] INFO  com.zaxxer.hikari.HikariDataSource - HikariPool-1 - Shutdown initiated...
2026-09-17 11:33:29 [SpringApplicationShutdownHook] INFO  com.zaxxer.hikari.HikariDataSource - HikariPool-1 - Shutdown completed.
2026-09-17 17:19:49 [restartedMain] INFO  com.patientmanagement.BackendApplication - Starting BackendApplication using Java 21.0.12 with PID 16472 (C:\Users\Vishal\Desktop\Full Project\PatientDoctorManagement\backend\target\classes started by Vishal in C:\Users\Vishal\Desktop\Full Project\PatientDoctorManagement)
2026-09-17 17:19:49 [restartedMain] INFO  com.patientmanagement.BackendApplication - No active profile set, falling back to 1 default profile: "default"
2026-09-17 17:19:49 [restartedMain] INFO  org.springframework.boot.devtools.env.DevToolsPropertyDefaultsPostProcessor - Devtools property defaults active! Set 'spring.devtools.add-properties' to 'false' to disable
2026-09-17 17:19:49 [restartedMain] INFO  org.springframework.boot.devtools.env.DevToolsPropertyDefaultsPostProcessor - For additional web related logging consider setting the 'logging.level.web' property to 'DEBUG'
2026-09-17 17:19:50 [background-preinit] INFO  org.hibernate.validator.internal.util.Version - HV000001: Hibernate Validator 9.1.3.Final
2026-09-17 17:19:50 [restartedMain] INFO  org.springframework.data.repository.config.RepositoryConfigurationDelegate - Bootstrapping Spring Data JPA repositories in DEFAULT mode.
2026-09-17 17:19:51 [restartedMain] INFO  org.springframework.data.repository.config.RepositoryConfigurationDelegate - Finished Spring Data repository scanning in 106 ms. Found 5 JPA repository interfaces.
2026-09-17 17:19:52 [restartedMain] INFO  org.springframework.boot.tomcat.TomcatWebServer - Tomcat initialized with port 8080 (http)
2026-09-17 17:19:52 [restartedMain] INFO  org.apache.coyote.http11.Http11NioProtocol - Initializing ProtocolHandler ["http-nio-8080"]
2026-09-17 17:19:52 [restartedMain] INFO  org.apache.catalina.core.StandardService - Starting service [Tomcat]
2026-09-17 17:19:52 [restartedMain] INFO  org.apache.catalina.core.StandardEngine - Starting Servlet engine: [Apache Tomcat/11.0.24]
2026-09-17 17:19:52 [restartedMain] INFO  org.springframework.boot.web.context.servlet.WebApplicationContextInitializer - Root WebApplicationContext: initialization completed in 2606 ms
2026-09-17 17:19:52 [restartedMain] INFO  org.hibernate.orm.jpa - HHH008540: Processing PersistenceUnitInfo [name: default]
2026-09-17 17:19:52 [restartedMain] INFO  org.hibernate.orm.core - HHH000001: Hibernate ORM core version 7.4.5.Final
2026-09-17 17:19:53 [restartedMain] INFO  org.springframework.orm.jpa.persistenceunit.SpringPersistenceUnitInfo - No LoadTimeWeaver setup: ignoring JPA class transformer
2026-09-17 17:19:53 [restartedMain] INFO  com.zaxxer.hikari.HikariDataSource - HikariPool-1 - Starting...
2026-09-17 17:19:53 [restartedMain] INFO  com.zaxxer.hikari.pool.HikariPool - HikariPool-1 - Added connection ConnectionID:1 ClientConnectionId: 3e9bf9ab-1448-4531-a3e2-13b3b3dbfc38
2026-09-17 17:19:53 [restartedMain] INFO  com.zaxxer.hikari.HikariDataSource - HikariPool-1 - Start completed.
2026-09-17 17:19:53 [restartedMain] WARN  org.hibernate.orm.deprecation - HHH90000025: SQLServerDialect does not need to be specified explicitly using 'hibernate.dialect' (remove the property setting and it will be selected by default)
2026-09-17 17:19:53 [restartedMain] INFO  org.hibernate.orm.connections.pooling - HHH10001005: Database info:
	Database JDBC URL [jdbc:sqlserver://localhost:1433;concatNullYieldsNull=ON;quotedIdentifier=ON;connectRetryInterval=10;connectRetryCount=1;maxResultBuffer=-1;sendTemporalDataTypesAsStringForBulkCopy=true;delayLoadingLobs=true;useFmtOnly=false;vectorTypeSupport=v1;cacheBulkCopyMetadata=false;bulkCopyForBatchInsertAllowEncryptedValueModifications=false;bulkCopyForBatchInsertTableLock=false;bulkCopyForBatchInsertKeepNulls=false;bulkCopyForBatchInsertKeepIdentity=false;bulkCopyForBatchInsertFireTriggers=false;bulkCopyForBatchInsertCheckConstraints=false;bulkCopyForBatchInsertBatchSize=0;useBulkCopyForBatchInsert=false;cancelQueryTimeout=-1;sslProtocol=TLS;calcBigDecimalPrecision=false;useDefaultJaasConfig=false;jaasConfigurationName=SQLJDBCDriver;statementPoolingCacheSize=0;serverPreparedStatementDiscardThreshold=10;enablePrepareOnFirstPreparedStatementCall=false;fips=false;socketTimeout=0;authentication=NotSpecified;authenticationScheme=nativeAuthentication;xopenStates=false;datetimeParameterType=datetime2;sendTimeAsDatetime=false;replication=false;trustStoreType=JKS;trustServerCertificate=true;TransparentNetworkIPResolution=true;iPAddressPreference=IPv4First;serverNameAsACE=false;sendStringParametersAsUnicode=true;selectMethod=direct;responseBuffering=adaptive;queryTimeout=-1;packetSize=8000;multiSubnetFailover=false;loginTimeout=30;lockTimeout=-1;lastUpdateCount=true;useDefaultGSSCredential=false;prepareMethod=prepexec;encrypt=true;disableStatementPooling=true;databaseName=PatientManagementDB;columnEncryptionSetting=Disabled;applicationName=Microsoft JDBC Driver for SQL Server;applicationIntent=readwrite;]
	Database driver: Microsoft JDBC Driver 13.4 for SQL Server
	Database dialect: SQLServerDialect
	Database version: 17.0
	Default catalog/schema: PatientManagementDB/dbo
	Autocommit mode: undefined/unknown
	Isolation level: READ_COMMITTED [default READ_COMMITTED]
	JDBC fetch size: 128
	Pool: DataSourceConnectionProvider
	Minimum pool size: undefined/unknown
	Maximum pool size: undefined/unknown
2026-09-17 17:19:55 [restartedMain] INFO  org.hibernate.orm.core - HHH000489: No JTA platform available (set 'hibernate.transaction.jta.platform' to enable JTA platform integration)
2026-09-17 17:19:55 [restartedMain] INFO  org.springframework.orm.jpa.LocalContainerEntityManagerFactoryBean - Initialized JPA EntityManagerFactory for persistence unit 'default'
2026-09-17 17:19:56 [restartedMain] INFO  org.springframework.data.jpa.repository.query.QueryEnhancerFactories - Hibernate is in classpath; If applicable, HQL parser will be used.
2026-09-17 17:19:56 [restartedMain] INFO  org.springframework.security.config.annotation.authentication.configuration.InitializeAuthenticationProviderBeanManagerConfigurer$InitializeAuthenticationProviderManagerConfigurer - Global AuthenticationManager configured with AuthenticationProvider bean with name authenticationProvider
2026-09-17 17:19:56 [restartedMain] WARN  org.springframework.security.config.annotation.authentication.configuration.InitializeUserDetailsBeanManagerConfigurer$InitializeUserDetailsManagerConfigurer - Global AuthenticationManager configured with an AuthenticationProvider bean. UserDetailsService beans will not be used by Spring Security for automatically configuring username/password login. Consider removing the AuthenticationProvider bean. Alternatively, consider using the UserDetailsService in a manually instantiated DaoAuthenticationProvider. If the current configuration is intentional, to turn off this warning, increase the logging level of 'org.springframework.security.config.annotation.authentication.configuration.InitializeUserDetailsBeanManagerConfigurer' to ERROR
2026-09-17 17:19:56 [restartedMain] WARN  org.springframework.boot.jpa.autoconfigure.JpaBaseConfiguration$JpaWebConfiguration - spring.jpa.open-in-view is enabled by default. Therefore, database queries may be performed during view rendering. Explicitly configure spring.jpa.open-in-view to disable this warning
2026-09-17 17:19:57 [restartedMain] INFO  org.apache.coyote.http11.Http11NioProtocol - Starting ProtocolHandler ["http-nio-8080"]
2026-09-17 17:19:57 [restartedMain] INFO  org.springframework.boot.tomcat.TomcatWebServer - Tomcat started on port 8080 (http) with context path '/'
2026-09-17 17:19:57 [restartedMain] INFO  com.patientmanagement.BackendApplication - Started BackendApplication in 8.853 seconds (process running for 9.736)
2026-09-17 17:19:57 [restartedMain] WARN  org.springdoc.core.events.SpringDocAppInitializer - SpringDoc /v3/api-docs endpoint is enabled by default. To disable it in production, set the property 'springdoc.api-docs.enabled=false'
2026-09-17 17:19:57 [restartedMain] WARN  org.springdoc.core.events.SpringDocAppInitializer - SpringDoc /swagger-ui.html endpoint is enabled by default. To disable it in production, set the property 'springdoc.swagger-ui.enabled=false'
2026-09-17 17:20:03 [http-nio-8080-exec-3] INFO  org.apache.catalina.core.ContainerBase.[Tomcat].[localhost].[/] - Initializing Spring DispatcherServlet 'dispatcherServlet'
2026-09-17 17:20:03 [http-nio-8080-exec-3] INFO  org.springframework.web.servlet.DispatcherServlet - Initializing Servlet 'dispatcherServlet'
2026-09-17 17:20:03 [http-nio-8080-exec-3] INFO  org.springframework.web.servlet.DispatcherServlet - Completed initialization in 3 ms
2026-09-17 17:20:04 [http-nio-8080-exec-6] INFO  com.patientmanagement.controller.AppointmentController - GET /api/appointments - Fetching all appointments
2026-09-17 17:20:04 [http-nio-8080-exec-8] INFO  com.patientmanagement.controller.PatientController - GET /api/patients - Fetching active patients
2026-09-17 17:20:04 [http-nio-8080-exec-9] INFO  com.patientmanagement.controller.DoctorController - GET /api/doctors - Fetching all active doctors
2026-09-17 17:20:04 [http-nio-8080-exec-6] INFO  com.patientmanagement.service.AppointmentService - Fetching all appointments
2026-09-17 17:20:04 [http-nio-8080-exec-8] INFO  com.patientmanagement.service.PatientService - Fetching all active patients
2026-09-17 17:20:04 [http-nio-8080-exec-9] INFO  com.patientmanagement.service.DoctorService - Fetching all active doctors
2026-09-17 17:20:04 [http-nio-8080-exec-8] INFO  com.patientmanagement.service.PatientService - Found 7 active patients
2026-09-17 17:20:04 [http-nio-8080-exec-9] INFO  com.patientmanagement.service.DoctorService - Found 5 active doctors
2026-09-17 17:20:04 [http-nio-8080-exec-6] INFO  com.patientmanagement.service.AppointmentService - Found 8 appointments
2026-09-17 17:20:04 [http-nio-8080-exec-10] INFO  com.patientmanagement.controller.AppointmentController - GET /api/appointments - Fetching all appointments
2026-09-17 17:20:04 [http-nio-8080-exec-10] INFO  com.patientmanagement.service.AppointmentService - Fetching all appointments
2026-09-17 17:20:04 [http-nio-8080-exec-3] INFO  com.patientmanagement.controller.PatientController - GET /api/patients - Fetching active patients
2026-09-17 17:20:04 [http-nio-8080-exec-3] INFO  com.patientmanagement.service.PatientService - Fetching all active patients
2026-09-17 17:20:04 [http-nio-8080-exec-3] INFO  com.patientmanagement.service.PatientService - Found 7 active patients
2026-09-17 17:20:04 [http-nio-8080-exec-10] INFO  com.patientmanagement.service.AppointmentService - Found 8 appointments
2026-09-17 17:20:04 [http-nio-8080-exec-2] INFO  com.patientmanagement.controller.AppointmentController - GET /api/appointments - Fetching all appointments
2026-09-17 17:20:04 [http-nio-8080-exec-2] INFO  com.patientmanagement.service.AppointmentService - Fetching all appointments
2026-09-17 17:20:04 [http-nio-8080-exec-2] INFO  com.patientmanagement.service.AppointmentService - Found 8 appointments
2026-09-17 17:20:04 [http-nio-8080-exec-4] INFO  com.patientmanagement.controller.AppointmentController - GET /api/appointments - Fetching all appointments
2026-09-17 17:20:04 [http-nio-8080-exec-4] INFO  com.patientmanagement.service.AppointmentService - Fetching all appointments
2026-09-17 17:20:04 [http-nio-8080-exec-4] INFO  com.patientmanagement.service.AppointmentService - Found 8 appointments
2026-09-17 17:20:17 [http-nio-8080-exec-7] INFO  com.patientmanagement.service.AuthService - Login attempt received for email: rohit@gmail.com
2026-09-17 17:20:17 [http-nio-8080-exec-7] INFO  com.patientmanagement.security.JwtService - Generating JWT token for user: rohit@gmail.com with role: DOCTOR
2026-09-17 17:20:17 [http-nio-8080-exec-7] INFO  com.patientmanagement.service.AuthService - User logged in successfully with email: rohit@gmail.com and role: DOCTOR
2026-09-17 17:20:17 [http-nio-8080-exec-3] INFO  com.patientmanagement.controller.PatientController - GET /api/patients - Fetching active patients
2026-09-17 17:20:17 [http-nio-8080-exec-4] INFO  com.patientmanagement.controller.AppointmentController - GET /api/appointments - Fetching all appointments
2026-09-17 17:20:17 [http-nio-8080-exec-3] INFO  com.patientmanagement.service.PatientService - Fetching all active patients
2026-09-17 17:20:17 [http-nio-8080-exec-4] INFO  com.patientmanagement.service.AppointmentService - Fetching all appointments
2026-09-17 17:20:17 [http-nio-8080-exec-5] INFO  com.patientmanagement.controller.DoctorController - GET /api/doctors - Fetching all active doctors
2026-09-17 17:20:17 [http-nio-8080-exec-5] INFO  com.patientmanagement.service.DoctorService - Fetching all active doctors
2026-09-17 17:20:17 [http-nio-8080-exec-3] INFO  com.patientmanagement.service.PatientService - Found 7 active patients
2026-09-17 17:20:17 [http-nio-8080-exec-5] INFO  com.patientmanagement.service.DoctorService - Found 5 active doctors
2026-09-17 17:20:18 [http-nio-8080-exec-8] INFO  com.patientmanagement.controller.PatientController - GET /api/patients - Fetching active patients
2026-09-17 17:20:18 [http-nio-8080-exec-8] INFO  com.patientmanagement.service.PatientService - Fetching all active patients
2026-09-17 17:20:18 [http-nio-8080-exec-8] INFO  com.patientmanagement.service.PatientService - Found 7 active patients
2026-09-17 17:20:18 [http-nio-8080-exec-4] INFO  com.patientmanagement.service.AppointmentService - Found 8 appointments
2026-09-17 17:20:18 [http-nio-8080-exec-6] INFO  com.patientmanagement.controller.AppointmentController - GET /api/appointments - Fetching all appointments
2026-09-17 17:20:18 [http-nio-8080-exec-6] INFO  com.patientmanagement.service.AppointmentService - Fetching all appointments
2026-09-17 17:20:18 [http-nio-8080-exec-6] INFO  com.patientmanagement.service.AppointmentService - Found 8 appointments
2026-09-17 17:20:18 [http-nio-8080-exec-1] INFO  com.patientmanagement.controller.AppointmentController - GET /api/appointments - Fetching all appointments
2026-09-17 17:20:18 [http-nio-8080-exec-1] INFO  com.patientmanagement.service.AppointmentService - Fetching all appointments
2026-09-17 17:20:18 [http-nio-8080-exec-1] INFO  com.patientmanagement.service.AppointmentService - Found 8 appointments
2026-09-17 17:20:18 [http-nio-8080-exec-10] INFO  com.patientmanagement.controller.AppointmentController - GET /api/appointments - Fetching all appointments
2026-09-17 17:20:18 [http-nio-8080-exec-10] INFO  com.patientmanagement.service.AppointmentService - Fetching all appointments
2026-09-17 17:20:18 [http-nio-8080-exec-10] INFO  com.patientmanagement.service.AppointmentService - Found 8 appointments
2026-09-17 17:20:59 [http-nio-8080-exec-3] INFO  com.patientmanagement.service.AuthService - Login attempt received for email: avdhut@gmail.com
2026-09-17 17:20:59 [http-nio-8080-exec-3] INFO  com.patientmanagement.security.JwtService - Generating JWT token for user: avdhut@gmail.com with role: PATIENT
2026-09-17 17:20:59 [http-nio-8080-exec-3] INFO  com.patientmanagement.service.AuthService - Patient ID 16 found for user ID 6
2026-09-17 17:20:59 [http-nio-8080-exec-3] INFO  com.patientmanagement.service.AuthService - User logged in successfully with email: avdhut@gmail.com and role: PATIENT
2026-09-17 17:21:02 [http-nio-8080-exec-9] INFO  com.patientmanagement.controller.DoctorController - GET /api/doctors - Fetching all active doctors
2026-09-17 17:21:02 [http-nio-8080-exec-9] INFO  com.patientmanagement.service.DoctorService - Fetching all active doctors
2026-09-17 17:21:02 [http-nio-8080-exec-9] INFO  com.patientmanagement.service.DoctorService - Found 5 active doctors
2026-09-17 17:21:06 [http-nio-8080-exec-7] INFO  com.patientmanagement.controller.AppointmentController - GET /api/appointments - Fetching all appointments
2026-09-17 17:21:06 [http-nio-8080-exec-7] INFO  com.patientmanagement.service.AppointmentService - Fetching all appointments
2026-09-17 17:21:06 [http-nio-8080-exec-7] INFO  com.patientmanagement.service.AppointmentService - Found 8 appointments
2026-09-17 17:21:36 [http-nio-8080-exec-9] INFO  com.patientmanagement.service.AuthService - Login attempt received for email: admin@gmail.com
2026-09-17 17:21:36 [http-nio-8080-exec-9] INFO  com.patientmanagement.security.JwtService - Generating JWT token for user: admin@gmail.com with role: ADMIN
2026-09-17 17:21:36 [http-nio-8080-exec-9] INFO  com.patientmanagement.service.AuthService - User logged in successfully with email: admin@gmail.com and role: ADMIN
2026-09-17 17:21:43 [SpringApplicationShutdownHook] INFO  org.springframework.boot.tomcat.GracefulShutdown - Commencing graceful shutdown. Waiting for active requests to complete
2026-09-17 17:21:43 [tomcat-shutdown] INFO  org.springframework.boot.tomcat.GracefulShutdown - Graceful shutdown complete
2026-09-17 17:21:43 [SpringApplicationShutdownHook] INFO  org.springframework.orm.jpa.LocalContainerEntityManagerFactoryBean - Closing JPA EntityManagerFactory for persistence unit 'default'
2026-09-17 17:21:43 [SpringApplicationShutdownHook] INFO  com.zaxxer.hikari.HikariDataSource - HikariPool-1 - Shutdown initiated...
2026-09-17 17:21:43 [SpringApplicationShutdownHook] INFO  com.zaxxer.hikari.HikariDataSource - HikariPool-1 - Shutdown completed.
2026-09-17 17:37:40 [restartedMain] INFO  com.patientmanagement.BackendApplication - Starting BackendApplication using Java 21.0.12 with PID 28520 (C:\Users\Vishal\Desktop\Full Project\PatientDoctorManagement\backend\target\classes started by Vishal in c:\Users\Vishal\Desktop\Full Project\PatientDoctorManagement)
2026-09-17 17:37:40 [restartedMain] INFO  com.patientmanagement.BackendApplication - No active profile set, falling back to 1 default profile: "default"
2026-09-17 17:37:40 [restartedMain] INFO  org.springframework.boot.devtools.env.DevToolsPropertyDefaultsPostProcessor - Devtools property defaults active! Set 'spring.devtools.add-properties' to 'false' to disable
2026-09-17 17:37:40 [restartedMain] INFO  org.springframework.boot.devtools.env.DevToolsPropertyDefaultsPostProcessor - For additional web related logging consider setting the 'logging.level.web' property to 'DEBUG'
2026-09-17 17:37:41 [background-preinit] INFO  org.hibernate.validator.internal.util.Version - HV000001: Hibernate Validator 9.1.3.Final
2026-09-17 17:37:42 [restartedMain] INFO  org.springframework.data.repository.config.RepositoryConfigurationDelegate - Bootstrapping Spring Data JPA repositories in DEFAULT mode.
2026-09-17 17:37:42 [restartedMain] INFO  org.springframework.data.repository.config.RepositoryConfigurationDelegate - Finished Spring Data repository scanning in 71 ms. Found 5 JPA repository interfaces.
2026-09-17 17:37:42 [restartedMain] INFO  org.springframework.boot.tomcat.TomcatWebServer - Tomcat initialized with port 8080 (http)
2026-09-17 17:37:43 [restartedMain] INFO  org.apache.coyote.http11.Http11NioProtocol - Initializing ProtocolHandler ["http-nio-8080"]
2026-09-17 17:37:43 [restartedMain] INFO  org.apache.catalina.core.StandardService - Starting service [Tomcat]
2026-09-17 17:37:43 [restartedMain] INFO  org.apache.catalina.core.StandardEngine - Starting Servlet engine: [Apache Tomcat/11.0.24]
2026-09-17 17:37:43 [restartedMain] INFO  org.springframework.boot.web.context.servlet.WebApplicationContextInitializer - Root WebApplicationContext: initialization completed in 2211 ms
2026-09-17 17:37:43 [restartedMain] INFO  org.hibernate.orm.jpa - HHH008540: Processing PersistenceUnitInfo [name: default]
2026-09-17 17:37:43 [restartedMain] INFO  org.hibernate.orm.core - HHH000001: Hibernate ORM core version 7.4.5.Final
2026-09-17 17:37:43 [restartedMain] INFO  org.springframework.orm.jpa.persistenceunit.SpringPersistenceUnitInfo - No LoadTimeWeaver setup: ignoring JPA class transformer
2026-09-17 17:37:43 [restartedMain] INFO  com.zaxxer.hikari.HikariDataSource - HikariPool-1 - Starting...
2026-09-17 17:37:44 [restartedMain] INFO  com.zaxxer.hikari.pool.HikariPool - HikariPool-1 - Added connection ConnectionID:1 ClientConnectionId: 56e3627c-5e0d-4c71-b19b-7305638c6dca
2026-09-17 17:37:44 [restartedMain] INFO  com.zaxxer.hikari.HikariDataSource - HikariPool-1 - Start completed.
2026-09-17 17:37:44 [restartedMain] WARN  org.hibernate.orm.deprecation - HHH90000025: SQLServerDialect does not need to be specified explicitly using 'hibernate.dialect' (remove the property setting and it will be selected by default)
2026-09-17 17:37:44 [restartedMain] INFO  org.hibernate.orm.connections.pooling - HHH10001005: Database info:
	Database JDBC URL [jdbc:sqlserver://localhost:1433;concatNullYieldsNull=ON;quotedIdentifier=ON;connectRetryInterval=10;connectRetryCount=1;maxResultBuffer=-1;sendTemporalDataTypesAsStringForBulkCopy=true;delayLoadingLobs=true;useFmtOnly=false;vectorTypeSupport=v1;cacheBulkCopyMetadata=false;bulkCopyForBatchInsertAllowEncryptedValueModifications=false;bulkCopyForBatchInsertTableLock=false;bulkCopyForBatchInsertKeepNulls=false;bulkCopyForBatchInsertKeepIdentity=false;bulkCopyForBatchInsertFireTriggers=false;bulkCopyForBatchInsertCheckConstraints=false;bulkCopyForBatchInsertBatchSize=0;useBulkCopyForBatchInsert=false;cancelQueryTimeout=-1;sslProtocol=TLS;calcBigDecimalPrecision=false;useDefaultJaasConfig=false;jaasConfigurationName=SQLJDBCDriver;statementPoolingCacheSize=0;serverPreparedStatementDiscardThreshold=10;enablePrepareOnFirstPreparedStatementCall=false;fips=false;socketTimeout=0;authentication=NotSpecified;authenticationScheme=nativeAuthentication;xopenStates=false;datetimeParameterType=datetime2;sendTimeAsDatetime=false;replication=false;trustStoreType=JKS;trustServerCertificate=true;TransparentNetworkIPResolution=true;iPAddressPreference=IPv4First;serverNameAsACE=false;sendStringParametersAsUnicode=true;selectMethod=direct;responseBuffering=adaptive;queryTimeout=-1;packetSize=8000;multiSubnetFailover=false;loginTimeout=30;lockTimeout=-1;lastUpdateCount=true;useDefaultGSSCredential=false;prepareMethod=prepexec;encrypt=true;disableStatementPooling=true;databaseName=PatientManagementDB;columnEncryptionSetting=Disabled;applicationName=Microsoft JDBC Driver for SQL Server;applicationIntent=readwrite;]
	Database driver: Microsoft JDBC Driver 13.4 for SQL Server
	Database dialect: SQLServerDialect
	Database version: 17.0
	Default catalog/schema: PatientManagementDB/dbo
	Autocommit mode: undefined/unknown
	Isolation level: READ_COMMITTED [default READ_COMMITTED]
	JDBC fetch size: 128
	Pool: DataSourceConnectionProvider
	Minimum pool size: undefined/unknown
	Maximum pool size: undefined/unknown
2026-09-17 17:37:45 [restartedMain] INFO  org.hibernate.orm.core - HHH000489: No JTA platform available (set 'hibernate.transaction.jta.platform' to enable JTA platform integration)
2026-09-17 17:37:46 [restartedMain] INFO  org.springframework.orm.jpa.LocalContainerEntityManagerFactoryBean - Initialized JPA EntityManagerFactory for persistence unit 'default'
2026-09-17 17:37:46 [restartedMain] INFO  org.springframework.data.jpa.repository.query.QueryEnhancerFactories - Hibernate is in classpath; If applicable, HQL parser will be used.
2026-09-17 17:37:46 [restartedMain] INFO  org.springframework.security.config.annotation.authentication.configuration.InitializeAuthenticationProviderBeanManagerConfigurer$InitializeAuthenticationProviderManagerConfigurer - Global AuthenticationManager configured with AuthenticationProvider bean with name authenticationProvider
2026-09-17 17:37:46 [restartedMain] WARN  org.springframework.security.config.annotation.authentication.configuration.InitializeUserDetailsBeanManagerConfigurer$InitializeUserDetailsManagerConfigurer - Global AuthenticationManager configured with an AuthenticationProvider bean. UserDetailsService beans will not be used by Spring Security for automatically configuring username/password login. Consider removing the AuthenticationProvider bean. Alternatively, consider using the UserDetailsService in a manually instantiated DaoAuthenticationProvider. If the current configuration is intentional, to turn off this warning, increase the logging level of 'org.springframework.security.config.annotation.authentication.configuration.InitializeUserDetailsBeanManagerConfigurer' to ERROR
2026-09-17 17:37:47 [restartedMain] WARN  org.springframework.boot.jpa.autoconfigure.JpaBaseConfiguration$JpaWebConfiguration - spring.jpa.open-in-view is enabled by default. Therefore, database queries may be performed during view rendering. Explicitly configure spring.jpa.open-in-view to disable this warning
2026-09-17 17:37:47 [restartedMain] INFO  org.apache.coyote.http11.Http11NioProtocol - Starting ProtocolHandler ["http-nio-8080"]
2026-09-17 17:37:47 [restartedMain] INFO  org.springframework.boot.tomcat.TomcatWebServer - Tomcat started on port 8080 (http) with context path '/'
2026-09-17 17:37:48 [restartedMain] INFO  com.patientmanagement.BackendApplication - Started BackendApplication in 7.823 seconds (process running for 8.531)
2026-09-17 17:37:48 [restartedMain] WARN  org.springdoc.core.events.SpringDocAppInitializer - SpringDoc /v3/api-docs endpoint is enabled by default. To disable it in production, set the property 'springdoc.api-docs.enabled=false'
2026-09-17 17:37:48 [restartedMain] WARN  org.springdoc.core.events.SpringDocAppInitializer - SpringDoc /swagger-ui.html endpoint is enabled by default. To disable it in production, set the property 'springdoc.swagger-ui.enabled=false'
2026-09-17 17:45:57 [http-nio-8080-exec-1] INFO  org.apache.catalina.core.ContainerBase.[Tomcat].[localhost].[/] - Initializing Spring DispatcherServlet 'dispatcherServlet'
2026-09-17 17:45:57 [http-nio-8080-exec-1] INFO  org.springframework.web.servlet.DispatcherServlet - Initializing Servlet 'dispatcherServlet'
2026-09-17 17:45:57 [http-nio-8080-exec-1] INFO  org.springframework.web.servlet.DispatcherServlet - Completed initialization in 2 ms
2026-09-17 17:45:57 [http-nio-8080-exec-2] INFO  com.patientmanagement.service.AuthService - Login attempt received for email: admin@gmail.com
2026-09-17 17:45:58 [http-nio-8080-exec-2] INFO  com.patientmanagement.security.JwtService - Generating JWT token for user: admin@gmail.com with role: ADMIN
2026-09-17 17:45:58 [http-nio-8080-exec-2] INFO  com.patientmanagement.service.AuthService - User logged in successfully with email: admin@gmail.com and role: ADMIN
2026-09-17 17:56:29 [http-nio-8080-exec-5] INFO  com.patientmanagement.service.AuthService - Login attempt received for email: admin@gmail.com
2026-09-17 17:56:29 [http-nio-8080-exec-5] INFO  com.patientmanagement.security.JwtService - Generating JWT token for user: admin@gmail.com with role: ADMIN
2026-09-17 17:56:29 [http-nio-8080-exec-5] INFO  com.patientmanagement.service.AuthService - User logged in successfully with email: admin@gmail.com and role: ADMIN
2026-09-17 17:58:05 [http-nio-8080-exec-8] INFO  com.patientmanagement.service.AuthService - Login attempt received for email: avdhut@gmail.com
2026-09-17 17:58:05 [http-nio-8080-exec-8] INFO  com.patientmanagement.security.JwtService - Generating JWT token for user: avdhut@gmail.com with role: PATIENT
2026-09-17 17:58:05 [http-nio-8080-exec-8] INFO  com.patientmanagement.service.AuthService - Patient ID 16 found for user ID 6
2026-09-17 17:58:05 [http-nio-8080-exec-8] INFO  com.patientmanagement.service.AuthService - User logged in successfully with email: avdhut@gmail.com and role: PATIENT
2026-09-17 18:09:11 [http-nio-8080-exec-1] INFO  com.patientmanagement.service.AuthService - Login attempt received for email: rohit@gmail.com
2026-09-17 18:09:11 [http-nio-8080-exec-1] INFO  com.patientmanagement.security.JwtService - Generating JWT token for user: rohit@gmail.com with role: DOCTOR
2026-09-17 18:09:11 [http-nio-8080-exec-1] INFO  com.patientmanagement.service.AuthService - User logged in successfully with email: rohit@gmail.com and role: DOCTOR
2026-09-17 18:09:12 [http-nio-8080-exec-8] INFO  com.patientmanagement.controller.AppointmentController - GET /api/appointments - Fetching all appointments
2026-09-17 18:09:12 [http-nio-8080-exec-8] INFO  com.patientmanagement.service.AppointmentService - Fetching all appointments
2026-09-17 18:09:12 [http-nio-8080-exec-7] INFO  com.patientmanagement.controller.PatientController - GET /api/patients - Fetching active patients
2026-09-17 18:09:12 [http-nio-8080-exec-10] INFO  com.patientmanagement.controller.DoctorController - GET /api/doctors - Fetching all active doctors
2026-09-17 18:09:12 [http-nio-8080-exec-7] INFO  com.patientmanagement.service.PatientService - Fetching all active patients
2026-09-17 18:09:12 [http-nio-8080-exec-10] INFO  com.patientmanagement.service.DoctorService - Fetching all active doctors
2026-09-17 18:09:12 [http-nio-8080-exec-7] INFO  com.patientmanagement.service.PatientService - Found 7 active patients
2026-09-17 18:09:12 [http-nio-8080-exec-10] INFO  com.patientmanagement.service.DoctorService - Found 5 active doctors
2026-09-17 18:09:12 [http-nio-8080-exec-1] INFO  com.patientmanagement.controller.PatientController - GET /api/patients - Fetching active patients
2026-09-17 18:09:12 [http-nio-8080-exec-1] INFO  com.patientmanagement.service.PatientService - Fetching all active patients
2026-09-17 18:09:12 [http-nio-8080-exec-1] INFO  com.patientmanagement.service.PatientService - Found 7 active patients
2026-09-17 18:09:12 [http-nio-8080-exec-8] INFO  com.patientmanagement.service.AppointmentService - Found 8 appointments
2026-09-17 18:09:12 [http-nio-8080-exec-6] INFO  com.patientmanagement.controller.AppointmentController - GET /api/appointments - Fetching all appointments
2026-09-17 18:09:12 [http-nio-8080-exec-6] INFO  com.patientmanagement.service.AppointmentService - Fetching all appointments
2026-09-17 18:09:12 [http-nio-8080-exec-6] INFO  com.patientmanagement.service.AppointmentService - Found 8 appointments
2026-09-17 18:09:12 [http-nio-8080-exec-5] INFO  com.patientmanagement.controller.AppointmentController - GET /api/appointments - Fetching all appointments
2026-09-17 18:09:12 [http-nio-8080-exec-5] INFO  com.patientmanagement.service.AppointmentService - Fetching all appointments
2026-09-17 18:09:12 [http-nio-8080-exec-5] INFO  com.patientmanagement.service.AppointmentService - Found 8 appointments
2026-09-17 18:09:12 [http-nio-8080-exec-3] INFO  com.patientmanagement.controller.AppointmentController - GET /api/appointments - Fetching all appointments
2026-09-17 18:09:12 [http-nio-8080-exec-3] INFO  com.patientmanagement.service.AppointmentService - Fetching all appointments
2026-09-17 18:09:12 [http-nio-8080-exec-3] INFO  com.patientmanagement.service.AppointmentService - Found 8 appointments
2026-09-17 18:16:50 [http-nio-8080-exec-2] INFO  com.patientmanagement.service.AuthService - Login attempt received for email: avdhut@gmail.com
2026-09-17 18:16:50 [http-nio-8080-exec-2] INFO  com.patientmanagement.security.JwtService - Generating JWT token for user: avdhut@gmail.com with role: PATIENT
2026-09-17 18:16:50 [http-nio-8080-exec-2] INFO  com.patientmanagement.service.AuthService - Patient ID 16 found for user ID 6
2026-09-17 18:16:50 [http-nio-8080-exec-2] INFO  com.patientmanagement.service.AuthService - User logged in successfully with email: avdhut@gmail.com and role: PATIENT
2026-09-17 18:16:56 [http-nio-8080-exec-6] INFO  com.patientmanagement.controller.DoctorController - GET /api/doctors - Fetching all active doctors
2026-09-17 18:16:56 [http-nio-8080-exec-6] INFO  com.patientmanagement.service.DoctorService - Fetching all active doctors
2026-09-17 18:16:56 [http-nio-8080-exec-6] INFO  com.patientmanagement.service.DoctorService - Found 5 active doctors
2026-09-17 18:16:59 [http-nio-8080-exec-5] INFO  com.patientmanagement.controller.DoctorController - GET /api/doctors - Fetching all active doctors
2026-09-17 18:16:59 [http-nio-8080-exec-5] INFO  com.patientmanagement.service.DoctorService - Fetching all active doctors
2026-09-17 18:16:59 [http-nio-8080-exec-5] INFO  com.patientmanagement.service.DoctorService - Found 5 active doctors
2026-09-17 18:17:03 [http-nio-8080-exec-10] INFO  com.patientmanagement.controller.AppointmentController - GET /api/appointments - Fetching all appointments
2026-09-17 18:17:03 [http-nio-8080-exec-10] INFO  com.patientmanagement.service.AppointmentService - Fetching all appointments
2026-09-17 18:17:03 [http-nio-8080-exec-10] INFO  com.patientmanagement.service.AppointmentService - Found 8 appointments
2026-09-17 18:25:01 [http-nio-8080-exec-6] INFO  com.patientmanagement.service.AuthService - Login attempt received for email: rohit@gmail.com
2026-09-17 18:25:01 [http-nio-8080-exec-6] INFO  com.patientmanagement.security.JwtService - Generating JWT token for user: rohit@gmail.com with role: DOCTOR
2026-09-17 18:25:01 [http-nio-8080-exec-6] INFO  com.patientmanagement.service.AuthService - User logged in successfully with email: rohit@gmail.com and role: DOCTOR
2026-09-17 18:25:01 [http-nio-8080-exec-1] INFO  com.patientmanagement.controller.PatientController - GET /api/patients - Fetching active patients
2026-09-17 18:25:01 [http-nio-8080-exec-1] INFO  com.patientmanagement.service.PatientService - Fetching all active patients
2026-09-17 18:25:01 [http-nio-8080-exec-9] INFO  com.patientmanagement.controller.AppointmentController - GET /api/appointments - Fetching all appointments
2026-09-17 18:25:01 [http-nio-8080-exec-9] INFO  com.patientmanagement.service.AppointmentService - Fetching all appointments
2026-09-17 18:25:01 [http-nio-8080-exec-1] INFO  com.patientmanagement.service.PatientService - Found 7 active patients
2026-09-17 18:25:01 [http-nio-8080-exec-2] INFO  com.patientmanagement.controller.DoctorController - GET /api/doctors - Fetching all active doctors
2026-09-17 18:25:01 [http-nio-8080-exec-2] INFO  com.patientmanagement.service.DoctorService - Fetching all active doctors
2026-09-17 18:25:01 [http-nio-8080-exec-2] INFO  com.patientmanagement.service.DoctorService - Found 5 active doctors
2026-09-17 18:25:01 [http-nio-8080-exec-8] INFO  com.patientmanagement.controller.PatientController - GET /api/patients - Fetching active patients
2026-09-17 18:25:01 [http-nio-8080-exec-8] INFO  com.patientmanagement.service.PatientService - Fetching all active patients
2026-09-17 18:25:01 [http-nio-8080-exec-8] INFO  com.patientmanagement.service.PatientService - Found 7 active patients
2026-09-17 18:25:01 [http-nio-8080-exec-9] INFO  com.patientmanagement.service.AppointmentService - Found 8 appointments
2026-09-17 18:25:01 [http-nio-8080-exec-5] INFO  com.patientmanagement.controller.AppointmentController - GET /api/appointments - Fetching all appointments
2026-09-17 18:25:01 [http-nio-8080-exec-5] INFO  com.patientmanagement.service.AppointmentService - Fetching all appointments
2026-09-17 18:25:01 [http-nio-8080-exec-5] INFO  com.patientmanagement.service.AppointmentService - Found 8 appointments
2026-09-17 18:25:01 [http-nio-8080-exec-3] INFO  com.patientmanagement.controller.AppointmentController - GET /api/appointments - Fetching all appointments
2026-09-17 18:25:01 [http-nio-8080-exec-3] INFO  com.patientmanagement.service.AppointmentService - Fetching all appointments
2026-09-17 18:25:01 [http-nio-8080-exec-3] INFO  com.patientmanagement.service.AppointmentService - Found 8 appointments
2026-09-17 18:25:01 [http-nio-8080-exec-7] INFO  com.patientmanagement.controller.AppointmentController - GET /api/appointments - Fetching all appointments
2026-09-17 18:25:01 [http-nio-8080-exec-7] INFO  com.patientmanagement.service.AppointmentService - Fetching all appointments
2026-09-17 18:25:01 [http-nio-8080-exec-7] INFO  com.patientmanagement.service.AppointmentService - Found 8 appointments
2026-09-17 18:25:13 [http-nio-8080-exec-1] INFO  com.patientmanagement.controller.AppointmentController - PUT /api/appointments/11 - Updating appointment
2026-09-17 18:25:13 [http-nio-8080-exec-1] INFO  com.patientmanagement.service.AppointmentService - Updating appointment with id: 11
2026-09-17 18:25:13 [http-nio-8080-exec-1] INFO  com.patientmanagement.service.AppointmentService - Appointment updated successfully with id: 11
2026-09-17 18:25:30 [http-nio-8080-exec-10] INFO  com.patientmanagement.service.AuthService - Login attempt received for email: admin@gmail.com
2026-09-17 18:25:30 [http-nio-8080-exec-10] INFO  com.patientmanagement.security.JwtService - Generating JWT token for user: admin@gmail.com with role: ADMIN
2026-09-17 18:25:30 [http-nio-8080-exec-10] INFO  com.patientmanagement.service.AuthService - User logged in successfully with email: admin@gmail.com and role: ADMIN
2026-09-17 18:25:33 [http-nio-8080-exec-9] INFO  com.patientmanagement.controller.PatientController - GET /api/patients - Fetching active patients
2026-09-17 18:25:33 [http-nio-8080-exec-9] INFO  com.patientmanagement.service.PatientService - Fetching all active patients
2026-09-17 18:25:33 [http-nio-8080-exec-7] INFO  com.patientmanagement.controller.AppointmentController - GET /api/appointments - Fetching all appointments
2026-09-17 18:25:33 [http-nio-8080-exec-7] INFO  com.patientmanagement.service.AppointmentService - Fetching all appointments
2026-09-17 18:25:33 [http-nio-8080-exec-3] INFO  com.patientmanagement.controller.DoctorController - GET /api/doctors - Fetching all active doctors
2026-09-17 18:25:33 [http-nio-8080-exec-3] INFO  com.patientmanagement.service.DoctorService - Fetching all active doctors
2026-09-17 18:25:33 [http-nio-8080-exec-9] INFO  com.patientmanagement.service.PatientService - Found 7 active patients
2026-09-17 18:25:33 [http-nio-8080-exec-3] INFO  com.patientmanagement.service.DoctorService - Found 5 active doctors
2026-09-17 18:25:33 [http-nio-8080-exec-7] INFO  com.patientmanagement.service.AppointmentService - Found 8 appointments
2026-09-17 18:25:43 [http-nio-8080-exec-10] INFO  com.patientmanagement.controller.PatientController - GET /api/patients - Fetching active patients
2026-09-17 18:25:43 [http-nio-8080-exec-8] INFO  com.patientmanagement.controller.DoctorController - GET /api/doctors - Fetching all active doctors
2026-09-17 18:25:43 [http-nio-8080-exec-10] INFO  com.patientmanagement.service.PatientService - Fetching all active patients
2026-09-17 18:25:43 [http-nio-8080-exec-8] INFO  com.patientmanagement.service.DoctorService - Fetching all active doctors
2026-09-17 18:25:43 [http-nio-8080-exec-6] INFO  com.patientmanagement.controller.AppointmentController - GET /api/appointments - Fetching all appointments
2026-09-17 18:25:43 [http-nio-8080-exec-6] INFO  com.patientmanagement.service.AppointmentService - Fetching all appointments
2026-09-17 18:25:43 [http-nio-8080-exec-10] INFO  com.patientmanagement.service.PatientService - Found 7 active patients
2026-09-17 18:25:43 [http-nio-8080-exec-8] INFO  com.patientmanagement.service.DoctorService - Found 5 active doctors
2026-09-17 18:25:43 [http-nio-8080-exec-6] INFO  com.patientmanagement.service.AppointmentService - Found 8 appointments
2026-09-17 18:25:54 [http-nio-8080-exec-9] INFO  com.patientmanagement.controller.PatientController - GET /api/patients - Fetching active patients
2026-09-17 18:25:54 [http-nio-8080-exec-9] INFO  com.patientmanagement.service.PatientService - Fetching all active patients
2026-09-17 18:25:54 [http-nio-8080-exec-9] INFO  com.patientmanagement.service.PatientService - Found 7 active patients
2026-09-17 18:26:08 [http-nio-8080-exec-4] INFO  com.patientmanagement.service.AuthService - Login attempt received for email: avdhut@gmail.com
2026-09-17 18:26:08 [http-nio-8080-exec-4] ERROR com.patientmanagement.exception.GlobalExceptionHandler - Unexpected error on /api/auth/login
org.springframework.security.authentication.BadCredentialsException: Bad credentials
	at org.springframework.security.authentication.dao.DaoAuthenticationProvider.additionalAuthenticationChecks(DaoAuthenticationProvider.java:92)
	at org.springframework.security.authentication.dao.AbstractUserDetailsAuthenticationProvider.performPreCheck(AbstractUserDetailsAuthenticationProvider.java:198)
	at org.springframework.security.authentication.dao.AbstractUserDetailsAuthenticationProvider.authenticate(AbstractUserDetailsAuthenticationProvider.java:159)
	at org.springframework.security.authentication.ProviderManager.authenticate(ProviderManager.java:183)
	at com.patientmanagement.service.AuthService.login(AuthService.java:106)
	at com.patientmanagement.controller.AuthController.login(AuthController.java:42)
	at java.base/jdk.internal.reflect.DirectMethodHandleAccessor.invoke(DirectMethodHandleAccessor.java:103)
	at java.base/java.lang.reflect.Method.invoke(Method.java:580)
	at org.springframework.web.method.support.InvocableHandlerMethod.doInvoke(InvocableHandlerMethod.java:252)
	at org.springframework.web.method.support.InvocableHandlerMethod.invokeForRequest(InvocableHandlerMethod.java:184)
	at org.springframework.web.servlet.mvc.method.annotation.ServletInvocableHandlerMethod.invokeAndHandle(ServletInvocableHandlerMethod.java:117)
	at org.springframework.web.servlet.mvc.method.annotation.RequestMappingHandlerAdapter.invokeHandlerMethod(RequestMappingHandlerAdapter.java:934)
	at org.springframework.web.servlet.mvc.method.annotation.RequestMappingHandlerAdapter.handleInternal(RequestMappingHandlerAdapter.java:853)
	at org.springframework.web.servlet.mvc.method.AbstractHandlerMethodAdapter.handle(AbstractHandlerMethodAdapter.java:86)
	at org.springframework.web.servlet.DispatcherServlet.doDispatch(DispatcherServlet.java:963)
	at org.springframework.web.servlet.DispatcherServlet.doService(DispatcherServlet.java:866)
	at org.springframework.web.servlet.FrameworkServlet.processRequest(FrameworkServlet.java:1000)
	at org.springframework.web.servlet.FrameworkServlet.doPost(FrameworkServlet.java:903)
	at jakarta.servlet.http.HttpServlet.service(HttpServlet.java:649)
	at org.springframework.web.servlet.FrameworkServlet.service(FrameworkServlet.java:874)
	at jakarta.servlet.http.HttpServlet.service(HttpServlet.java:710)
	at org.apache.catalina.core.ApplicationFilterChain.doFilter(ApplicationFilterChain.java:132)
	at org.apache.tomcat.websocket.server.WsFilter.doFilter(WsFilter.java:59)
	at org.apache.catalina.core.ApplicationFilterChain.doFilter(ApplicationFilterChain.java:111)
	at org.springframework.web.filter.OncePerRequestFilter.doFilter(OncePerRequestFilter.java:110)
	at org.apache.catalina.core.ApplicationFilterChain.doFilter(ApplicationFilterChain.java:111)
	at org.springframework.web.filter.CompositeFilter$VirtualFilterChain.doFilter(CompositeFilter.java:108)
	at org.springframework.security.web.FilterChainProxy.lambda$doFilterInternal$2(FilterChainProxy.java:235)
	at org.springframework.security.web.FilterChainProxy$VirtualFilterChain.doFilter(FilterChainProxy.java:376)
	at org.springframework.security.web.access.intercept.AuthorizationFilter.doFilter(AuthorizationFilter.java:101)
	at org.springframework.security.web.FilterChainProxy$VirtualFilterChain.doFilter(FilterChainProxy.java:385)
	at org.springframework.security.web.access.ExceptionTranslationFilter.doFilter(ExceptionTranslationFilter.java:126)
	at org.springframework.security.web.access.ExceptionTranslationFilter.doFilter(ExceptionTranslationFilter.java:120)
	at org.springframework.security.web.FilterChainProxy$VirtualFilterChain.doFilter(FilterChainProxy.java:385)
	at org.springframework.security.web.session.SessionManagementFilter.doFilter(SessionManagementFilter.java:132)
	at org.springframework.security.web.session.SessionManagementFilter.doFilter(SessionManagementFilter.java:86)
	at org.springframework.security.web.FilterChainProxy$VirtualFilterChain.doFilter(FilterChainProxy.java:385)
	at org.springframework.security.web.authentication.AnonymousAuthenticationFilter.doFilter(AnonymousAuthenticationFilter.java:100)
	at org.springframework.security.web.FilterChainProxy$VirtualFilterChain.doFilter(FilterChainProxy.java:385)
	at org.springframework.security.web.servletapi.SecurityContextHolderAwareRequestFilter.doFilter(SecurityContextHolderAwareRequestFilter.java:181)
	at org.springframework.security.web.FilterChainProxy$VirtualFilterChain.doFilter(FilterChainProxy.java:385)
	at org.springframework.security.web.savedrequest.RequestCacheAwareFilter.doFilter(RequestCacheAwareFilter.java:63)
	at org.springframework.security.web.FilterChainProxy$VirtualFilterChain.doFilter(FilterChainProxy.java:385)
	at com.patientmanagement.security.JwtAuthenticationFilter.doFilterInternal(JwtAuthenticationFilter.java:56)
	at org.springframework.web.filter.OncePerRequestFilter.doFilter(OncePerRequestFilter.java:116)
	at org.springframework.security.web.FilterChainProxy$VirtualFilterChain.doFilter(FilterChainProxy.java:385)
	at org.springframework.security.web.authentication.logout.LogoutFilter.doFilter(LogoutFilter.java:110)
	at org.springframework.security.web.authentication.logout.LogoutFilter.doFilter(LogoutFilter.java:96)
	at org.springframework.security.web.FilterChainProxy$VirtualFilterChain.doFilter(FilterChainProxy.java:385)
	at org.springframework.web.filter.CorsFilter.doFilterInternal(CorsFilter.java:91)
	at org.springframework.web.filter.OncePerRequestFilter.doFilter(OncePerRequestFilter.java:116)
	at org.springframework.security.web.FilterChainProxy$VirtualFilterChain.doFilter(FilterChainProxy.java:385)
	at org.springframework.security.web.header.HeaderWriterFilter.doHeadersAfter(HeaderWriterFilter.java:90)
	at org.springframework.security.web.header.HeaderWriterFilter.doFilterInternal(HeaderWriterFilter.java:75)
	at org.springframework.web.filter.OncePerRequestFilter.doFilter(OncePerRequestFilter.java:116)
	at org.springframework.security.web.FilterChainProxy$VirtualFilterChain.doFilter(FilterChainProxy.java:385)
	at org.springframework.security.web.context.SecurityContextHolderFilter.doFilter(SecurityContextHolderFilter.java:82)
	at org.springframework.security.web.context.SecurityContextHolderFilter.doFilter(SecurityContextHolderFilter.java:69)
	at org.springframework.security.web.FilterChainProxy$VirtualFilterChain.doFilter(FilterChainProxy.java:385)
	at org.springframework.security.web.context.request.async.WebAsyncManagerIntegrationFilter.doFilterInternal(WebAsyncManagerIntegrationFilter.java:62)
	at org.springframework.web.filter.OncePerRequestFilter.doFilter(OncePerRequestFilter.java:116)
	at org.springframework.security.web.FilterChainProxy$VirtualFilterChain.doFilter(FilterChainProxy.java:385)
	at org.springframework.security.web.session.DisableEncodeUrlFilter.doFilterInternal(DisableEncodeUrlFilter.java:42)
	at org.springframework.web.filter.OncePerRequestFilter.doFilter(OncePerRequestFilter.java:116)
	at org.springframework.security.web.FilterChainProxy$VirtualFilterChain.doFilter(FilterChainProxy.java:385)
	at org.springframework.security.web.FilterChainProxy.doFilterInternal(FilterChainProxy.java:237)
	at org.springframework.security.web.FilterChainProxy.doFilter(FilterChainProxy.java:195)
	at org.springframework.web.filter.CompositeFilter$VirtualFilterChain.doFilter(CompositeFilter.java:113)
	at org.springframework.web.filter.ServletRequestPathFilter.doFilter(ServletRequestPathFilter.java:52)
	at org.springframework.web.filter.CompositeFilter$VirtualFilterChain.doFilter(CompositeFilter.java:113)
	at org.springframework.web.filter.CompositeFilter.doFilter(CompositeFilter.java:74)
	at org.springframework.security.config.annotation.web.configuration.WebSecurityConfiguration$CompositeFilterChainProxy.doFilter(WebSecurityConfiguration.java:317)
	at org.springframework.web.filter.DelegatingFilterProxy.invokeDelegate(DelegatingFilterProxy.java:355)
	at org.springframework.web.filter.DelegatingFilterProxy.doFilter(DelegatingFilterProxy.java:272)
	at org.apache.catalina.core.ApplicationFilterChain.doFilter(ApplicationFilterChain.java:111)
	at org.springframework.web.filter.RequestContextFilter.doFilterInternal(RequestContextFilter.java:100)
	at org.springframework.web.filter.OncePerRequestFilter.doFilter(OncePerRequestFilter.java:116)
	at org.apache.catalina.core.ApplicationFilterChain.doFilter(ApplicationFilterChain.java:111)
	at org.springframework.web.filter.FormContentFilter.doFilterInternal(FormContentFilter.java:93)
	at org.springframework.web.filter.OncePerRequestFilter.doFilter(OncePerRequestFilter.java:116)
	at org.apache.catalina.core.ApplicationFilterChain.doFilter(ApplicationFilterChain.java:111)
	at org.springframework.web.filter.CharacterEncodingFilter.doFilterInternal(CharacterEncodingFilter.java:199)
	at org.springframework.web.filter.OncePerRequestFilter.doFilter(OncePerRequestFilter.java:116)
	at org.apache.catalina.core.ApplicationFilterChain.doFilter(ApplicationFilterChain.java:111)
	at org.apache.catalina.core.StandardWrapperValve.invoke(StandardWrapperValve.java:165)
	at org.apache.catalina.core.StandardContextValve.invoke(StandardContextValve.java:77)
	at org.apache.catalina.authenticator.AuthenticatorBase.invoke(AuthenticatorBase.java:535)
	at org.apache.catalina.core.StandardHostValve.invoke(StandardHostValve.java:115)
	at org.apache.catalina.valves.ErrorReportValve.invoke(ErrorReportValve.java:86)
	at org.apache.catalina.core.StandardEngineValve.invoke(StandardEngineValve.java:71)
	at org.apache.catalina.connector.CoyoteAdapter.service(CoyoteAdapter.java:347)
	at org.apache.coyote.http11.Http11Processor.service(Http11Processor.java:406)
	at org.apache.coyote.AbstractProcessorLight.process(AbstractProcessorLight.java:71)
	at org.apache.coyote.AbstractProtocol$ConnectionHandler.process(AbstractProtocol.java:1307)
	at org.apache.tomcat.util.net.NioEndpoint$SocketProcessor.doRun(NioEndpoint.java:2036)
	at org.apache.tomcat.util.net.SocketProcessorBase.run(SocketProcessorBase.java:74)
	at org.apache.tomcat.util.threads.ThreadPoolExecutor.runWorker(ThreadPoolExecutor.java:949)
	at org.apache.tomcat.util.threads.ThreadPoolExecutor$Worker.run(ThreadPoolExecutor.java:483)
	at org.apache.tomcat.util.threads.TaskThread$WrappingRunnable.run(TaskThread.java:74)
	at java.base/java.lang.Thread.run(Thread.java:1583)
2026-09-17 18:26:08 [http-nio-8080-exec-4] WARN  org.springframework.web.servlet.mvc.method.annotation.ExceptionHandlerExceptionResolver - Resolved [org.springframework.security.authentication.BadCredentialsException: Bad credentials]
2026-09-17 18:26:12 [http-nio-8080-exec-1] INFO  com.patientmanagement.service.AuthService - Login attempt received for email: avdhut@gmail.com
2026-09-17 18:26:12 [http-nio-8080-exec-1] ERROR com.patientmanagement.exception.GlobalExceptionHandler - Unexpected error on /api/auth/login
org.springframework.security.authentication.BadCredentialsException: Bad credentials
	at org.springframework.security.authentication.dao.DaoAuthenticationProvider.additionalAuthenticationChecks(DaoAuthenticationProvider.java:92)
	at org.springframework.security.authentication.dao.AbstractUserDetailsAuthenticationProvider.performPreCheck(AbstractUserDetailsAuthenticationProvider.java:198)
	at org.springframework.security.authentication.dao.AbstractUserDetailsAuthenticationProvider.authenticate(AbstractUserDetailsAuthenticationProvider.java:159)
	at org.springframework.security.authentication.ProviderManager.authenticate(ProviderManager.java:183)
	at com.patientmanagement.service.AuthService.login(AuthService.java:106)
	at com.patientmanagement.controller.AuthController.login(AuthController.java:42)
	at java.base/jdk.internal.reflect.DirectMethodHandleAccessor.invoke(DirectMethodHandleAccessor.java:103)
	at java.base/java.lang.reflect.Method.invoke(Method.java:580)
	at org.springframework.web.method.support.InvocableHandlerMethod.doInvoke(InvocableHandlerMethod.java:252)
	at org.springframework.web.method.support.InvocableHandlerMethod.invokeForRequest(InvocableHandlerMethod.java:184)
	at org.springframework.web.servlet.mvc.method.annotation.ServletInvocableHandlerMethod.invokeAndHandle(ServletInvocableHandlerMethod.java:117)
	at org.springframework.web.servlet.mvc.method.annotation.RequestMappingHandlerAdapter.invokeHandlerMethod(RequestMappingHandlerAdapter.java:934)
	at org.springframework.web.servlet.mvc.method.annotation.RequestMappingHandlerAdapter.handleInternal(RequestMappingHandlerAdapter.java:853)
	at org.springframework.web.servlet.mvc.method.AbstractHandlerMethodAdapter.handle(AbstractHandlerMethodAdapter.java:86)
	at org.springframework.web.servlet.DispatcherServlet.doDispatch(DispatcherServlet.java:963)
	at org.springframework.web.servlet.DispatcherServlet.doService(DispatcherServlet.java:866)
	at org.springframework.web.servlet.FrameworkServlet.processRequest(FrameworkServlet.java:1000)
	at org.springframework.web.servlet.FrameworkServlet.doPost(FrameworkServlet.java:903)
	at jakarta.servlet.http.HttpServlet.service(HttpServlet.java:649)
	at org.springframework.web.servlet.FrameworkServlet.service(FrameworkServlet.java:874)
	at jakarta.servlet.http.HttpServlet.service(HttpServlet.java:710)
	at org.apache.catalina.core.ApplicationFilterChain.doFilter(ApplicationFilterChain.java:132)
	at org.apache.tomcat.websocket.server.WsFilter.doFilter(WsFilter.java:59)
	at org.apache.catalina.core.ApplicationFilterChain.doFilter(ApplicationFilterChain.java:111)
	at org.springframework.web.filter.OncePerRequestFilter.doFilter(OncePerRequestFilter.java:110)
	at org.apache.catalina.core.ApplicationFilterChain.doFilter(ApplicationFilterChain.java:111)
	at org.springframework.web.filter.CompositeFilter$VirtualFilterChain.doFilter(CompositeFilter.java:108)
	at org.springframework.security.web.FilterChainProxy.lambda$doFilterInternal$2(FilterChainProxy.java:235)
	at org.springframework.security.web.FilterChainProxy$VirtualFilterChain.doFilter(FilterChainProxy.java:376)
	at org.springframework.security.web.access.intercept.AuthorizationFilter.doFilter(AuthorizationFilter.java:101)
	at org.springframework.security.web.FilterChainProxy$VirtualFilterChain.doFilter(FilterChainProxy.java:385)
	at org.springframework.security.web.access.ExceptionTranslationFilter.doFilter(ExceptionTranslationFilter.java:126)
	at org.springframework.security.web.access.ExceptionTranslationFilter.doFilter(ExceptionTranslationFilter.java:120)
	at org.springframework.security.web.FilterChainProxy$VirtualFilterChain.doFilter(FilterChainProxy.java:385)
	at org.springframework.security.web.session.SessionManagementFilter.doFilter(SessionManagementFilter.java:132)
	at org.springframework.security.web.session.SessionManagementFilter.doFilter(SessionManagementFilter.java:86)
	at org.springframework.security.web.FilterChainProxy$VirtualFilterChain.doFilter(FilterChainProxy.java:385)
	at org.springframework.security.web.authentication.AnonymousAuthenticationFilter.doFilter(AnonymousAuthenticationFilter.java:100)
	at org.springframework.security.web.FilterChainProxy$VirtualFilterChain.doFilter(FilterChainProxy.java:385)
	at org.springframework.security.web.servletapi.SecurityContextHolderAwareRequestFilter.doFilter(SecurityContextHolderAwareRequestFilter.java:181)
	at org.springframework.security.web.FilterChainProxy$VirtualFilterChain.doFilter(FilterChainProxy.java:385)
	at org.springframework.security.web.savedrequest.RequestCacheAwareFilter.doFilter(RequestCacheAwareFilter.java:63)
	at org.springframework.security.web.FilterChainProxy$VirtualFilterChain.doFilter(FilterChainProxy.java:385)
	at com.patientmanagement.security.JwtAuthenticationFilter.doFilterInternal(JwtAuthenticationFilter.java:56)
	at org.springframework.web.filter.OncePerRequestFilter.doFilter(OncePerRequestFilter.java:116)
	at org.springframework.security.web.FilterChainProxy$VirtualFilterChain.doFilter(FilterChainProxy.java:385)
	at org.springframework.security.web.authentication.logout.LogoutFilter.doFilter(LogoutFilter.java:110)
	at org.springframework.security.web.authentication.logout.LogoutFilter.doFilter(LogoutFilter.java:96)
	at org.springframework.security.web.FilterChainProxy$VirtualFilterChain.doFilter(FilterChainProxy.java:385)
	at org.springframework.web.filter.CorsFilter.doFilterInternal(CorsFilter.java:91)
	at org.springframework.web.filter.OncePerRequestFilter.doFilter(OncePerRequestFilter.java:116)
	at org.springframework.security.web.FilterChainProxy$VirtualFilterChain.doFilter(FilterChainProxy.java:385)
	at org.springframework.security.web.header.HeaderWriterFilter.doHeadersAfter(HeaderWriterFilter.java:90)
	at org.springframework.security.web.header.HeaderWriterFilter.doFilterInternal(HeaderWriterFilter.java:75)
	at org.springframework.web.filter.OncePerRequestFilter.doFilter(OncePerRequestFilter.java:116)
	at org.springframework.security.web.FilterChainProxy$VirtualFilterChain.doFilter(FilterChainProxy.java:385)
	at org.springframework.security.web.context.SecurityContextHolderFilter.doFilter(SecurityContextHolderFilter.java:82)
	at org.springframework.security.web.context.SecurityContextHolderFilter.doFilter(SecurityContextHolderFilter.java:69)
	at org.springframework.security.web.FilterChainProxy$VirtualFilterChain.doFilter(FilterChainProxy.java:385)
	at org.springframework.security.web.context.request.async.WebAsyncManagerIntegrationFilter.doFilterInternal(WebAsyncManagerIntegrationFilter.java:62)
	at org.springframework.web.filter.OncePerRequestFilter.doFilter(OncePerRequestFilter.java:116)
	at org.springframework.security.web.FilterChainProxy$VirtualFilterChain.doFilter(FilterChainProxy.java:385)
	at org.springframework.security.web.session.DisableEncodeUrlFilter.doFilterInternal(DisableEncodeUrlFilter.java:42)
	at org.springframework.web.filter.OncePerRequestFilter.doFilter(OncePerRequestFilter.java:116)
	at org.springframework.security.web.FilterChainProxy$VirtualFilterChain.doFilter(FilterChainProxy.java:385)
	at org.springframework.security.web.FilterChainProxy.doFilterInternal(FilterChainProxy.java:237)
	at org.springframework.security.web.FilterChainProxy.doFilter(FilterChainProxy.java:195)
	at org.springframework.web.filter.CompositeFilter$VirtualFilterChain.doFilter(CompositeFilter.java:113)
	at org.springframework.web.filter.ServletRequestPathFilter.doFilter(ServletRequestPathFilter.java:52)
	at org.springframework.web.filter.CompositeFilter$VirtualFilterChain.doFilter(CompositeFilter.java:113)
	at org.springframework.web.filter.CompositeFilter.doFilter(CompositeFilter.java:74)
	at org.springframework.security.config.annotation.web.configuration.WebSecurityConfiguration$CompositeFilterChainProxy.doFilter(WebSecurityConfiguration.java:317)
	at org.springframework.web.filter.DelegatingFilterProxy.invokeDelegate(DelegatingFilterProxy.java:355)
	at org.springframework.web.filter.DelegatingFilterProxy.doFilter(DelegatingFilterProxy.java:272)
	at org.apache.catalina.core.ApplicationFilterChain.doFilter(ApplicationFilterChain.java:111)
	at org.springframework.web.filter.RequestContextFilter.doFilterInternal(RequestContextFilter.java:100)
	at org.springframework.web.filter.OncePerRequestFilter.doFilter(OncePerRequestFilter.java:116)
	at org.apache.catalina.core.ApplicationFilterChain.doFilter(ApplicationFilterChain.java:111)
	at org.springframework.web.filter.FormContentFilter.doFilterInternal(FormContentFilter.java:93)
	at org.springframework.web.filter.OncePerRequestFilter.doFilter(OncePerRequestFilter.java:116)
	at org.apache.catalina.core.ApplicationFilterChain.doFilter(ApplicationFilterChain.java:111)
	at org.springframework.web.filter.CharacterEncodingFilter.doFilterInternal(CharacterEncodingFilter.java:199)
	at org.springframework.web.filter.OncePerRequestFilter.doFilter(OncePerRequestFilter.java:116)
	at org.apache.catalina.core.ApplicationFilterChain.doFilter(ApplicationFilterChain.java:111)
	at org.apache.catalina.core.StandardWrapperValve.invoke(StandardWrapperValve.java:165)
	at org.apache.catalina.core.StandardContextValve.invoke(StandardContextValve.java:77)
	at org.apache.catalina.authenticator.AuthenticatorBase.invoke(AuthenticatorBase.java:535)
	at org.apache.catalina.core.StandardHostValve.invoke(StandardHostValve.java:115)
	at org.apache.catalina.valves.ErrorReportValve.invoke(ErrorReportValve.java:86)
	at org.apache.catalina.core.StandardEngineValve.invoke(StandardEngineValve.java:71)
	at org.apache.catalina.connector.CoyoteAdapter.service(CoyoteAdapter.java:347)
	at org.apache.coyote.http11.Http11Processor.service(Http11Processor.java:406)
	at org.apache.coyote.AbstractProcessorLight.process(AbstractProcessorLight.java:71)
	at org.apache.coyote.AbstractProtocol$ConnectionHandler.process(AbstractProtocol.java:1307)
	at org.apache.tomcat.util.net.NioEndpoint$SocketProcessor.doRun(NioEndpoint.java:2036)
	at org.apache.tomcat.util.net.SocketProcessorBase.run(SocketProcessorBase.java:74)
	at org.apache.tomcat.util.threads.ThreadPoolExecutor.runWorker(ThreadPoolExecutor.java:949)
	at org.apache.tomcat.util.threads.ThreadPoolExecutor$Worker.run(ThreadPoolExecutor.java:483)
	at org.apache.tomcat.util.threads.TaskThread$WrappingRunnable.run(TaskThread.java:74)
	at java.base/java.lang.Thread.run(Thread.java:1583)
2026-09-17 18:26:12 [http-nio-8080-exec-1] WARN  org.springframework.web.servlet.mvc.method.annotation.ExceptionHandlerExceptionResolver - Resolved [org.springframework.security.authentication.BadCredentialsException: Bad credentials]
2026-09-17 18:26:21 [http-nio-8080-exec-8] INFO  com.patientmanagement.service.AuthService - Login attempt received for email: avdhut@gmail.com
2026-09-17 18:26:21 [http-nio-8080-exec-8] INFO  com.patientmanagement.security.JwtService - Generating JWT token for user: avdhut@gmail.com with role: PATIENT
2026-09-17 18:26:21 [http-nio-8080-exec-8] INFO  com.patientmanagement.service.AuthService - Patient ID 16 found for user ID 6
2026-09-17 18:26:21 [http-nio-8080-exec-8] INFO  com.patientmanagement.service.AuthService - User logged in successfully with email: avdhut@gmail.com and role: PATIENT
2026-09-17 18:26:25 [http-nio-8080-exec-6] INFO  com.patientmanagement.controller.AppointmentController - GET /api/appointments - Fetching all appointments
2026-09-17 18:26:25 [http-nio-8080-exec-6] INFO  com.patientmanagement.service.AppointmentService - Fetching all appointments
2026-09-17 18:26:25 [http-nio-8080-exec-6] INFO  com.patientmanagement.service.AppointmentService - Found 8 appointments
2026-09-17 18:26:37 [http-nio-8080-exec-9] INFO  com.patientmanagement.controller.DoctorController - GET /api/doctors - Fetching all active doctors
2026-09-17 18:26:37 [http-nio-8080-exec-9] INFO  com.patientmanagement.service.DoctorService - Fetching all active doctors
2026-09-17 18:26:37 [http-nio-8080-exec-9] INFO  com.patientmanagement.service.DoctorService - Found 5 active doctors
2026-09-17 18:27:04 [http-nio-8080-exec-3] INFO  com.patientmanagement.controller.AppointmentController - POST /api/appointments - Creating appointment
2026-09-17 18:27:04 [http-nio-8080-exec-3] INFO  com.patientmanagement.service.AppointmentService - Creating appointment for patient id: 16 and doctor id: 30
2026-09-17 18:27:04 [http-nio-8080-exec-3] INFO  com.patientmanagement.service.AppointmentService - Appointment created successfully with id: 12
2026-09-17 18:27:04 [http-nio-8080-exec-7] INFO  com.patientmanagement.controller.AppointmentController - GET /api/appointments - Fetching all appointments
2026-09-17 18:27:04 [http-nio-8080-exec-7] INFO  com.patientmanagement.service.AppointmentService - Fetching all appointments
2026-09-17 18:27:04 [http-nio-8080-exec-7] INFO  com.patientmanagement.service.AppointmentService - Found 9 appointments
2026-09-17 18:27:29 [http-nio-8080-exec-1] INFO  com.patientmanagement.service.AuthService - Login attempt received for email: rohit@gmail.com
2026-09-17 18:27:29 [http-nio-8080-exec-1] INFO  com.patientmanagement.security.JwtService - Generating JWT token for user: rohit@gmail.com with role: DOCTOR
2026-09-17 18:27:29 [http-nio-8080-exec-1] INFO  com.patientmanagement.service.AuthService - User logged in successfully with email: rohit@gmail.com and role: DOCTOR
2026-09-17 18:27:29 [http-nio-8080-exec-3] INFO  com.patientmanagement.controller.PatientController - GET /api/patients - Fetching active patients
2026-09-17 18:27:29 [http-nio-8080-exec-3] INFO  com.patientmanagement.service.PatientService - Fetching all active patients
2026-09-17 18:27:29 [http-nio-8080-exec-4] INFO  com.patientmanagement.controller.DoctorController - GET /api/doctors - Fetching all active doctors
2026-09-17 18:27:29 [http-nio-8080-exec-4] INFO  com.patientmanagement.service.DoctorService - Fetching all active doctors
2026-09-17 18:27:29 [http-nio-8080-exec-7] INFO  com.patientmanagement.controller.AppointmentController - GET /api/appointments - Fetching all appointments
2026-09-17 18:27:29 [http-nio-8080-exec-7] INFO  com.patientmanagement.service.AppointmentService - Fetching all appointments
2026-09-17 18:27:29 [http-nio-8080-exec-3] INFO  com.patientmanagement.service.PatientService - Found 7 active patients
2026-09-17 18:27:29 [http-nio-8080-exec-4] INFO  com.patientmanagement.service.DoctorService - Found 5 active doctors
2026-09-17 18:27:29 [http-nio-8080-exec-2] INFO  com.patientmanagement.controller.PatientController - GET /api/patients - Fetching active patients
2026-09-17 18:27:29 [http-nio-8080-exec-2] INFO  com.patientmanagement.service.PatientService - Fetching all active patients
2026-09-17 18:27:29 [http-nio-8080-exec-2] INFO  com.patientmanagement.service.PatientService - Found 7 active patients
2026-09-17 18:27:29 [http-nio-8080-exec-7] INFO  com.patientmanagement.service.AppointmentService - Found 9 appointments
2026-09-17 18:27:29 [http-nio-8080-exec-8] INFO  com.patientmanagement.controller.AppointmentController - GET /api/appointments - Fetching all appointments
2026-09-17 18:27:29 [http-nio-8080-exec-8] INFO  com.patientmanagement.service.AppointmentService - Fetching all appointments
2026-09-17 18:27:29 [http-nio-8080-exec-8] INFO  com.patientmanagement.service.AppointmentService - Found 9 appointments
2026-09-17 18:27:29 [http-nio-8080-exec-6] INFO  com.patientmanagement.controller.AppointmentController - GET /api/appointments - Fetching all appointments
2026-09-17 18:27:29 [http-nio-8080-exec-6] INFO  com.patientmanagement.service.AppointmentService - Fetching all appointments
2026-09-17 18:27:29 [http-nio-8080-exec-6] INFO  com.patientmanagement.service.AppointmentService - Found 9 appointments
2026-09-17 18:27:29 [http-nio-8080-exec-5] INFO  com.patientmanagement.controller.AppointmentController - GET /api/appointments - Fetching all appointments
2026-09-17 18:27:29 [http-nio-8080-exec-5] INFO  com.patientmanagement.service.AppointmentService - Fetching all appointments
2026-09-17 18:27:29 [http-nio-8080-exec-5] INFO  com.patientmanagement.service.AppointmentService - Found 9 appointments
2026-09-17 18:33:03 [http-nio-8080-exec-5] INFO  com.patientmanagement.controller.PatientController - GET /api/patients - Fetching active patients
2026-09-17 18:33:03 [http-nio-8080-exec-10] INFO  com.patientmanagement.controller.AppointmentController - GET /api/appointments - Fetching all appointments
2026-09-17 18:33:03 [http-nio-8080-exec-5] INFO  com.patientmanagement.service.PatientService - Fetching all active patients
2026-09-17 18:33:03 [http-nio-8080-exec-10] INFO  com.patientmanagement.service.AppointmentService - Fetching all appointments
2026-09-17 18:33:03 [http-nio-8080-exec-4] INFO  com.patientmanagement.controller.DoctorController - GET /api/doctors - Fetching all active doctors
2026-09-17 18:33:03 [http-nio-8080-exec-4] INFO  com.patientmanagement.service.DoctorService - Fetching all active doctors
2026-09-17 18:33:03 [http-nio-8080-exec-5] INFO  com.patientmanagement.service.PatientService - Found 7 active patients
2026-09-17 18:33:03 [http-nio-8080-exec-4] INFO  com.patientmanagement.service.DoctorService - Found 5 active doctors
2026-09-17 18:33:03 [http-nio-8080-exec-9] INFO  com.patientmanagement.controller.PatientController - GET /api/patients - Fetching active patients
2026-09-17 18:33:03 [http-nio-8080-exec-9] INFO  com.patientmanagement.service.PatientService - Fetching all active patients
2026-09-17 18:33:03 [http-nio-8080-exec-9] INFO  com.patientmanagement.service.PatientService - Found 7 active patients
2026-09-17 18:33:03 [http-nio-8080-exec-10] INFO  com.patientmanagement.service.AppointmentService - Found 9 appointments
2026-09-17 18:33:03 [http-nio-8080-exec-1] INFO  com.patientmanagement.controller.AppointmentController - GET /api/appointments - Fetching all appointments
2026-09-17 18:33:03 [http-nio-8080-exec-1] INFO  com.patientmanagement.service.AppointmentService - Fetching all appointments
2026-09-17 18:33:03 [http-nio-8080-exec-1] INFO  com.patientmanagement.service.AppointmentService - Found 9 appointments
2026-09-17 18:33:03 [http-nio-8080-exec-7] INFO  com.patientmanagement.controller.AppointmentController - GET /api/appointments - Fetching all appointments
2026-09-17 18:33:03 [http-nio-8080-exec-7] INFO  com.patientmanagement.service.AppointmentService - Fetching all appointments
2026-09-17 18:33:03 [http-nio-8080-exec-7] INFO  com.patientmanagement.service.AppointmentService - Found 9 appointments
2026-09-17 18:33:03 [http-nio-8080-exec-6] INFO  com.patientmanagement.controller.AppointmentController - GET /api/appointments - Fetching all appointments
2026-09-17 18:33:03 [http-nio-8080-exec-6] INFO  com.patientmanagement.service.AppointmentService - Fetching all appointments
2026-09-17 18:33:03 [http-nio-8080-exec-6] INFO  com.patientmanagement.service.AppointmentService - Found 9 appointments
2026-09-17 18:41:23 [http-nio-8080-exec-7] INFO  com.patientmanagement.controller.PatientController - GET /api/patients - Fetching active patients
2026-09-17 18:41:23 [http-nio-8080-exec-5] INFO  com.patientmanagement.controller.DoctorController - GET /api/doctors - Fetching all active doctors
2026-09-17 18:41:23 [http-nio-8080-exec-4] INFO  com.patientmanagement.controller.AppointmentController - GET /api/appointments - Fetching all appointments
2026-09-17 18:41:23 [http-nio-8080-exec-7] INFO  com.patientmanagement.service.PatientService - Fetching all active patients
2026-09-17 18:41:23 [http-nio-8080-exec-5] INFO  com.patientmanagement.service.DoctorService - Fetching all active doctors
2026-09-17 18:41:23 [http-nio-8080-exec-4] INFO  com.patientmanagement.service.AppointmentService - Fetching all appointments
2026-09-17 18:41:23 [http-nio-8080-exec-5] INFO  com.patientmanagement.service.DoctorService - Found 5 active doctors
2026-09-17 18:41:23 [http-nio-8080-exec-7] INFO  com.patientmanagement.service.PatientService - Found 7 active patients
2026-09-17 18:41:23 [http-nio-8080-exec-8] INFO  com.patientmanagement.controller.PatientController - GET /api/patients - Fetching active patients
2026-09-17 18:41:23 [http-nio-8080-exec-8] INFO  com.patientmanagement.service.PatientService - Fetching all active patients
2026-09-17 18:41:23 [http-nio-8080-exec-8] INFO  com.patientmanagement.service.PatientService - Found 7 active patients
2026-09-17 18:41:23 [http-nio-8080-exec-4] INFO  com.patientmanagement.service.AppointmentService - Found 9 appointments
2026-09-17 18:41:23 [http-nio-8080-exec-10] INFO  com.patientmanagement.controller.AppointmentController - GET /api/appointments - Fetching all appointments
2026-09-17 18:41:23 [http-nio-8080-exec-10] INFO  com.patientmanagement.service.AppointmentService - Fetching all appointments
2026-09-17 18:41:23 [http-nio-8080-exec-10] INFO  com.patientmanagement.service.AppointmentService - Found 9 appointments
2026-09-17 18:41:23 [http-nio-8080-exec-1] INFO  com.patientmanagement.controller.AppointmentController - GET /api/appointments - Fetching all appointments
2026-09-17 18:41:23 [http-nio-8080-exec-1] INFO  com.patientmanagement.service.AppointmentService - Fetching all appointments
2026-09-17 18:41:23 [http-nio-8080-exec-1] INFO  com.patientmanagement.service.AppointmentService - Found 9 appointments
2026-09-17 18:41:23 [http-nio-8080-exec-6] INFO  com.patientmanagement.controller.AppointmentController - GET /api/appointments - Fetching all appointments
2026-09-17 18:41:23 [http-nio-8080-exec-6] INFO  com.patientmanagement.service.AppointmentService - Fetching all appointments
2026-09-17 18:41:23 [http-nio-8080-exec-6] INFO  com.patientmanagement.service.AppointmentService - Found 9 appointments
2026-09-17 18:41:27 [http-nio-8080-exec-5] INFO  com.patientmanagement.controller.PatientController - GET /api/patients - Fetching active patients
2026-09-17 18:41:27 [http-nio-8080-exec-5] INFO  com.patientmanagement.service.PatientService - Fetching all active patients
2026-09-17 18:41:27 [http-nio-8080-exec-5] INFO  com.patientmanagement.service.PatientService - Found 7 active patients
2026-09-17 18:41:27 [http-nio-8080-exec-7] INFO  com.patientmanagement.controller.AppointmentController - GET /api/appointments - Fetching all appointments
2026-09-17 18:41:27 [http-nio-8080-exec-2] INFO  com.patientmanagement.controller.DoctorController - GET /api/doctors - Fetching all active doctors
2026-09-17 18:41:27 [http-nio-8080-exec-2] INFO  com.patientmanagement.service.DoctorService - Fetching all active doctors
2026-09-17 18:41:27 [http-nio-8080-exec-7] INFO  com.patientmanagement.service.AppointmentService - Fetching all appointments
2026-09-17 18:41:27 [http-nio-8080-exec-2] INFO  com.patientmanagement.service.DoctorService - Found 5 active doctors
2026-09-17 18:41:27 [http-nio-8080-exec-9] INFO  com.patientmanagement.controller.PatientController - GET /api/patients - Fetching active patients
2026-09-17 18:41:27 [http-nio-8080-exec-9] INFO  com.patientmanagement.service.PatientService - Fetching all active patients
2026-09-17 18:41:27 [http-nio-8080-exec-9] INFO  com.patientmanagement.service.PatientService - Found 7 active patients
2026-09-17 18:41:27 [http-nio-8080-exec-7] INFO  com.patientmanagement.service.AppointmentService - Found 9 appointments
2026-09-17 18:41:27 [http-nio-8080-exec-4] INFO  com.patientmanagement.controller.AppointmentController - GET /api/appointments - Fetching all appointments
2026-09-17 18:41:27 [http-nio-8080-exec-4] INFO  com.patientmanagement.service.AppointmentService - Fetching all appointments
2026-09-17 18:41:27 [http-nio-8080-exec-4] INFO  com.patientmanagement.service.AppointmentService - Found 9 appointments
2026-09-17 18:41:27 [http-nio-8080-exec-10] INFO  com.patientmanagement.controller.AppointmentController - GET /api/appointments - Fetching all appointments
2026-09-17 18:41:27 [http-nio-8080-exec-10] INFO  com.patientmanagement.service.AppointmentService - Fetching all appointments
2026-09-17 18:41:27 [http-nio-8080-exec-10] INFO  com.patientmanagement.service.AppointmentService - Found 9 appointments
2026-09-17 18:41:27 [http-nio-8080-exec-1] INFO  com.patientmanagement.controller.AppointmentController - GET /api/appointments - Fetching all appointments
2026-09-17 18:41:27 [http-nio-8080-exec-1] INFO  com.patientmanagement.service.AppointmentService - Fetching all appointments
2026-09-17 18:41:27 [http-nio-8080-exec-1] INFO  com.patientmanagement.service.AppointmentService - Found 9 appointments
2026-09-17 18:42:00 [http-nio-8080-exec-3] INFO  com.patientmanagement.service.AuthService - Login attempt received for email: rohit@gmail.com
2026-09-17 18:42:00 [http-nio-8080-exec-3] INFO  com.patientmanagement.security.JwtService - Generating JWT token for user: rohit@gmail.com with role: DOCTOR
2026-09-17 18:42:00 [http-nio-8080-exec-3] INFO  com.patientmanagement.service.AuthService - User logged in successfully with email: rohit@gmail.com and role: DOCTOR
2026-09-17 18:42:00 [http-nio-8080-exec-4] INFO  com.patientmanagement.controller.PatientController - GET /api/patients - Fetching active patients
2026-09-17 18:42:00 [http-nio-8080-exec-6] INFO  com.patientmanagement.controller.DoctorController - GET /api/doctors - Fetching all active doctors
2026-09-17 18:42:00 [http-nio-8080-exec-4] INFO  com.patientmanagement.service.PatientService - Fetching all active patients
2026-09-17 18:42:00 [http-nio-8080-exec-6] INFO  com.patientmanagement.service.DoctorService - Fetching all active doctors
2026-09-17 18:42:00 [http-nio-8080-exec-1] INFO  com.patientmanagement.controller.AppointmentController - GET /api/appointments - Fetching all appointments
2026-09-17 18:42:00 [http-nio-8080-exec-1] INFO  com.patientmanagement.service.AppointmentService - Fetching all appointments
2026-09-17 18:42:00 [http-nio-8080-exec-4] INFO  com.patientmanagement.service.PatientService - Found 7 active patients
2026-09-17 18:42:00 [http-nio-8080-exec-6] INFO  com.patientmanagement.service.DoctorService - Found 5 active doctors
2026-09-17 18:42:00 [http-nio-8080-exec-3] INFO  com.patientmanagement.controller.PatientController - GET /api/patients - Fetching active patients
2026-09-17 18:42:00 [http-nio-8080-exec-3] INFO  com.patientmanagement.service.PatientService - Fetching all active patients
2026-09-17 18:42:00 [http-nio-8080-exec-3] INFO  com.patientmanagement.service.PatientService - Found 7 active patients
2026-09-17 18:42:00 [http-nio-8080-exec-1] INFO  com.patientmanagement.service.AppointmentService - Found 9 appointments
2026-09-17 18:42:00 [http-nio-8080-exec-5] INFO  com.patientmanagement.controller.AppointmentController - GET /api/appointments - Fetching all appointments
2026-09-17 18:42:00 [http-nio-8080-exec-5] INFO  com.patientmanagement.service.AppointmentService - Fetching all appointments
2026-09-17 18:42:00 [http-nio-8080-exec-5] INFO  com.patientmanagement.service.AppointmentService - Found 9 appointments
2026-09-17 18:42:00 [http-nio-8080-exec-9] INFO  com.patientmanagement.controller.AppointmentController - GET /api/appointments - Fetching all appointments
2026-09-17 18:42:00 [http-nio-8080-exec-9] INFO  com.patientmanagement.service.AppointmentService - Fetching all appointments
2026-09-17 18:42:00 [http-nio-8080-exec-9] INFO  com.patientmanagement.service.AppointmentService - Found 9 appointments
2026-09-17 18:42:00 [http-nio-8080-exec-8] INFO  com.patientmanagement.controller.AppointmentController - GET /api/appointments - Fetching all appointments
2026-09-17 18:42:00 [http-nio-8080-exec-8] INFO  com.patientmanagement.service.AppointmentService - Fetching all appointments
2026-09-17 18:42:00 [http-nio-8080-exec-8] INFO  com.patientmanagement.service.AppointmentService - Found 9 appointments
2026-09-17 18:44:43 [http-nio-8080-exec-8] INFO  com.patientmanagement.controller.AppointmentController - GET /api/appointments - Fetching all appointments
2026-09-17 18:44:43 [http-nio-8080-exec-8] INFO  com.patientmanagement.service.AppointmentService - Fetching all appointments
2026-09-17 18:44:43 [http-nio-8080-exec-7] INFO  com.patientmanagement.controller.DoctorController - GET /api/doctors - Fetching all active doctors
2026-09-17 18:44:43 [http-nio-8080-exec-7] INFO  com.patientmanagement.service.DoctorService - Fetching all active doctors
2026-09-17 18:44:43 [http-nio-8080-exec-9] INFO  com.patientmanagement.controller.PatientController - GET /api/patients - Fetching active patients
2026-09-17 18:44:43 [http-nio-8080-exec-9] INFO  com.patientmanagement.service.PatientService - Fetching all active patients
2026-09-17 18:44:43 [http-nio-8080-exec-7] INFO  com.patientmanagement.service.DoctorService - Found 5 active doctors
2026-09-17 18:44:43 [http-nio-8080-exec-9] INFO  com.patientmanagement.service.PatientService - Found 7 active patients
2026-09-17 18:44:43 [http-nio-8080-exec-4] INFO  com.patientmanagement.controller.PatientController - GET /api/patients - Fetching active patients
2026-09-17 18:44:43 [http-nio-8080-exec-4] INFO  com.patientmanagement.service.PatientService - Fetching all active patients
2026-09-17 18:44:43 [http-nio-8080-exec-4] INFO  com.patientmanagement.service.PatientService - Found 7 active patients
2026-09-17 18:44:43 [http-nio-8080-exec-8] INFO  com.patientmanagement.service.AppointmentService - Found 9 appointments
2026-09-17 18:44:43 [http-nio-8080-exec-3] INFO  com.patientmanagement.controller.AppointmentController - GET /api/appointments - Fetching all appointments
2026-09-17 18:44:43 [http-nio-8080-exec-3] INFO  com.patientmanagement.service.AppointmentService - Fetching all appointments
2026-09-17 18:44:43 [http-nio-8080-exec-3] INFO  com.patientmanagement.service.AppointmentService - Found 9 appointments
2026-09-17 18:44:43 [http-nio-8080-exec-2] INFO  com.patientmanagement.controller.AppointmentController - GET /api/appointments - Fetching all appointments
2026-09-17 18:44:43 [http-nio-8080-exec-2] INFO  com.patientmanagement.service.AppointmentService - Fetching all appointments
2026-09-17 18:44:43 [http-nio-8080-exec-2] INFO  com.patientmanagement.service.AppointmentService - Found 9 appointments
2026-09-17 18:44:43 [http-nio-8080-exec-5] INFO  com.patientmanagement.controller.AppointmentController - GET /api/appointments - Fetching all appointments
2026-09-17 18:44:43 [http-nio-8080-exec-5] INFO  com.patientmanagement.service.AppointmentService - Fetching all appointments
2026-09-17 18:44:43 [http-nio-8080-exec-5] INFO  com.patientmanagement.service.AppointmentService - Found 9 appointments
2026-09-17 18:44:44 [http-nio-8080-exec-7] INFO  com.patientmanagement.controller.PatientController - GET /api/patients - Fetching active patients
2026-09-17 18:44:44 [http-nio-8080-exec-7] INFO  com.patientmanagement.service.PatientService - Fetching all active patients
2026-09-17 18:44:44 [http-nio-8080-exec-7] INFO  com.patientmanagement.service.PatientService - Found 7 active patients
2026-09-17 18:44:44 [http-nio-8080-exec-1] INFO  com.patientmanagement.controller.AppointmentController - GET /api/appointments - Fetching all appointments
2026-09-17 18:44:44 [http-nio-8080-exec-1] INFO  com.patientmanagement.service.AppointmentService - Fetching all appointments
2026-09-17 18:44:44 [http-nio-8080-exec-9] INFO  com.patientmanagement.controller.DoctorController - GET /api/doctors - Fetching all active doctors
2026-09-17 18:44:44 [http-nio-8080-exec-9] INFO  com.patientmanagement.service.DoctorService - Fetching all active doctors
2026-09-17 18:44:44 [http-nio-8080-exec-9] INFO  com.patientmanagement.service.DoctorService - Found 5 active doctors
2026-09-17 18:44:44 [http-nio-8080-exec-1] INFO  com.patientmanagement.service.AppointmentService - Found 9 appointments
2026-09-17 18:44:44 [http-nio-8080-exec-4] INFO  com.patientmanagement.controller.PatientController - GET /api/patients - Fetching active patients
2026-09-17 18:44:44 [http-nio-8080-exec-4] INFO  com.patientmanagement.service.PatientService - Fetching all active patients
2026-09-17 18:44:44 [http-nio-8080-exec-4] INFO  com.patientmanagement.service.PatientService - Found 7 active patients
2026-09-17 18:44:44 [http-nio-8080-exec-8] INFO  com.patientmanagement.controller.AppointmentController - GET /api/appointments - Fetching all appointments
2026-09-17 18:44:44 [http-nio-8080-exec-8] INFO  com.patientmanagement.service.AppointmentService - Fetching all appointments
2026-09-17 18:44:44 [http-nio-8080-exec-8] INFO  com.patientmanagement.service.AppointmentService - Found 9 appointments
2026-09-17 18:44:44 [http-nio-8080-exec-3] INFO  com.patientmanagement.controller.AppointmentController - GET /api/appointments - Fetching all appointments
2026-09-17 18:44:44 [http-nio-8080-exec-3] INFO  com.patientmanagement.service.AppointmentService - Fetching all appointments
2026-09-17 18:44:44 [http-nio-8080-exec-3] INFO  com.patientmanagement.service.AppointmentService - Found 9 appointments
2026-09-17 18:44:44 [http-nio-8080-exec-2] INFO  com.patientmanagement.controller.AppointmentController - GET /api/appointments - Fetching all appointments
2026-09-17 18:44:44 [http-nio-8080-exec-2] INFO  com.patientmanagement.service.AppointmentService - Fetching all appointments
2026-09-17 18:44:44 [http-nio-8080-exec-2] INFO  com.patientmanagement.service.AppointmentService - Found 9 appointments
2026-09-17 18:46:42 [http-nio-8080-exec-8] INFO  com.patientmanagement.controller.PatientController - GET /api/patients - Fetching active patients
2026-09-17 18:46:42 [http-nio-8080-exec-8] INFO  com.patientmanagement.service.PatientService - Fetching all active patients
2026-09-17 18:46:42 [http-nio-8080-exec-2] INFO  com.patientmanagement.controller.AppointmentController - GET /api/appointments - Fetching all appointments
2026-09-17 18:46:42 [http-nio-8080-exec-2] INFO  com.patientmanagement.service.AppointmentService - Fetching all appointments
2026-09-17 18:46:42 [http-nio-8080-exec-8] INFO  com.patientmanagement.service.PatientService - Found 7 active patients
2026-09-17 18:46:42 [http-nio-8080-exec-7] INFO  com.patientmanagement.controller.DoctorController - GET /api/doctors - Fetching all active doctors
2026-09-17 18:46:42 [http-nio-8080-exec-7] INFO  com.patientmanagement.service.DoctorService - Fetching all active doctors
2026-09-17 18:46:42 [http-nio-8080-exec-7] INFO  com.patientmanagement.service.DoctorService - Found 5 active doctors
2026-09-17 18:46:42 [http-nio-8080-exec-10] INFO  com.patientmanagement.controller.PatientController - GET /api/patients - Fetching active patients
2026-09-17 18:46:42 [http-nio-8080-exec-10] INFO  com.patientmanagement.service.PatientService - Fetching all active patients
2026-09-17 18:46:42 [http-nio-8080-exec-10] INFO  com.patientmanagement.service.PatientService - Found 7 active patients
2026-09-17 18:46:42 [http-nio-8080-exec-2] INFO  com.patientmanagement.service.AppointmentService - Found 9 appointments
2026-09-17 18:46:42 [http-nio-8080-exec-1] INFO  com.patientmanagement.controller.AppointmentController - GET /api/appointments - Fetching all appointments
2026-09-17 18:46:42 [http-nio-8080-exec-1] INFO  com.patientmanagement.service.AppointmentService - Fetching all appointments
2026-09-17 18:46:42 [http-nio-8080-exec-1] INFO  com.patientmanagement.service.AppointmentService - Found 9 appointments
2026-09-17 18:46:42 [http-nio-8080-exec-4] INFO  com.patientmanagement.controller.AppointmentController - GET /api/appointments - Fetching all appointments
2026-09-17 18:46:42 [http-nio-8080-exec-4] INFO  com.patientmanagement.service.AppointmentService - Fetching all appointments
2026-09-17 18:46:42 [http-nio-8080-exec-4] INFO  com.patientmanagement.service.AppointmentService - Found 9 appointments
2026-09-17 18:46:42 [http-nio-8080-exec-3] INFO  com.patientmanagement.controller.AppointmentController - GET /api/appointments - Fetching all appointments
2026-09-17 18:46:42 [http-nio-8080-exec-3] INFO  com.patientmanagement.service.AppointmentService - Fetching all appointments
2026-09-17 18:46:42 [http-nio-8080-exec-3] INFO  com.patientmanagement.service.AppointmentService - Found 9 appointments
2026-09-17 18:50:09 [http-nio-8080-exec-8] INFO  com.patientmanagement.controller.DoctorController - GET /api/doctors - Fetching all active doctors
2026-09-17 18:50:09 [http-nio-8080-exec-8] INFO  com.patientmanagement.service.DoctorService - Fetching all active doctors
2026-09-17 18:50:09 [http-nio-8080-exec-3] INFO  com.patientmanagement.controller.PatientController - GET /api/patients - Fetching active patients
2026-09-17 18:50:09 [http-nio-8080-exec-4] INFO  com.patientmanagement.controller.AppointmentController - GET /api/appointments - Fetching all appointments
2026-09-17 18:50:09 [http-nio-8080-exec-3] INFO  com.patientmanagement.service.PatientService - Fetching all active patients
2026-09-17 18:50:09 [http-nio-8080-exec-4] INFO  com.patientmanagement.service.AppointmentService - Fetching all appointments
2026-09-17 18:50:09 [http-nio-8080-exec-8] INFO  com.patientmanagement.service.DoctorService - Found 5 active doctors
2026-09-17 18:50:09 [http-nio-8080-exec-3] INFO  com.patientmanagement.service.PatientService - Found 7 active patients
2026-09-17 18:50:09 [http-nio-8080-exec-6] INFO  com.patientmanagement.controller.PatientController - GET /api/patients - Fetching active patients
2026-09-17 18:50:09 [http-nio-8080-exec-6] INFO  com.patientmanagement.service.PatientService - Fetching all active patients
2026-09-17 18:50:09 [http-nio-8080-exec-6] INFO  com.patientmanagement.service.PatientService - Found 7 active patients
2026-09-17 18:50:09 [http-nio-8080-exec-4] INFO  com.patientmanagement.service.AppointmentService - Found 9 appointments
2026-09-17 18:50:09 [http-nio-8080-exec-10] INFO  com.patientmanagement.controller.AppointmentController - GET /api/appointments - Fetching all appointments
2026-09-17 18:50:09 [http-nio-8080-exec-10] INFO  com.patientmanagement.service.AppointmentService - Fetching all appointments
2026-09-17 18:50:09 [http-nio-8080-exec-10] INFO  com.patientmanagement.service.AppointmentService - Found 9 appointments
2026-09-17 18:50:09 [http-nio-8080-exec-2] INFO  com.patientmanagement.controller.AppointmentController - GET /api/appointments - Fetching all appointments
2026-09-17 18:50:09 [http-nio-8080-exec-2] INFO  com.patientmanagement.service.AppointmentService - Fetching all appointments
2026-09-17 18:50:09 [http-nio-8080-exec-2] INFO  com.patientmanagement.service.AppointmentService - Found 9 appointments
2026-09-17 18:50:09 [http-nio-8080-exec-9] INFO  com.patientmanagement.controller.AppointmentController - GET /api/appointments - Fetching all appointments
2026-09-17 18:50:09 [http-nio-8080-exec-9] INFO  com.patientmanagement.service.AppointmentService - Fetching all appointments
2026-09-17 18:50:09 [http-nio-8080-exec-9] INFO  com.patientmanagement.service.AppointmentService - Found 9 appointments
2026-09-17 18:50:13 [HikariPool-1:housekeeper] WARN  com.zaxxer.hikari.pool.HikariPool - HikariPool-1 - Thread starvation or clock leap detected (housekeeper delta=1m28s282ms618µs500ns).
2026-09-17 18:56:34 [http-nio-8080-exec-4] INFO  com.patientmanagement.service.AuthService - Login attempt received for email: admin@gmail.com
2026-09-17 18:56:35 [http-nio-8080-exec-4] INFO  com.patientmanagement.security.JwtService - Generating JWT token for user: admin@gmail.com with role: ADMIN
2026-09-17 18:56:35 [http-nio-8080-exec-4] INFO  com.patientmanagement.service.AuthService - User logged in successfully with email: admin@gmail.com and role: ADMIN
2026-09-17 18:56:38 [http-nio-8080-exec-10] INFO  com.patientmanagement.controller.DoctorController - GET /api/doctors - Fetching all active doctors
2026-09-17 18:56:38 [http-nio-8080-exec-10] INFO  com.patientmanagement.service.DoctorService - Fetching all active doctors
2026-09-17 18:56:38 [http-nio-8080-exec-10] INFO  com.patientmanagement.service.DoctorService - Found 5 active doctors
2026-09-17 18:56:39 [http-nio-8080-exec-9] INFO  com.patientmanagement.controller.PatientController - GET /api/patients - Fetching active patients
2026-09-17 18:56:39 [http-nio-8080-exec-9] INFO  com.patientmanagement.service.PatientService - Fetching all active patients
2026-09-17 18:56:39 [http-nio-8080-exec-9] INFO  com.patientmanagement.service.PatientService - Found 7 active patients
2026-09-17 18:56:40 [http-nio-8080-exec-5] INFO  com.patientmanagement.controller.PatientController - GET /api/patients - Fetching active patients
2026-09-17 18:56:40 [http-nio-8080-exec-5] INFO  com.patientmanagement.service.PatientService - Fetching all active patients
2026-09-17 18:56:40 [http-nio-8080-exec-5] INFO  com.patientmanagement.service.PatientService - Found 7 active patients
2026-09-17 18:56:40 [http-nio-8080-exec-1] INFO  com.patientmanagement.controller.AppointmentController - GET /api/appointments - Fetching all appointments
2026-09-17 18:56:40 [http-nio-8080-exec-8] INFO  com.patientmanagement.controller.DoctorController - GET /api/doctors - Fetching all active doctors
2026-09-17 18:56:40 [http-nio-8080-exec-1] INFO  com.patientmanagement.service.AppointmentService - Fetching all appointments
2026-09-17 18:56:40 [http-nio-8080-exec-8] INFO  com.patientmanagement.service.DoctorService - Fetching all active doctors
2026-09-17 18:56:40 [http-nio-8080-exec-8] INFO  com.patientmanagement.service.DoctorService - Found 5 active doctors
2026-09-17 18:56:40 [http-nio-8080-exec-1] INFO  com.patientmanagement.service.AppointmentService - Found 9 appointments
2026-09-17 18:57:12 [http-nio-8080-exec-10] INFO  com.patientmanagement.service.AuthService - Login attempt received for email: avdhut@gmail.com
2026-09-17 18:57:12 [http-nio-8080-exec-10] INFO  com.patientmanagement.security.JwtService - Generating JWT token for user: avdhut@gmail.com with role: PATIENT
2026-09-17 18:57:12 [http-nio-8080-exec-10] INFO  com.patientmanagement.service.AuthService - Patient ID 16 found for user ID 6
2026-09-17 18:57:12 [http-nio-8080-exec-10] INFO  com.patientmanagement.service.AuthService - User logged in successfully with email: avdhut@gmail.com and role: PATIENT
2026-09-17 18:57:17 [http-nio-8080-exec-9] INFO  com.patientmanagement.controller.DoctorController - GET /api/doctors - Fetching all active doctors
2026-09-17 18:57:17 [http-nio-8080-exec-9] INFO  com.patientmanagement.service.DoctorService - Fetching all active doctors
2026-09-17 18:57:17 [http-nio-8080-exec-9] INFO  com.patientmanagement.service.DoctorService - Found 5 active doctors
2026-09-17 18:57:21 [http-nio-8080-exec-3] INFO  com.patientmanagement.controller.DoctorController - GET /api/doctors - Fetching all active doctors
2026-09-17 18:57:21 [http-nio-8080-exec-3] INFO  com.patientmanagement.service.DoctorService - Fetching all active doctors
2026-09-17 18:57:21 [http-nio-8080-exec-3] INFO  com.patientmanagement.service.DoctorService - Found 5 active doctors
2026-09-17 18:57:47 [http-nio-8080-exec-6] INFO  com.patientmanagement.service.AuthService - Login attempt received for email: rohit@gmail.com
2026-09-17 18:57:47 [http-nio-8080-exec-6] INFO  com.patientmanagement.security.JwtService - Generating JWT token for user: rohit@gmail.com with role: DOCTOR
2026-09-17 18:57:47 [http-nio-8080-exec-6] INFO  com.patientmanagement.service.AuthService - User logged in successfully with email: rohit@gmail.com and role: DOCTOR
2026-09-17 18:57:47 [http-nio-8080-exec-9] INFO  com.patientmanagement.controller.PatientController - GET /api/patients - Fetching active patients
2026-09-17 18:57:47 [http-nio-8080-exec-9] INFO  com.patientmanagement.service.PatientService - Fetching all active patients
2026-09-17 18:57:47 [http-nio-8080-exec-8] INFO  com.patientmanagement.controller.AppointmentController - GET /api/appointments - Fetching all appointments
2026-09-17 18:57:47 [http-nio-8080-exec-8] INFO  com.patientmanagement.service.AppointmentService - Fetching all appointments
2026-09-17 18:57:47 [http-nio-8080-exec-1] INFO  com.patientmanagement.controller.DoctorController - GET /api/doctors - Fetching all active doctors
2026-09-17 18:57:47 [http-nio-8080-exec-1] INFO  com.patientmanagement.service.DoctorService - Fetching all active doctors
2026-09-17 18:57:47 [http-nio-8080-exec-9] INFO  com.patientmanagement.service.PatientService - Found 7 active patients
2026-09-17 18:57:47 [http-nio-8080-exec-1] INFO  com.patientmanagement.service.DoctorService - Found 5 active doctors
2026-09-17 18:57:47 [http-nio-8080-exec-4] INFO  com.patientmanagement.controller.PatientController - GET /api/patients - Fetching active patients
2026-09-17 18:57:47 [http-nio-8080-exec-4] INFO  com.patientmanagement.service.PatientService - Fetching all active patients
2026-09-17 18:57:47 [http-nio-8080-exec-4] INFO  com.patientmanagement.service.PatientService - Found 7 active patients
2026-09-17 18:57:47 [http-nio-8080-exec-8] INFO  com.patientmanagement.service.AppointmentService - Found 9 appointments
2026-09-17 18:57:47 [http-nio-8080-exec-7] INFO  com.patientmanagement.controller.AppointmentController - GET /api/appointments - Fetching all appointments
2026-09-17 18:57:47 [http-nio-8080-exec-7] INFO  com.patientmanagement.service.AppointmentService - Fetching all appointments
2026-09-17 18:57:47 [http-nio-8080-exec-7] INFO  com.patientmanagement.service.AppointmentService - Found 9 appointments
2026-09-17 18:57:47 [http-nio-8080-exec-7] INFO  com.patientmanagement.controller.AppointmentController - GET /api/appointments - Fetching all appointments
2026-09-17 18:57:47 [http-nio-8080-exec-7] INFO  com.patientmanagement.service.AppointmentService - Fetching all appointments
2026-09-17 18:57:47 [http-nio-8080-exec-7] INFO  com.patientmanagement.service.AppointmentService - Found 9 appointments
2026-09-17 18:57:47 [http-nio-8080-exec-3] INFO  com.patientmanagement.controller.AppointmentController - GET /api/appointments - Fetching all appointments
2026-09-17 18:57:47 [http-nio-8080-exec-3] INFO  com.patientmanagement.service.AppointmentService - Fetching all appointments
2026-09-17 18:57:47 [http-nio-8080-exec-3] INFO  com.patientmanagement.service.AppointmentService - Found 9 appointments
2026-09-17 18:58:15 [http-nio-8080-exec-9] INFO  com.patientmanagement.service.AuthService - Login attempt received for email: admin@gmail.com
2026-09-17 18:58:15 [http-nio-8080-exec-9] INFO  com.patientmanagement.security.JwtService - Generating JWT token for user: admin@gmail.com with role: ADMIN
2026-09-17 18:58:15 [http-nio-8080-exec-9] INFO  com.patientmanagement.service.AuthService - User logged in successfully with email: admin@gmail.com and role: ADMIN
2026-09-17 18:58:29 [http-nio-8080-exec-1] INFO  com.patientmanagement.service.AuthService - Login attempt received for email: avdhut@gmail.com
2026-09-17 18:58:29 [http-nio-8080-exec-1] INFO  com.patientmanagement.security.JwtService - Generating JWT token for user: avdhut@gmail.com with role: PATIENT
2026-09-17 18:58:29 [http-nio-8080-exec-1] INFO  com.patientmanagement.service.AuthService - Patient ID 16 found for user ID 6
2026-09-17 18:58:29 [http-nio-8080-exec-1] INFO  com.patientmanagement.service.AuthService - User logged in successfully with email: avdhut@gmail.com and role: PATIENT
2026-09-17 19:03:15 [http-nio-8080-exec-5] INFO  com.patientmanagement.controller.DoctorController - GET /api/doctors - Fetching all active doctors
2026-09-17 19:03:15 [http-nio-8080-exec-5] INFO  com.patientmanagement.service.DoctorService - Fetching all active doctors
2026-09-17 19:03:15 [http-nio-8080-exec-5] INFO  com.patientmanagement.service.DoctorService - Found 5 active doctors
2026-09-17 19:03:19 [http-nio-8080-exec-9] INFO  com.patientmanagement.controller.DoctorController - GET /api/doctors - Fetching all active doctors
2026-09-17 19:03:19 [http-nio-8080-exec-9] INFO  com.patientmanagement.service.DoctorService - Fetching all active doctors
2026-09-17 19:03:19 [http-nio-8080-exec-9] INFO  com.patientmanagement.service.DoctorService - Found 5 active doctors
2026-09-17 19:03:22 [http-nio-8080-exec-1] INFO  com.patientmanagement.controller.AppointmentController - GET /api/appointments - Fetching all appointments
2026-09-17 19:03:22 [http-nio-8080-exec-1] INFO  com.patientmanagement.service.AppointmentService - Fetching all appointments
2026-09-17 19:03:22 [http-nio-8080-exec-1] INFO  com.patientmanagement.service.AppointmentService - Found 9 appointments
2026-09-17 19:34:55 [http-nio-8080-exec-7] INFO  com.patientmanagement.service.AuthService - Login attempt received for email: admin@gmail.com
2026-09-17 19:34:55 [http-nio-8080-exec-7] INFO  com.patientmanagement.security.JwtService - Generating JWT token for user: admin@gmail.com with role: ADMIN
2026-09-17 19:34:55 [http-nio-8080-exec-7] INFO  com.patientmanagement.service.AuthService - User logged in successfully with email: admin@gmail.com and role: ADMIN
2026-09-17 19:34:58 [http-nio-8080-exec-5] INFO  com.patientmanagement.controller.DoctorController - GET /api/doctors - Fetching all active doctors
2026-09-17 19:34:58 [http-nio-8080-exec-5] INFO  com.patientmanagement.service.DoctorService - Fetching all active doctors
2026-09-17 19:34:58 [http-nio-8080-exec-5] INFO  com.patientmanagement.service.DoctorService - Found 5 active doctors
2026-09-17 19:34:59 [http-nio-8080-exec-10] INFO  com.patientmanagement.controller.PatientController - GET /api/patients - Fetching active patients
2026-09-17 19:34:59 [http-nio-8080-exec-10] INFO  com.patientmanagement.service.PatientService - Fetching all active patients
2026-09-17 19:34:59 [http-nio-8080-exec-10] INFO  com.patientmanagement.service.PatientService - Found 7 active patients
2026-09-17 19:35:01 [http-nio-8080-exec-4] INFO  com.patientmanagement.controller.PatientController - GET /api/patients - Fetching active patients
2026-09-17 19:35:01 [http-nio-8080-exec-4] INFO  com.patientmanagement.service.PatientService - Fetching all active patients
2026-09-17 19:35:01 [http-nio-8080-exec-8] INFO  com.patientmanagement.controller.DoctorController - GET /api/doctors - Fetching all active doctors
2026-09-17 19:35:01 [http-nio-8080-exec-7] INFO  com.patientmanagement.controller.AppointmentController - GET /api/appointments - Fetching all appointments
2026-09-17 19:35:01 [http-nio-8080-exec-8] INFO  com.patientmanagement.service.DoctorService - Fetching all active doctors
2026-09-17 19:35:01 [http-nio-8080-exec-7] INFO  com.patientmanagement.service.AppointmentService - Fetching all appointments
2026-09-17 19:35:01 [http-nio-8080-exec-8] INFO  com.patientmanagement.service.DoctorService - Found 5 active doctors
2026-09-17 19:35:01 [http-nio-8080-exec-4] INFO  com.patientmanagement.service.PatientService - Found 7 active patients
2026-09-17 19:35:01 [http-nio-8080-exec-7] INFO  com.patientmanagement.service.AppointmentService - Found 9 appointments
2026-09-17 19:35:02 [http-nio-8080-exec-3] INFO  com.patientmanagement.controller.PatientController - GET /api/patients - Fetching active patients
2026-09-17 19:35:02 [http-nio-8080-exec-3] INFO  com.patientmanagement.service.PatientService - Fetching all active patients
2026-09-17 19:35:02 [http-nio-8080-exec-3] INFO  com.patientmanagement.service.PatientService - Found 7 active patients
2026-09-17 19:37:41 [http-nio-8080-exec-7] INFO  com.patientmanagement.controller.AppointmentController - GET /api/appointments - Fetching all appointments
2026-09-17 19:37:41 [http-nio-8080-exec-4] INFO  com.patientmanagement.controller.DoctorController - GET /api/doctors - Fetching all active doctors
2026-09-17 19:37:41 [http-nio-8080-exec-8] INFO  com.patientmanagement.controller.PatientController - GET /api/patients - Fetching active patients
2026-09-17 19:37:41 [http-nio-8080-exec-4] INFO  com.patientmanagement.service.DoctorService - Fetching all active doctors
2026-09-17 19:37:41 [http-nio-8080-exec-7] INFO  com.patientmanagement.service.AppointmentService - Fetching all appointments
2026-09-17 19:37:41 [http-nio-8080-exec-8] INFO  com.patientmanagement.service.PatientService - Fetching all active patients
2026-09-17 19:37:41 [http-nio-8080-exec-4] INFO  com.patientmanagement.service.DoctorService - Found 5 active doctors
2026-09-17 19:37:41 [http-nio-8080-exec-8] INFO  com.patientmanagement.service.PatientService - Found 7 active patients
2026-09-17 19:37:41 [http-nio-8080-exec-7] INFO  com.patientmanagement.service.AppointmentService - Found 9 appointments
2026-09-17 19:43:41 [http-nio-8080-exec-1] INFO  com.patientmanagement.service.AuthService - Login attempt received for email: admin@gmail.com
2026-09-17 19:43:42 [http-nio-8080-exec-1] INFO  com.patientmanagement.security.JwtService - Generating JWT token for user: admin@gmail.com with role: ADMIN
2026-09-17 19:43:42 [http-nio-8080-exec-1] INFO  com.patientmanagement.service.AuthService - User logged in successfully with email: admin@gmail.com and role: ADMIN
2026-09-17 19:43:43 [http-nio-8080-exec-2] INFO  com.patientmanagement.controller.DoctorController - GET /api/doctors - Fetching all active doctors
2026-09-17 19:43:43 [http-nio-8080-exec-2] INFO  com.patientmanagement.service.DoctorService - Fetching all active doctors
2026-09-17 19:43:43 [http-nio-8080-exec-2] INFO  com.patientmanagement.service.DoctorService - Found 5 active doctors
2026-09-17 19:43:48 [http-nio-8080-exec-4] INFO  com.patientmanagement.controller.PatientController - GET /api/patients - Fetching active patients
2026-09-17 19:43:48 [http-nio-8080-exec-4] INFO  com.patientmanagement.service.PatientService - Fetching all active patients
2026-09-17 19:43:48 [http-nio-8080-exec-4] INFO  com.patientmanagement.service.PatientService - Found 7 active patients
2026-09-17 19:49:04 [http-nio-8080-exec-3] INFO  com.patientmanagement.service.AuthService - Login attempt received for email: admin@gmail.com
2026-09-17 19:49:04 [http-nio-8080-exec-3] INFO  com.patientmanagement.security.JwtService - Generating JWT token for user: admin@gmail.com with role: ADMIN
2026-09-17 19:49:04 [http-nio-8080-exec-3] INFO  com.patientmanagement.service.AuthService - User logged in successfully with email: admin@gmail.com and role: ADMIN
2026-09-17 19:49:06 [http-nio-8080-exec-10] INFO  com.patientmanagement.controller.DoctorController - GET /api/doctors - Fetching all active doctors
2026-09-17 19:49:06 [http-nio-8080-exec-10] INFO  com.patientmanagement.service.DoctorService - Fetching all active doctors
2026-09-17 19:49:06 [http-nio-8080-exec-10] INFO  com.patientmanagement.service.DoctorService - Found 5 active doctors
2026-09-17 19:49:07 [http-nio-8080-exec-6] INFO  com.patientmanagement.controller.PatientController - GET /api/patients - Fetching active patients
2026-09-17 19:49:07 [http-nio-8080-exec-6] INFO  com.patientmanagement.service.PatientService - Fetching all active patients
2026-09-17 19:49:07 [http-nio-8080-exec-6] INFO  com.patientmanagement.service.PatientService - Found 7 active patients
2026-09-17 19:50:17 [http-nio-8080-exec-4] INFO  com.patientmanagement.controller.PatientController - POST /api/patients - Creating patient
2026-09-17 19:50:17 [http-nio-8080-exec-4] INFO  com.patientmanagement.service.PatientService - Creating patient with name: Xyz
2026-09-17 19:50:17 [http-nio-8080-exec-4] INFO  com.patientmanagement.service.PatientService - Patient created successfully with id: 17
2026-09-17 19:50:36 [http-nio-8080-exec-9] INFO  com.patientmanagement.controller.PatientController - PUT /api/patients/17 - Updating patient
2026-09-17 19:50:36 [http-nio-8080-exec-9] INFO  com.patientmanagement.service.PatientService - Updating patient with id: 17
2026-09-17 19:50:36 [http-nio-8080-exec-9] INFO  com.patientmanagement.service.PatientService - Patient updated successfully with id: 17
2026-09-17 19:50:51 [http-nio-8080-exec-5] INFO  com.patientmanagement.service.AuthService - Login attempt received for email: rohit@gmail.com
2026-09-17 19:50:51 [http-nio-8080-exec-5] INFO  com.patientmanagement.security.JwtService - Generating JWT token for user: rohit@gmail.com with role: DOCTOR
2026-09-17 19:50:51 [http-nio-8080-exec-5] INFO  com.patientmanagement.service.AuthService - User logged in successfully with email: rohit@gmail.com and role: DOCTOR
2026-09-17 19:50:51 [http-nio-8080-exec-3] INFO  com.patientmanagement.controller.DoctorController - GET /api/doctors - Fetching all active doctors
2026-09-17 19:50:51 [http-nio-8080-exec-3] INFO  com.patientmanagement.service.DoctorService - Fetching all active doctors
2026-09-17 19:50:51 [http-nio-8080-exec-7] INFO  com.patientmanagement.controller.AppointmentController - GET /api/appointments - Fetching all appointments
2026-09-17 19:50:51 [http-nio-8080-exec-7] INFO  com.patientmanagement.service.AppointmentService - Fetching all appointments
2026-09-17 19:50:51 [http-nio-8080-exec-9] INFO  com.patientmanagement.controller.PatientController - GET /api/patients - Fetching active patients
2026-09-17 19:50:51 [http-nio-8080-exec-9] INFO  com.patientmanagement.service.PatientService - Fetching all active patients
2026-09-17 19:50:51 [http-nio-8080-exec-3] INFO  com.patientmanagement.service.DoctorService - Found 5 active doctors
2026-09-17 19:50:51 [http-nio-8080-exec-9] INFO  com.patientmanagement.service.PatientService - Found 8 active patients
2026-09-17 19:50:52 [http-nio-8080-exec-7] INFO  com.patientmanagement.service.AppointmentService - Found 9 appointments
2026-09-17 19:50:52 [http-nio-8080-exec-5] INFO  com.patientmanagement.controller.PatientController - GET /api/patients - Fetching active patients
2026-09-17 19:50:52 [http-nio-8080-exec-5] INFO  com.patientmanagement.service.PatientService - Fetching all active patients
2026-09-17 19:50:52 [http-nio-8080-exec-5] INFO  com.patientmanagement.service.PatientService - Found 8 active patients
2026-09-17 19:50:52 [http-nio-8080-exec-10] INFO  com.patientmanagement.controller.AppointmentController - GET /api/appointments - Fetching all appointments
2026-09-17 19:50:52 [http-nio-8080-exec-10] INFO  com.patientmanagement.service.AppointmentService - Fetching all appointments
2026-09-17 19:50:52 [http-nio-8080-exec-10] INFO  com.patientmanagement.service.AppointmentService - Found 9 appointments
2026-09-17 19:50:52 [http-nio-8080-exec-2] INFO  com.patientmanagement.controller.AppointmentController - GET /api/appointments - Fetching all appointments
2026-09-17 19:50:52 [http-nio-8080-exec-2] INFO  com.patientmanagement.service.AppointmentService - Fetching all appointments
2026-09-17 19:50:52 [http-nio-8080-exec-2] INFO  com.patientmanagement.service.AppointmentService - Found 9 appointments
2026-09-17 19:50:52 [http-nio-8080-exec-1] INFO  com.patientmanagement.controller.AppointmentController - GET /api/appointments - Fetching all appointments
2026-09-17 19:50:52 [http-nio-8080-exec-1] INFO  com.patientmanagement.service.AppointmentService - Fetching all appointments
2026-09-17 19:50:52 [http-nio-8080-exec-1] INFO  com.patientmanagement.service.AppointmentService - Found 9 appointments
2026-09-17 19:51:47 [http-nio-8080-exec-4] INFO  com.patientmanagement.service.AuthService - Login attempt received for email: avdhut@gmail.com
2026-09-17 19:51:47 [http-nio-8080-exec-4] INFO  com.patientmanagement.security.JwtService - Generating JWT token for user: avdhut@gmail.com with role: PATIENT
2026-09-17 19:51:47 [http-nio-8080-exec-4] INFO  com.patientmanagement.service.AuthService - Patient ID 16 found for user ID 6
2026-09-17 19:51:47 [http-nio-8080-exec-4] INFO  com.patientmanagement.service.AuthService - User logged in successfully with email: avdhut@gmail.com and role: PATIENT
2026-09-17 19:52:02 [http-nio-8080-exec-10] INFO  com.patientmanagement.controller.DoctorController - GET /api/doctors - Fetching all active doctors
2026-09-17 19:52:02 [http-nio-8080-exec-10] INFO  com.patientmanagement.service.DoctorService - Fetching all active doctors
2026-09-17 19:52:02 [http-nio-8080-exec-10] INFO  com.patientmanagement.service.DoctorService - Found 5 active doctors
2026-09-17 19:52:08 [http-nio-8080-exec-1] INFO  com.patientmanagement.controller.DoctorController - GET /api/doctors - Fetching all active doctors
2026-09-17 19:52:08 [http-nio-8080-exec-1] INFO  com.patientmanagement.service.DoctorService - Fetching all active doctors
2026-09-17 19:52:08 [http-nio-8080-exec-1] INFO  com.patientmanagement.service.DoctorService - Found 5 active doctors
2026-09-17 19:59:11 [SpringApplicationShutdownHook] INFO  org.springframework.boot.tomcat.GracefulShutdown - Commencing graceful shutdown. Waiting for active requests to complete
2026-09-17 19:59:11 [tomcat-shutdown] INFO  org.springframework.boot.tomcat.GracefulShutdown - Graceful shutdown complete
2026-09-17 19:59:11 [SpringApplicationShutdownHook] INFO  org.springframework.orm.jpa.LocalContainerEntityManagerFactoryBean - Closing JPA EntityManagerFactory for persistence unit 'default'
2026-09-17 19:59:11 [SpringApplicationShutdownHook] INFO  com.zaxxer.hikari.HikariDataSource - HikariPool-1 - Shutdown initiated...
2026-09-17 19:59:11 [SpringApplicationShutdownHook] INFO  com.zaxxer.hikari.HikariDataSource - HikariPool-1 - Shutdown completed.
